{"providers":[{"file":"char/black.png","chars":[""],"height":1,"ascent":-5000,"type":"bitmap"},{"file":"char/black.png","chars":[""],"height":2,"ascent":-5000,"type":"bitmap"},{"file":"char/black.png","chars":[""],"height":3,"ascent":-5000,"type":"bitmap"},{"file":"char/black.png","chars":[""],"height":4,"ascent":-5000,"type":"bitmap"},{"file":"char/black.png","chars":[""],"height":5,"ascent":-5000,"type":"bitmap"},{"file":"char/black.png","chars":[""],"height":6,"ascent":-5000,"type":"bitmap"},{"file":"char/black.png","chars":[""],"height":7,"ascent":-5000,"type":"bitmap"},{"file":"char/black.png","chars":[""],"height":15,"ascent":-5000,"type":"bitmap"},{"file":"char/black.png","chars":[""],"height":31,"ascent":-5000,"type":"bitmap"},{"file":"char/black.png","chars":[""],"height":63,"ascent":-5000,"type":"bitmap"},{"file":"char/black.png","chars":[""],"height":127,"ascent":-5000,"type":"bitmap"},{"file":"char/black.png","chars":[""],"height":256,"ascent":-5000,"type":"bitmap"},{"file":"char/black.png","chars":[""],"height":512,"ascent":-5000,"type":"bitmap"},{"file":"char/black.png","chars":[""],"height":1024,"ascent":-5000,"type":"bitmap"},{"file":"char/black.png","chars":[""],"height":-3,"ascent":-5000,"type":"bitmap"},{"file":"char/black.png","chars":[""],"height":-4,"ascent":-5000,"type":"bitmap"},{"file":"char/black.png","chars":[""],"height":-5,"ascent":-5000,"type":"bitmap"},{"file":"char/black.png","chars":[""],"height":-6,"ascent":-5000,"type":"bitmap"},{"file":"char/black.png","chars":[""],"height":-7,"ascent":-5000,"type":"bitmap"},{"file":"char/black.png","chars":[""],"height":-8,"ascent":-5000,"type":"bitmap"},{"file":"char/black.png","chars":[""],"height":-9,"ascent":-5000,"type":"bitmap"},{"file":"char/black.png","chars":[""],"height":-10,"ascent":-5000,"type":"bitmap"},{"file":"char/black.png","chars":[""],"height":-18,"ascent":-5000,"type":"bitmap"},{"file":"char/black.png","chars":[""],"height":-34,"ascent":-5000,"type":"bitmap"},{"file":"char/black.png","chars":[""],"height":-66,"ascent":-5000,"type":"bitmap"},{"file":"char/black.png","chars":[""],"height":-130,"ascent":-5000,"type":"bitmap"},{"file":"char/black.png","chars":[""],"height":-259,"ascent":-5000,"type":"bitmap"},{"file":"char/black.png","chars":[""],"height":-515,"ascent":-5000,"type":"bitmap"},{"file":"char/black.png","chars":[""],"height":-1027,"ascent":-5000,"type":"bitmap"},{"file":"terraecustom:font/emoji/emoji_angry.png","chars":[""],"height":9,"ascent":8,"type":"bitmap"},{"file":"terraecustom:font/emoji/emoji_crying.png","chars":[""],"height":9,"ascent":8,"type":"bitmap"},{"file":"terraecustom:font/emoji/emoji_earth.png","chars":[""],"height":9,"ascent":8,"type":"bitmap"},{"file":"terraecustom:font/emoji/emoji_furious.png","chars":[""],"height":9,"ascent":8,"type":"bitmap"},{"file":"terraecustom:font/emoji/emoji_happy.png","chars":[""],"height":9,"ascent":8,"type":"bitmap"},{"file":"terraecustom:font/emoji/emoji_heart_blue.png","chars":[""],"height":9,"ascent":8,"type":"bitmap"},{"file":"terraecustom:font/emoji/emoji_heart_green.png","chars":[""],"height":9,"ascent":8,"type":"bitmap"},{"file":"terraecustom:font/emoji/emoji_heart_purple.png","chars":[""],"height":9,"ascent":8,"type":"bitmap"},{"file":"terraecustom:font/emoji/emoji_heart_red.png","chars":[""],"height":9,"ascent":8,"type":"bitmap"},{"file":"terraecustom:font/emoji/emoji_heart_yellow.png","chars":[""],"height":9,"ascent":8,"type":"bitmap"},{"file":"terraecustom:font/emoji/emoji_imp_smile.png","chars":[""],"height":9,"ascent":8,"type":"bitmap"},{"file":"terraecustom:font/emoji/emoji_not_pleased.png","chars":[""],"height":9,"ascent":8,"type":"bitmap"},{"file":"terraecustom:font/emoji/emoji_poop.png","chars":[""],"height":9,"ascent":8,"type":"bitmap"},{"file":"terraecustom:font/emoji/emoji_sad.png","chars":[""],"height":9,"ascent":8,"type":"bitmap"},{"file":"terraecustom:font/emoji/emoji_skull.png","chars":[""],"height":9,"ascent":8,"type":"bitmap"},{"file":"terraecustom:font/emoji/emoji_smile.png","chars":[""],"height":9,"ascent":8,"type":"bitmap"},{"file":"terraecustom:font/emoji/emoji_suprised.png","chars":[""],"height":9,"ascent":8,"type":"bitmap"},{"file":"terraecustom:font/emoji/emoji_tears.png","chars":[""],"height":9,"ascent":8,"type":"bitmap"},{"file":"terraecustom:font/emoji/emoji_teeth_out.png","chars":[""],"height":9,"ascent":8,"type":"bitmap"},{"file":"terraecustom:font/emoji/emoji_tongue_out.png","chars":[""],"height":9,"ascent":8,"type":"bitmap"},{"file":"terraecustom:font/emoji/emoji_vomitting.png","chars":[""],"height":9,"ascent":8,"type":"bitmap"},{"file":"terraecustom:font/emoji/emoji_banana.png","chars":[""],"height":9,"ascent":8,"type":"bitmap"},{"file":"terraecustom:font/emoji/emoji_dog.png","chars":[""],"height":9,"ascent":8,"type":"bitmap"},{"file":"terraecustom:font/emoji/emoji_cat.png","chars":[""],"height":9,"ascent":8,"type":"bitmap"},{"file":"terraecustom:font/emoji/emoji_clown.png","chars":[""],"height":9,"ascent":8,"type":"bitmap"},{"file":"terraecustom:font/emoji/emoji_cold.png","chars":[""],"height":9,"ascent":8,"type":"bitmap"},{"file":"terraecustom:font/emoji/emoji_firework.png","chars":[""],"height":9,"ascent":8,"type":"bitmap"},{"file":"terraecustom:font/emoji/emoji_monkey.png","chars":[""],"height":9,"ascent":8,"type":"bitmap"},{"file":"terraecustom:font/emoji/emoji_cool.png","chars":[""],"height":9,"ascent":8,"type":"bitmap"},{"file":"terraecustom:font/emoji/emoji_facepalm.png","chars":[""],"height":9,"ascent":8,"type":"bitmap"},{"file":"terraecustom:font/emoji/emoji_fire.png","chars":[""],"height":9,"ascent":8,"type":"bitmap"},{"file":"terraecustom:font/emoji/emoji_handshake.png","chars":[""],"height":9,"ascent":8,"type":"bitmap"},{"file":"terraecustom:font/emoji/emoji_instagram.png","chars":[""],"height":9,"ascent":8,"type":"bitmap"},{"file":"terraecustom:font/emoji/emoji_mail.png","chars":[""],"height":9,"ascent":8,"type":"bitmap"},{"file":"terraecustom:font/emoji/emoji_money.png","chars":[""],"height":9,"ascent":8,"type":"bitmap"},{"file":"terraecustom:font/emoji/emoji_sleep.png","chars":[""],"height":9,"ascent":8,"type":"bitmap"},{"file":"terraecustom:font/emoji/emoji_strong.png","chars":[""],"height":9,"ascent":8,"type":"bitmap"},{"file":"terraecustom:font/emoji/emoji_tiktok.png","chars":[""],"height":9,"ascent":8,"type":"bitmap"},{"file":"terraecustom:font/emoji/emoji_toxic.png","chars":[""],"height":9,"ascent":8,"type":"bitmap"},{"file":"terraecustom:font/emoji/emoji_twitch.png","chars":[""],"height":9,"ascent":8,"type":"bitmap"},{"file":"terraecustom:font/emoji/emoji_twitter.png","chars":[""],"height":9,"ascent":8,"type":"bitmap"},{"file":"terraecustom:font/emoji/emoji_youtube.png","chars":[""],"height":9,"ascent":8,"type":"bitmap"},{"file":"terraecustom:font/emoji/emoji_eyes.png","chars":[""],"height":9,"ascent":8,"type":"bitmap"},{"file":"minecraft:terraemc/titles/title_owner.png","chars":[""],"height":9,"ascent":8,"type":"bitmap"},{"file":"minecraft:terraemc/titles/title_admin.png","chars":[""],"height":9,"ascent":8,"type":"bitmap"},{"file":"minecraft:terraemc/titles/title_srmod.png","chars":[""],"height":9,"ascent":8,"type":"bitmap"},{"file":"minecraft:terraemc/titles/title_moderator.png","chars":[""],"height":9,"ascent":8,"type":"bitmap"},{"file":"minecraft:terraemc/titles/title_helper.png","chars":[""],"height":9,"ascent":8,"type":"bitmap"},{"file":"minecraft:terraemc/titles/title_builder.png","chars":[""],"height":9,"ascent":8,"type":"bitmap"},{"file":"minecraft:terraemc/titles/title_twitch.png","chars":[""],"height":9,"ascent":8,"type":"bitmap"},{"file":"minecraft:terraemc/titles/title_kick.png","chars":[""],"height":9,"ascent":8,"type":"bitmap"},{"file":"minecraft:terraemc/titles/title_youtube.png","chars":[""],"height":9,"ascent":8,"type":"bitmap"},{"file":"minecraft:terraemc/titles/title_hero.png","chars":[""],"height":9,"ascent":8,"type":"bitmap"},{"file":"minecraft:terraemc/titles/title_immortal.png","chars":[""],"height":9,"ascent":8,"type":"bitmap"},{"file":"minecraft:terraemc/titles/title_divine.png","chars":[""],"height":9,"ascent":8,"type":"bitmap"},{"file":"minecraft:terraemc/titles/title_mystic.png","chars":[""],"height":9,"ascent":8,"type":"bitmap"},{"file":"minecraft:terraemc/titles/title_legend.png","chars":[""],"height":9,"ascent":8,"type":"bitmap"},{"file":"minecraft:terraemc/titles/title_vip.png","chars":[""],"height":9,"ascent":8,"type":"bitmap"},{"file":"minecraft:terraemc/titles/title_booster.png","chars":[""],"height":9,"ascent":8,"type":"bitmap"},{"file":"minecraft:terraemc/titles/title_veteran.png","chars":[""],"height":9,"ascent":8,"type":"bitmap"},{"file":"minecraft:terraemc/titles/title_citizen.png","chars":[""],"height":9,"ascent":8,"type":"bitmap"},{"file":"minecraft:terraemc/titles/title_nomad.png","chars":[""],"height":9,"ascent":8,"type":"bitmap"},{"file":"minecraft:terraemc/titles/title_mayor.png","chars":[""],"height":9,"ascent":8,"type":"bitmap"},{"file":"minecraft:terraemc/titles/title_savior.png","chars":[""],"height":9,"ascent":8,"type":"bitmap"},{"file":"minecraft:terraemc/items/artifact.png","chars":[""],"height":9,"ascent":8,"type":"bitmap"},{"file":"minecraft:terraemc/items/common.png","chars":[""],"height":9,"ascent":8,"type":"bitmap"},{"file":"minecraft:terraemc/items/epic.png","chars":[""],"height":9,"ascent":8,"type":"bitmap"},{"file":"minecraft:terraemc/items/fragment.png","chars":[""],"height":9,"ascent":8,"type":"bitmap"},{"file":"minecraft:terraemc/items/key.png","chars":[""],"height":9,"ascent":8,"type":"bitmap"},{"file":"minecraft:terraemc/items/legendary.png","chars":[""],"height":9,"ascent":8,"type":"bitmap"},{"file":"minecraft:terraemc/items/mythical.png","chars":[""],"height":9,"ascent":8,"type":"bitmap"},{"file":"minecraft:terraemc/items/rare.png","chars":[""],"height":9,"ascent":8,"type":"bitmap"},{"file":"minecraft:terraemc/items/tool.png","chars":[""],"height":9,"ascent":8,"type":"bitmap"},{"file":"minecraft:terraemc/items/uncommon.png","chars":[""],"height":9,"ascent":8,"type":"bitmap"},{"file":"terraecustom:gui/rankup/rank_1.png","chars":[""],"height":16,"ascent":8,"type":"bitmap"},{"file":"terraecustom:gui/rankup/rank_2.png","chars":[""],"height":16,"ascent":8,"type":"bitmap"},{"file":"terraecustom:gui/rankup/rank_3.png","chars":[""],"height":16,"ascent":8,"type":"bitmap"},{"file":"terraecustom:gui/rankup/rank_4.png","chars":[""],"height":16,"ascent":8,"type":"bitmap"},{"file":"terraecustom:gui/rankup/rank_5.png","chars":[""],"height":16,"ascent":8,"type":"bitmap"},{"file":"terraecustom:gui/rankup/rank_6.png","chars":[""],"height":16,"ascent":8,"type":"bitmap"},{"file":"terraecustom:gui/rankup/rank_7.png","chars":[""],"height":16,"ascent":8,"type":"bitmap"},{"file":"terraecustom:gui/rankup/rank_8.png","chars":[""],"height":16,"ascent":8,"type":"bitmap"},{"file":"terraecustom:gui/rankup/rank_9.png","chars":[""],"height":16,"ascent":8,"type":"bitmap"},{"file":"terraecustom:gui/rankup/rank_10.png","chars":[""],"height":16,"ascent":8,"type":"bitmap"},{"file":"terraecustom:gui/rankup/rank_11.png","chars":[""],"height":16,"ascent":8,"type":"bitmap"},{"file":"terraecustom:gui/rankup/rank_12.png","chars":[""],"height":16,"ascent":8,"type":"bitmap"},{"file":"terraecustom:gui/rankup/rank_13.png","chars":[""],"height":16,"ascent":8,"type":"bitmap"},{"file":"terraecustom:gui/rankup/rank_14.png","chars":[""],"height":16,"ascent":8,"type":"bitmap"},{"file":"terraecustom:gui/rankup/rank_15.png","chars":[""],"height":16,"ascent":8,"type":"bitmap"},{"file":"minecraft:terraemc/holograms/speech.png","chars":[""],"height":16,"ascent":13,"type":"bitmap"},{"file":"minecraft:terraemc/holograms/tip_icon.png","chars":[""],"height":16,"ascent":16,"type":"bitmap"},{"file":"minecraft:terraemc/holograms/hologram_casino.png","chars":[""],"height":64,"ascent":13,"type":"bitmap"},{"file":"minecraft:terraemc/holograms/hologram_chess.png","chars":[""],"height":64,"ascent":13,"type":"bitmap"},{"file":"minecraft:terraemc/holograms/hologram_crates.png","chars":[""],"height":64,"ascent":13,"type":"bitmap"},{"file":"minecraft:terraemc/holograms/hologram_wilderness.png","chars":[""],"height":64,"ascent":13,"type":"bitmap"},{"file":"minecraft:terraemc/images/generalannouncement.png","chars":[""],"height":50,"ascent":11,"type":"bitmap"},{"file":"minecraft:terraemc/images/recruitmentannouncement.png","chars":[""],"height":50,"ascent":11,"type":"bitmap"},{"file":"minecraft:terraemc/images/storeannouncement.png","chars":[""],"height":50,"ascent":11,"type":"bitmap"},{"file":"terraecustom:font/gui/coinshop/gui_coinshop.png","chars":[""],"height":256,"ascent":130,"type":"bitmap"},{"file":"terraecustom:font/gui/farming/gui_farming_sell.png","chars":[""],"height":256,"ascent":130,"type":"bitmap"},{"file":"terraecustom:font/gui/fishing/gui_fishing_sell.png","chars":[""],"height":256,"ascent":130,"type":"bitmap"},{"file":"terraecustom:font/gui/ah/gui_ah_buying.png","chars":[""],"height":256,"ascent":130,"type":"bitmap"},{"file":"terraecustom:font/gui/ah/gui_ah_categories.png","chars":[""],"height":256,"ascent":130,"type":"bitmap"},{"file":"terraecustom:font/gui/ah/gui_ah_expired.png","chars":[""],"height":256,"ascent":130,"type":"bitmap"},{"file":"terraecustom:font/gui/ah/gui_ah_items.png","chars":[""],"height":256,"ascent":130,"type":"bitmap"},{"file":"terraecustom:font/gui/ah/gui_ah_purchase.png","chars":[""],"height":256,"ascent":184,"type":"bitmap"},{"file":"terraecustom:font/gui/ah/gui_ah_remove.png","chars":[""],"height":256,"ascent":184,"type":"bitmap"},{"file":"terraecustom:font/gui/ah/gui_auction_house.png","chars":[""],"height":256,"ascent":130,"type":"bitmap"},{"file":"terraecustom:font/gui/ce/gui_ce_alchemist.png","chars":[""],"height":256,"ascent":185,"type":"bitmap"},{"file":"terraecustom:font/gui/ce/gui_ce_confirm.png","chars":[""],"height":256,"ascent":220,"type":"bitmap"},{"file":"terraecustom:font/gui/ce/gui_ce_main.png","chars":[""],"height":256,"ascent":130,"type":"bitmap"},{"file":"terraecustom:font/gui/ce/gui_ce_tinkerer.png","chars":[""],"height":256,"ascent":130,"type":"bitmap"},{"file":"terraecustom:font/gui/crates/gui_crates.png","chars":[""],"height":256,"ascent":184,"type":"bitmap"},{"file":"terraecustom:font/gui/vehicles/gui_fueling_menu.png","chars":[""],"height":256,"ascent":13,"type":"bitmap"},{"file":"terraecustom:font/gui/vehicles/gui_vehicle_menu_1.png","chars":[""],"height":256,"ascent":183,"type":"bitmap"},{"file":"terraecustom:font/gui/vehicles/gui_vehicle_menu_2.png","chars":[""],"height":256,"ascent":183,"type":"bitmap"},{"file":"terraecustom:font/gui/vehicles/gui_vehicle_car.png","chars":[""],"height":256,"ascent":184,"type":"bitmap"},{"file":"terraecustom:font/gui/vehicles/gui_vehicle_drill.png","chars":[""],"height":256,"ascent":184,"type":"bitmap"},{"file":"terraecustom:font/gui/vehicles/gui_vehicle_helicopter.png","chars":[""],"height":256,"ascent":184,"type":"bitmap"},{"file":"terraecustom:font/gui/vehicles/gui_vehicle_mecha.png","chars":[""],"height":256,"ascent":184,"type":"bitmap"},{"file":"terraecustom:font/gui/vehicles/gui_vehicle_motor_bike.png","chars":[""],"height":256,"ascent":184,"type":"bitmap"},{"file":"terraecustom:font/gui/vehicles/gui_vehicle_plane.png","chars":[""],"height":256,"ascent":184,"type":"bitmap"},{"file":"terraecustom:font/gui/vehicles/gui_vehicle_racing_car.png","chars":[""],"height":256,"ascent":184,"type":"bitmap"},{"file":"terraecustom:font/gui/vehicles/gui_vehicle_sports_bike.png","chars":[""],"height":256,"ascent":184,"type":"bitmap"},{"file":"terraecustom:font/gui/vehicles/gui_vehicle_tractor.png","chars":[""],"height":256,"ascent":184,"type":"bitmap"},{"file":"terraecustom:font/gui/vehicles/gui_vehicle_train.png","chars":[""],"height":256,"ascent":184,"type":"bitmap"},{"file":"terraecustom:font/gui/pw/gui_player_warps.png","chars":[""],"height":256,"ascent":130,"type":"bitmap"},{"file":"terraecustom:font/gui/pw/gui_player_warps_favorite.png","chars":[""],"height":256,"ascent":130,"type":"bitmap"},{"file":"terraecustom:font/gui/pw/gui_player_warps_mywarps.png","chars":[""],"height":256,"ascent":128,"type":"bitmap"},{"file":"terraecustom:font/gui/pw/gui_player_warps_manage.png","chars":[""],"height":256,"ascent":130,"type":"bitmap"},{"file":"terraecustom:font/gui/pw/gui_player_warps_visitedwarps.png","chars":[""],"height":256,"ascent":165,"type":"bitmap"},{"file":"terraecustom:font/gui/pw/gui_player_warps_maingui.png","chars":[""],"height":256,"ascent":183,"type":"bitmap"},{"file":"terraecustom:font/gui/pw/gui_player_warps_managevisit.png","chars":[""],"height":256,"ascent":183,"type":"bitmap"},{"file":"terraecustom:font/gui/rankup/gui_rankup.png","chars":[""],"height":256,"ascent":148,"type":"bitmap"},{"file":"terraecustom:font/gui/help/gui_server_help.png","chars":[""],"height":256,"ascent":184,"type":"bitmap"},{"file":"terraecustom:font/gui/tags/gui_tags.png","chars":[""],"height":256,"ascent":148,"type":"bitmap"},{"file":"terraecustom:font/gui/vote/gui_vote.png","chars":[""],"height":256,"ascent":130,"type":"bitmap"},{"file":"terraecustom:font/gui/kits/gui_kits.png","chars":[""],"height":256,"ascent":148,"type":"bitmap"},{"file":"terraecustom:font/gui/kits/gui_kits_preview.png","chars":[""],"height":256,"ascent":148,"type":"bitmap"},{"file":"terraecustom:font/gui/cosmetics/gui_cosmetic_shop.png","chars":[""],"height":256,"ascent":130,"type":"bitmap"},{"file":"terraecustom:font/gui/cosmetics/gui_cosmetic_particles.png","chars":[""],"height":256,"ascent":130,"type":"bitmap"},{"file":"terraecustom:font/gui/cosmetics/gui_cosmetic_balloons.png","chars":[""],"height":256,"ascent":130,"type":"bitmap"},{"file":"terraecustom:font/gui/cosmetics/gui_cosmetic_musics.png","chars":[""],"height":256,"ascent":130,"type":"bitmap"},{"file":"terraecustom:font/gui/cosmetics/gui_cosmetic_miniatures.png","chars":[""],"height":256,"ascent":130,"type":"bitmap"},{"file":"terraecustom:font/gui/cosmetics/gui_cosmetic_banners.png","chars":[""],"height":256,"ascent":130,"type":"bitmap"},{"file":"terraecustom:font/gui/cosmetics/gui_cosmetic_death_effects.png","chars":[""],"height":256,"ascent":167,"type":"bitmap"},{"file":"terraecustom:font/gui/cosmetics/gui_cosmetic_arrow_effects.png","chars":[""],"height":256,"ascent":167,"type":"bitmap"},{"file":"terraecustom:font/gui/cosmetics/gui_cosmetic_pets.png","chars":[""],"height":256,"ascent":167,"type":"bitmap"},{"file":"terraecustom:font/gui/cosmetics/gui_cosmetic_emotes.png","chars":[""],"height":256,"ascent":167,"type":"bitmap"},{"file":"terraecustom:font/gui/seasonpass/gui_season_pass_main.png","chars":[""],"height":256,"ascent":167,"type":"bitmap"},{"file":"terraecustom:font/gui/seasonpass/gui_season_pass_rewards.png","chars":[""],"height":256,"ascent":130,"type":"bitmap"},{"file":"terraecustom:font/gui/seasonpass/gui_season_pass_weekly_missions.png","chars":[""],"height":256,"ascent":168,"type":"bitmap"},{"file":"terraecustom:font/gui/seasonpass/gui_season_pass_missions.png","chars":[""],"height":256,"ascent":168,"type":"bitmap"},{"file":"terraecustom:font/gui/seasonpass/gui_season_pass_daily.png","chars":[""],"height":256,"ascent":168,"type":"bitmap"},{"file":"terraecustom:font/gui/ia/gui_ia_main.png","chars":[""],"height":256,"ascent":132,"type":"bitmap"},{"file":"terraecustom:font/gui/ia/cooking.png","chars":[""],"height":256,"ascent":132,"type":"bitmap"},{"file":"terraecustom:font/gui/ia/crafting.png","chars":[""],"height":256,"ascent":132,"type":"bitmap"},{"file":"terraecustom:font/gui/ia/anvil_repair.png","chars":[""],"height":256,"ascent":132,"type":"bitmap"},{"file":"terraecustom:font/gui/shop/gui_server_shop.png","chars":[""],"height":256,"ascent":185,"type":"bitmap"},{"file":"terraecustom:font/gui/shop/gui_shop_blocks.png","chars":[""],"height":256,"ascent":130,"type":"bitmap"},{"file":"terraecustom:font/gui/shop/gui_shop_food.png","chars":[""],"height":256,"ascent":130,"type":"bitmap"},{"file":"terraecustom:font/gui/shop/gui_shop_ores.png","chars":[""],"height":256,"ascent":130,"type":"bitmap"},{"file":"terraecustom:font/gui/shop/gui_shop_farming.png","chars":[""],"height":256,"ascent":130,"type":"bitmap"},{"file":"terraecustom:font/gui/shop/gui_shop_drops.png","chars":[""],"height":256,"ascent":130,"type":"bitmap"},{"file":"terraecustom:font/gui/shop/gui_shop_dyes.png","chars":[""],"height":256,"ascent":130,"type":"bitmap"},{"file":"terraecustom:font/gui/shop/gui_shop_spawners.png","chars":[""],"height":256,"ascent":130,"type":"bitmap"},{"file":"terraecustom:font/gui/shop/gui_shop_special.png","chars":[""],"height":256,"ascent":130,"type":"bitmap"},{"file":"terraecustom:font/gui/shop/gui_shop_buymore.png","chars":[""],"height":256,"ascent":130,"type":"bitmap"},{"file":"terraecustom:font/gui/shop/gui_shop_buystacks.png","chars":[""],"height":256,"ascent":185,"type":"bitmap"},{"file":"terraecustom:font/gui/customcrafts/gui_custom_crafts.png","chars":[""],"height":256,"ascent":130,"type":"bitmap"},{"file":"terraecustom:font/gui/combat/gui_kill_recap.png","chars":[""],"height":256,"ascent":148,"type":"bitmap"},{"file":"terraecustom:gui/rankup/head_icon.png","chars":[""],"height":16,"ascent":11,"type":"bitmap"},{"file":"terraecustom:gui/playerwarps/ender_pearl_location.png","chars":[""],"height":16,"ascent":11,"type":"bitmap"},{"file":"terraecustom:gui/category/town_icon.png","chars":[""],"height":16,"ascent":11,"type":"bitmap"},{"file":"_iainternal:gui/no_recipe.png","chars":[""],"height":170,"ascent":47,"type":"bitmap"},{"file":"_iainternal:gui/crafting.png","chars":[""],"height":170,"ascent":47,"type":"bitmap"},{"file":"_iainternal:gui/cooking.png","chars":[""],"height":170,"ascent":47,"type":"bitmap"},{"file":"_iainternal:gui/blank_menu.png","chars":[""],"height":170,"ascent":47,"type":"bitmap"},{"file":"_iainternal:gui/anvil_repair.png","chars":[""],"height":170,"ascent":47,"type":"bitmap"},{"file":"_iainternal:gui/smithing.png","chars":[""],"height":170,"ascent":47,"type":"bitmap"},{"file":"effects:fullscreen.png","chars":[""],"height":2048,"ascent":256,"type":"bitmap"},{"file":"effects:fullscreen_transparent.png","chars":[""],"height":2048,"ascent":256,"type":"bitmap"},{"file":"itemsadder:gui/customization_table_left.png","chars":[""],"height":164,"ascent":12,"type":"bitmap"},{"file":"itemsadder:gui/customization_table_right.png","chars":[""],"height":164,"ascent":12,"type":"bitmap"},{"file":"custom_esc:top_logo1.png","chars":[""],"height":256,"ascent":108,"type":"bitmap"},{"file":"custom_esc:exit_screen.png","chars":[""],"height":256,"ascent":103,"type":"bitmap"},{"file":"custom_esc:exit_screen_disconnect.png","chars":[""],"height":256,"ascent":128,"type":"bitmap"},{"file":"z_iainternal:gui/no_recipe.png","chars":[""],"height":170,"ascent":47,"type":"bitmap"},{"file":"z_iainternal:gui/crafting.png","chars":[""],"height":170,"ascent":47,"type":"bitmap"},{"file":"z_iainternal:gui/cooking.png","chars":[""],"height":170,"ascent":47,"type":"bitmap"},{"file":"z_iainternal:gui/anvil_repair.png","chars":[""],"height":170,"ascent":47,"type":"bitmap"},{"file":"nightmarket:font/gui/nightmarket/nightmarket_main.png","chars":[""],"height":256,"ascent":185,"type":"bitmap"},{"file":"nightmarket:font/gui/nightmarket/nightmarket_confirm.png","chars":[""],"height":256,"ascent":185,"type":"bitmap"},{"file":"nightmarket:font/rarity/common.png","chars":[""],"height":9,"ascent":8,"type":"bitmap"},{"file":"nightmarket:font/rarity/uncommon.png","chars":[""],"height":9,"ascent":8,"type":"bitmap"},{"file":"nightmarket:font/rarity/rare.png","chars":[""],"height":9,"ascent":8,"type":"bitmap"},{"file":"nightmarket:font/rarity/epic.png","chars":[""],"height":9,"ascent":8,"type":"bitmap"},{"file":"nightmarket:font/rarity/legendary.png","chars":[""],"height":9,"ascent":8,"type":"bitmap"},{"file":"nightmarket:font/rarity/mythical.png","chars":[""],"height":9,"ascent":8,"type":"bitmap"}]}