{"credit":"MadebyPolygonMC","texture_size":[8,8],"textures":{"1":"dragonsoulset:item/staff","2":"dragonsoulset:item/animations/animations_1","particle":"dragonsoulset:item/animations/animations_2"},"elements":[{"from":[7,17.2862,6.76172],"to":[9,19.0362,8.76172],"rotation":{"angle":-22.5,"axis":"x","origin":[8,18.40354,7.5]},"faces":{"north":{"uv":[2.66667,6,4,7.16667],"texture":"#1"},"east":{"uv":[6,2.66667,7.33333,3.83333],"texture":"#1"},"south":{"uv":[4,6,5.33333,7.16667],"texture":"#1"},"west":{"uv":[6,4,7.33333,5.16667],"texture":"#1"},"up":{"uv":[1.33333,7.33333,0,6],"texture":"#1"},"down":{"uv":[7.33333,0,6,1.33333],"texture":"#1"}}},{"from":[7.25,17.2862,5.26172],"to":[8.75,18.5362,6.76172],"rotation":{"angle":-22.5,"axis":"x","origin":[8,18.40354,7.5]},"faces":{"north":{"uv":[5.33333,8.66667,6.33333,9.5],"texture":"#1"},"east":{"uv":[9.33333,0,10.33333,0.83333],"texture":"#1"},"west":{"uv":[9.33333,1.33333,10.33333,2.16667],"texture":"#1"},"up":{"uv":[9,6.33333,8,5.33333],"texture":"#1"},"down":{"uv":[7.66667,8,6.66667,9],"texture":"#1"}}},{"from":[8.475,18.54474,6.81083],"to":[9.225,19.29474,7.81083],"rotation":{"angle":-45,"axis":"x","origin":[8,18.40354,7.5]},"faces":{"north":{"uv":[3.33333,12,3.83333,12.5],"texture":"#1"},"east":{"uv":[5.33333,11.33333,6,11.83333],"texture":"#1"},"south":{"uv":[12,3.33333,12.5,3.83333],"texture":"#1"},"west":{"uv":[6,11.33333,6.66667,11.83333],"texture":"#1"},"up":{"uv":[11.83333,6.66667,11.33333,6],"texture":"#1"},"down":{"uv":[7.16667,11.33333,6.66667,12],"texture":"#1"}}},{"from":[8.48,18.50349,7.08961],"to":[9.22,19.25349,8.08961],"rotation":{"angle":0,"axis":"x","origin":[8,18.40354,7.5]},"faces":{"north":{"uv":[12,4,12.5,4.5],"texture":"#1"},"east":{"uv":[11.33333,6.66667,12,7.16667],"texture":"#1"},"south":{"uv":[12,4.66667,12.5,5.16667],"texture":"#1"},"west":{"uv":[7.33333,11.33333,8,11.83333],"texture":"#1"},"up":{"uv":[11.83333,8,11.33333,7.33333],"texture":"#1"},"down":{"uv":[8.5,11.33333,8,12],"texture":"#1"}}},{"from":[8.5,17.83549,8.14622],"to":[9.5,18.83549,9.14622],"rotation":{"angle":-45,"axis":"x","origin":[8,18.40354,7.5]},"faces":{"north":{"uv":[6,5.33333,6.66667,6],"texture":"#1"},"east":{"uv":[8.66667,10,9.33333,10.66667],"texture":"#1"},"south":{"uv":[10,8.66667,10.66667,9.33333],"texture":"#1"},"west":{"uv":[9.33333,10,10,10.66667],"texture":"#1"},"up":{"uv":[10.66667,10,10,9.33333],"texture":"#1"},"down":{"uv":[10.66667,10,10,10.66667],"texture":"#1"}}},{"from":[8.61,19.72035,7.81918],"to":[9.39,20.50035,8.59918],"rotation":{"angle":22.5,"axis":"x","origin":[8,18.40354,7.5]},"faces":{"north":{"uv":[5.33333,12,5.83333,12.5],"texture":"#1"},"east":{"uv":[12,5.33333,12.5,5.83333],"texture":"#1"},"south":{"uv":[6,12,6.5,12.5],"texture":"#1"},"west":{"uv":[12,6,12.5,6.5],"texture":"#1"},"up":{"uv":[7.16667,12.5,6.66667,12],"texture":"#1"},"down":{"uv":[12.5,6.66667,12,7.16667],"texture":"#1"}}},{"from":[8.7036,19.91369,8.65654],"to":[9.2964,20.50649,9.24934],"rotation":{"angle":0,"axis":"x","origin":[8,18.40354,7.5]},"faces":{"north":{"uv":[2.66667,12.66667,3,13],"texture":"#1"},"east":{"uv":[12.66667,2.66667,13,3],"texture":"#1"},"south":{"uv":[3.33333,12.66667,3.66667,13],"texture":"#1"},"west":{"uv":[12.66667,3.33333,13,3.66667],"texture":"#1"},"up":{"uv":[4.33333,13,4,12.66667],"texture":"#1"},"down":{"uv":[13,4,12.66667,4.33333],"texture":"#1"}}},{"from":[8.78659,19.68247,9.42487],"to":[9.21341,20.10929,9.85169],"rotation":{"angle":-22.5,"axis":"x","origin":[8,18.40354,7.5]},"faces":{"north":{"uv":[4.66667,12.66667,5,13],"texture":"#1"},"east":{"uv":[12.66667,4.66667,13,5],"texture":"#1"},"south":{"uv":[5.33333,12.66667,5.66667,13],"texture":"#1"},"west":{"uv":[12.66667,5.33333,13,5.66667],"texture":"#1"},"up":{"uv":[6.33333,13,6,12.66667],"texture":"#1"},"down":{"uv":[13,6,12.66667,6.33333],"texture":"#1"}}},{"from":[6.775,18.54474,6.81083],"to":[7.525,19.29474,7.81083],"rotation":{"angle":-45,"axis":"x","origin":[8,18.40354,7.5]},"faces":{"north":{"uv":[7.33333,12,7.83333,12.5],"texture":"#1"},"east":{"uv":[11.33333,8,12,8.5],"texture":"#1"},"south":{"uv":[12,7.33333,12.5,7.83333],"texture":"#1"},"west":{"uv":[8.66667,11.33333,9.33333,11.83333],"texture":"#1"},"up":{"uv":[11.83333,9.33333,11.33333,8.66667],"texture":"#1"},"down":{"uv":[9.83333,11.33333,9.33333,12],"texture":"#1"}}},{"from":[6.78,18.50349,7.08961],"to":[7.52,19.25349,8.08961],"rotation":{"angle":0,"axis":"x","origin":[8,18.40354,7.5]},"faces":{"north":{"uv":[8,12,8.5,12.5],"texture":"#1"},"east":{"uv":[11.33333,9.33333,12,9.83333],"texture":"#1"},"south":{"uv":[12,8,12.5,8.5],"texture":"#1"},"west":{"uv":[10,11.33333,10.66667,11.83333],"texture":"#1"},"up":{"uv":[11.83333,10.66667,11.33333,10],"texture":"#1"},"down":{"uv":[11.16667,11.33333,10.66667,12],"texture":"#1"}}},{"from":[6.5,17.83549,8.14622],"to":[7.5,18.83549,9.14622],"rotation":{"angle":-45,"axis":"x","origin":[8,18.40354,7.5]},"faces":{"north":{"uv":[10.66667,0,11.33333,0.66667],"texture":"#1"},"east":{"uv":[10.66667,0.66667,11.33333,1.33333],"texture":"#1"},"south":{"uv":[10.66667,1.33333,11.33333,2],"texture":"#1"},"west":{"uv":[10.66667,2,11.33333,2.66667],"texture":"#1"},"up":{"uv":[11.33333,3.33333,10.66667,2.66667],"texture":"#1"},"down":{"uv":[11.33333,3.33333,10.66667,4],"texture":"#1"}}},{"from":[6.61,19.72035,7.81918],"to":[7.39,20.50035,8.59918],"rotation":{"angle":22.5,"axis":"x","origin":[8,18.40354,7.5]},"faces":{"north":{"uv":[8.66667,12,9.16667,12.5],"texture":"#1"},"east":{"uv":[12,8.66667,12.5,9.16667],"texture":"#1"},"south":{"uv":[9.33333,12,9.83333,12.5],"texture":"#1"},"west":{"uv":[12,9.33333,12.5,9.83333],"texture":"#1"},"up":{"uv":[10.5,12.5,10,12],"texture":"#1"},"down":{"uv":[12.5,10,12,10.5],"texture":"#1"}}},{"from":[6.7036,19.91369,8.65654],"to":[7.2964,20.50649,9.24934],"rotation":{"angle":0,"axis":"x","origin":[8,18.40354,7.5]},"faces":{"north":{"uv":[6.66667,12.66667,7,13],"texture":"#1"},"east":{"uv":[12.66667,6.66667,13,7],"texture":"#1"},"south":{"uv":[7.33333,12.66667,7.66667,13],"texture":"#1"},"west":{"uv":[12.66667,7.33333,13,7.66667],"texture":"#1"},"up":{"uv":[8.33333,13,8,12.66667],"texture":"#1"},"down":{"uv":[13,8,12.66667,8.33333],"texture":"#1"}}},{"from":[6.78659,19.68247,9.42487],"to":[7.21341,20.10929,9.85169],"rotation":{"angle":-22.5,"axis":"x","origin":[8,18.40354,7.5]},"faces":{"north":{"uv":[8.66667,12.66667,9,13],"texture":"#1"},"east":{"uv":[12.66667,8.66667,13,9],"texture":"#1"},"south":{"uv":[9.33333,12.66667,9.66667,13],"texture":"#1"},"west":{"uv":[12.66667,9.33333,13,9.66667],"texture":"#1"},"up":{"uv":[10.33333,13,10,12.66667],"texture":"#1"},"down":{"uv":[13,10,12.66667,10.33333],"texture":"#1"}}},{"from":[7.7246,16.73192,5.63923],"to":[8.2754,17.28272,6.19003],"rotation":{"angle":22.5,"axis":"x","origin":[8,18.40354,7.5]},"faces":{"north":{"uv":[10.66667,12.66667,11,13],"texture":"#1"},"east":{"uv":[12.66667,10.66667,13,11],"texture":"#1"},"south":{"uv":[11.33333,12.66667,11.66667,13],"texture":"#1"},"west":{"uv":[12.66667,11.33333,13,11.66667],"texture":"#1"},"up":{"uv":[12.33333,13,12,12.66667],"texture":"#1"},"down":{"uv":[13,12,12.66667,12.33333],"texture":"#1"}}},{"from":[7.78519,19.23349,5.75973],"to":[8.21481,19.66312,6.18935],"rotation":{"angle":-45,"axis":"x","origin":[8,18.40354,7.5]},"faces":{"north":{"uv":[12.66667,12.66667,13,13],"texture":"#1"},"east":{"uv":[0,13.33333,0.33333,13.66667],"texture":"#1"},"south":{"uv":[13.33333,0,13.66667,0.33333],"texture":"#1"},"west":{"uv":[0.66667,13.33333,1,13.66667],"texture":"#1"},"up":{"uv":[13.66667,1,13.33333,0.66667],"texture":"#1"},"down":{"uv":[1.66667,13.33333,1.33333,13.66667],"texture":"#1"}}},{"from":[7.83674,18.70137,5.80357],"to":[8.16326,19.02788,6.13008],"rotation":{"angle":-22.5,"axis":"x","origin":[8,18.40354,7.5]},"faces":{"north":{"uv":[13.33333,1.33333,13.5,1.5],"texture":"#1"},"east":{"uv":[2,13.33333,2.16667,13.5],"texture":"#1"},"south":{"uv":[13.33333,2,13.5,2.16667],"texture":"#1"},"west":{"uv":[2.66667,13.33333,2.83333,13.5],"texture":"#1"},"up":{"uv":[13.5,2.83333,13.33333,2.66667],"texture":"#1"},"down":{"uv":[3.5,13.33333,3.33333,13.5],"texture":"#1"}}},{"from":[7.88245,18.18289,5.99847],"to":[8.11755,18.41798,6.23356],"rotation":{"angle":0,"axis":"x","origin":[8,18.40354,7.5]},"faces":{"north":{"uv":[13.33333,3.33333,13.5,3.5],"texture":"#1"},"east":{"uv":[4,13.33333,4.16667,13.5],"texture":"#1"},"south":{"uv":[13.33333,4,13.5,4.16667],"texture":"#1"},"west":{"uv":[4.66667,13.33333,4.83333,13.5],"texture":"#1"},"up":{"uv":[13.5,4.83333,13.33333,4.66667],"texture":"#1"},"down":{"uv":[5.5,13.33333,5.33333,13.5],"texture":"#1"}}},{"from":[8.65,16.5362,5.36172],"to":[8.65,17.2862,7.36172],"rotation":{"angle":-22.5,"axis":"x","origin":[8,18.40354,7.5]},"faces":{"north":{"uv":[0,0,0,0.5],"texture":"#1"},"east":{"uv":[9.33333,6.66667,10.66667,7.16667],"texture":"#1"},"south":{"uv":[0,0,0,0.5],"texture":"#1"},"west":{"uv":[9.33333,7.33333,10.66667,7.83333],"texture":"#1"},"up":{"uv":[0,1.33333,0,0],"texture":"#1"},"down":{"uv":[0,0,0,1.33333],"texture":"#1"}}},{"from":[7.35,16.5362,5.36172],"to":[7.35,17.2862,7.36172],"rotation":{"angle":-22.5,"axis":"x","origin":[8,18.40354,7.5]},"faces":{"north":{"uv":[0,0,0,0.5],"texture":"#1"},"east":{"uv":[8,9.33333,9.33333,9.83333],"texture":"#1"},"south":{"uv":[0,0,0,0.5],"texture":"#1"},"west":{"uv":[9.33333,8,10.66667,8.5],"texture":"#1"},"up":{"uv":[0,1.33333,0,0],"texture":"#1"},"down":{"uv":[0,0,0,1.33333],"texture":"#1"}}},{"from":[7.351,16.53621,5.36172],"to":[8.651,17.28621,5.36172],"rotation":{"angle":-22.5,"axis":"x","origin":[8,18.40354,7.5]},"faces":{"north":{"uv":[2.66667,11.33333,3.5,11.83333],"texture":"#1"},"east":{"uv":[0,0,0,0.5],"texture":"#1"},"south":{"uv":[11.33333,2.66667,12.16667,3.16667],"texture":"#1"},"west":{"uv":[0,0,0,0.5],"texture":"#1"},"up":{"uv":[0.83333,0,0,0],"texture":"#1"},"down":{"uv":[0.83333,0,0,0],"texture":"#1"}}},{"from":[7.66,-1.00992,7.66],"to":[8.34,-0.34992,8.34],"rotation":{"angle":0,"axis":"x","origin":[8,-0.97768,7.99187]},"faces":{"north":{"uv":[12,0.66667,12.5,1.16667],"texture":"#1"},"east":{"uv":[1.33333,12,1.83333,12.5],"texture":"#1"},"south":{"uv":[12,1.33333,12.5,1.83333],"texture":"#1"},"west":{"uv":[2,12,2.5,12.5],"texture":"#1"},"up":{"uv":[12.5,2.5,12,2],"texture":"#1"},"down":{"uv":[3.16667,12,2.66667,12.5],"texture":"#1"}}},{"from":[7.5,6.15,7.5],"to":[8.5,7.15,8.5],"rotation":{"angle":0,"axis":"y","origin":[7.5,4.4,7.5]},"faces":{"north":{"uv":[10.66667,4,11.33333,4.66667],"texture":"#1"},"east":{"uv":[10.66667,4.66667,11.33333,5.33333],"texture":"#1"},"south":{"uv":[10.66667,5.33333,11.33333,6],"texture":"#1"},"west":{"uv":[10.66667,6,11.33333,6.66667],"texture":"#1"},"up":{"uv":[7.33333,11.33333,6.66667,10.66667],"texture":"#1"},"down":{"uv":[11.33333,6.66667,10.66667,7.33333],"texture":"#1"}}},{"from":[7.6,7.15,7.6],"to":[8.4,8.95,8.4],"rotation":{"angle":0,"axis":"y","origin":[7.5,4.4,7.5]},"faces":{"north":{"uv":[9.33333,8.66667,9.83333,9.83333],"texture":"#1"},"east":{"uv":[0,10,0.5,11.16667],"texture":"#1"},"south":{"uv":[0.66667,10,1.16667,11.16667],"texture":"#1"},"west":{"uv":[1.33333,10,1.83333,11.16667],"texture":"#1"},"up":{"uv":[11.16667,12.5,10.66667,12],"texture":"#1"},"down":{"uv":[11.83333,12,11.33333,12.5],"texture":"#1"}}},{"from":[7.472,-0.34992,7.472],"to":[8.528,0.09008,8.528],"rotation":{"angle":0,"axis":"x","origin":[8,-0.579,7.86754]},"faces":{"north":{"uv":[1.33333,12.66667,2,13],"texture":"#1"},"east":{"uv":[12.66667,1.33333,13.33333,1.66667],"texture":"#1"},"south":{"uv":[2,12.66667,2.66667,13],"texture":"#1"},"west":{"uv":[12.66667,2,13.33333,2.33333],"texture":"#1"},"up":{"uv":[8,11.33333,7.33333,10.66667],"texture":"#1"},"down":{"uv":[11.33333,7.33333,10.66667,8],"texture":"#1"}}},{"from":[7.4,5.65,7.4],"to":[8.6,6.15,8.6],"rotation":{"angle":0,"axis":"y","origin":[7.5,4.4,7.5]},"faces":{"north":{"uv":[11.33333,10.66667,12.16667,11],"texture":"#1"},"east":{"uv":[11.33333,11.33333,12.16667,11.66667],"texture":"#1"},"south":{"uv":[0,12,0.83333,12.33333],"texture":"#1"},"west":{"uv":[12,0,12.83333,0.33333],"texture":"#1"},"up":{"uv":[10.16667,3.5,9.33333,2.66667],"texture":"#1"},"down":{"uv":[10.16667,4,9.33333,4.83333],"texture":"#1"}}},{"from":[7.5,8.95,7.5],"to":[8.5,9.95,8.5],"rotation":{"angle":0,"axis":"y","origin":[7.5,20.45,7.5]},"faces":{"north":{"uv":[10.66667,8,11.33333,8.66667],"texture":"#1"},"east":{"uv":[8.66667,10.66667,9.33333,11.33333],"texture":"#1"},"south":{"uv":[10.66667,8.66667,11.33333,9.33333],"texture":"#1"},"west":{"uv":[9.33333,10.66667,10,11.33333],"texture":"#1"},"up":{"uv":[11.33333,10,10.66667,9.33333],"texture":"#1"},"down":{"uv":[10.66667,10.66667,10,11.33333],"texture":"#1"}}},{"from":[7.5,3.7,7.5],"to":[8.5,5.7,8.5],"rotation":{"angle":0,"axis":"y","origin":[7.5,20.45,8.5]},"faces":{"north":{"uv":[5.33333,8.66667,4.66667,10],"texture":"#1"},"east":{"uv":[4.66667,8.66667,5.33333,10],"texture":"#1"},"south":{"uv":[5.33333,8.66667,4.66667,10],"texture":"#1"},"west":{"uv":[4.66667,8.66667,5.33333,10],"texture":"#1"},"down":{"uv":[12,2,11.33333,2.66667],"texture":"#1"}}},{"from":[7.45,-1.71047,7.26384],"to":[8.55,-0.65447,8.31984],"rotation":{"angle":-45,"axis":"x","origin":[8,-0.97768,8.00813]},"faces":{"north":{"uv":[10.66667,10,11.33333,10.66667],"texture":"#1"},"east":{"uv":[10.66667,10.66667,11.33333,11.33333],"texture":"#1"},"south":{"uv":[0,11.33333,0.66667,12],"texture":"#1"},"west":{"uv":[11.33333,0,12,0.66667],"texture":"#1"},"up":{"uv":[1.33333,12,0.66667,11.33333],"texture":"#1"},"down":{"uv":[12,0.66667,11.33333,1.33333],"texture":"#1"}}},{"from":[7.3,15.65,7],"to":[8.7,17.65,9],"rotation":{"angle":-45,"axis":"x","origin":[8,16.65,8]},"faces":{"north":{"uv":[5.33333,6,6.33333,7.33333],"texture":"#1"},"east":{"uv":[1.33333,6,2.66667,7.33333],"texture":"#1"},"south":{"uv":[6.66667,5.33333,7.66667,6.66667],"texture":"#1"},"west":{"uv":[6,1.33333,7.33333,2.66667],"texture":"#1"},"up":{"uv":[7.66667,8,6.66667,6.66667],"texture":"#1"},"down":{"uv":[1,7.33333,0,8.66667],"texture":"#1"}}},{"from":[7.05,15.9,7.25],"to":[8.95,17.4,8.75],"rotation":{"angle":-45,"axis":"x","origin":[8,16.65,8]},"faces":{"north":{"uv":[7.33333,0,8.66667,1],"texture":"#1"},"east":{"uv":[8,6.66667,9,7.66667],"texture":"#1"},"south":{"uv":[1.33333,7.33333,2.66667,8.33333],"texture":"#1"},"west":{"uv":[8,8,9,9],"texture":"#1"},"up":{"uv":[8.66667,2.33333,7.33333,1.33333],"texture":"#1"},"down":{"uv":[4,7.33333,2.66667,8.33333],"texture":"#1"}}},{"from":[7.4,9.95,7.4],"to":[8.6,12.05,8.6],"rotation":{"angle":0,"axis":"y","origin":[15,16.5,15]},"faces":{"north":{"uv":[7.33333,2.66667,8.16667,4],"texture":"#1"},"east":{"uv":[4,7.33333,4.83333,8.66667],"texture":"#1"},"south":{"uv":[7.33333,4,8.16667,5.33333],"texture":"#1"},"west":{"uv":[5.33333,7.33333,6.16667,8.66667],"texture":"#1"},"up":{"uv":[10.16667,6.16667,9.33333,5.33333],"texture":"#1"},"down":{"uv":[7.5,9.33333,6.66667,10.16667],"texture":"#1"}}},{"from":[7.5,11.65,8.125],"to":[8.5,13.55,9.125],"rotation":{"angle":22.5,"axis":"x","origin":[8,13.6,8.625]},"faces":{"north":{"uv":[0,8.66667,0.66667,10],"texture":"#1"},"east":{"uv":[8.66667,0,9.33333,1.33333],"texture":"#1"},"south":{"uv":[0.66667,8.66667,1.33333,10],"texture":"#1"},"west":{"uv":[1.33333,8.66667,2,10],"texture":"#1"},"up":{"uv":[2,12,1.33333,11.33333],"texture":"#1"},"down":{"uv":[12,1.33333,11.33333,2],"texture":"#1"}}},{"from":[7.6,13.34978,8.20154],"to":[8.4,14.86978,9.00154],"rotation":{"angle":0,"axis":"x","origin":[8,13.78478,8.70154]},"faces":{"north":{"uv":[4.66667,10,5.16667,11],"texture":"#1"},"east":{"uv":[5.33333,10,5.83333,11],"texture":"#1"},"south":{"uv":[6,10,6.5,11],"texture":"#1"},"west":{"uv":[8,10,8.5,11],"texture":"#1"},"up":{"uv":[12.5,12.5,12,12],"texture":"#1"},"down":{"uv":[0.5,12.66667,0,13.16667],"texture":"#1"}}},{"from":[7.68,14.66085,8.04615],"to":[8.32,15.87685,8.68615],"rotation":{"angle":-22.5,"axis":"x","origin":[8,15.41885,8.34115]},"faces":{"north":{"uv":[11.33333,3.33333,11.83333,4.16667],"texture":"#1"},"east":{"uv":[4,11.33333,4.5,12.16667],"texture":"#1"},"south":{"uv":[4.66667,11.33333,5.16667,12.16667],"texture":"#1"},"west":{"uv":[11.33333,4.66667,11.83333,5.5],"texture":"#1"},"up":{"uv":[1.16667,13.16667,0.66667,12.66667],"texture":"#1"},"down":{"uv":[13.16667,0.66667,12.66667,1.16667],"texture":"#1"}}},{"from":[7.56,1.778,7.56],"to":[8.44,3.7,8.44],"rotation":{"angle":0,"axis":"x","origin":[8,2.739,8]},"faces":{"north":{"uv":[9.33333,2.66667,8.66667,4],"texture":"#1"},"east":{"uv":[8.66667,2.66667,9.33333,4],"texture":"#1"},"south":{"uv":[9.33333,2.66667,8.66667,4],"texture":"#1"},"west":{"uv":[8.66667,2.66667,9.33333,4],"texture":"#1"},"down":{"uv":[2.66667,11.33333,2,12],"texture":"#1"}}},{"from":[7.6216,0.09008,7.6216],"to":[8.3784,1.778,8.3784],"rotation":{"angle":0,"axis":"x","origin":[8,0.75104,8.352]},"faces":{"north":{"uv":[4,10,4.5,11.16667],"texture":"#1"},"east":{"uv":[4,10,4.5,11.16667],"texture":"#1"},"south":{"uv":[4,10,4.5,11.16667],"texture":"#1"},"west":{"uv":[4,10,4.5,11.16667],"texture":"#1"}}},{"from":[7.975,13.75,3.25],"to":[8.025,22.75,11.75],"rotation":{"angle":0,"axis":"y","origin":[7.9,18.25,8]},"faces":{"east":{"uv":[5.66667,0,0,6],"texture":"#1"},"west":{"uv":[0,0,5.66667,6],"texture":"#1"}}},{"from":[2.3325,12.33768,8.00518],"to":[13.6925,23.69768,8.05518],"rotation":{"angle":45,"axis":"y","origin":[8,18.01768,8.01768]},"faces":{"north":{"uv":[16,0,0,16],"rotation":180,"texture":"#particle"},"south":{"uv":[0,0,16,16],"rotation":180,"texture":"#particle"}}},{"from":[2.3075,12.33768,8.00518],"to":[13.6675,23.69768,8.05518],"rotation":{"angle":-45,"axis":"y","origin":[8,18.01768,8.01768]},"faces":{"north":{"uv":[16,0,0,16],"texture":"#particle"},"south":{"uv":[0,0,16,16],"texture":"#particle"}}},{"from":[6.5,17.8837,5.73393],"to":[7.25,17.8837,6.73393],"rotation":{"angle":-45,"axis":"x","origin":[8,17.36244,6.1004]},"faces":{"up":{"uv":[0,11.01667,4,7.91667],"rotation":90,"texture":"#2"},"down":{"uv":[4,11.01667,0,7.91667],"rotation":90,"texture":"#2"}}},{"from":[5.5,16.84118,6.96687],"to":[7,16.84118,8.96687],"rotation":{"angle":-45,"axis":"x","origin":[8,17.36244,6.1004]},"faces":{"up":{"uv":[0,6,8,0],"rotation":90,"texture":"#2"},"down":{"uv":[8,6,0,0],"rotation":90,"texture":"#2"}}},{"from":[8.75,17.8837,5.73393],"to":[9.5,17.8837,6.73393],"rotation":{"angle":-45,"axis":"x","origin":[8,17.36244,6.1004]},"faces":{"up":{"uv":[0,7.91667,4,11.01667],"rotation":90,"texture":"#2"},"down":{"uv":[4,7.91667,0,11.01667],"rotation":90,"texture":"#2"}}},{"from":[9,16.84118,6.96687],"to":[10.5,16.84118,8.96687],"rotation":{"angle":-45,"axis":"x","origin":[8,17.36244,6.1004]},"faces":{"up":{"uv":[0,0,8,6],"rotation":90,"texture":"#2"},"down":{"uv":[8,0,0,6],"rotation":90,"texture":"#2"}}}],"gui_light":"front","display":{"thirdperson_righthand":{"translation":[0,-2,0.75]},"thirdperson_lefthand":{"translation":[0,-2,0.75]},"firstperson_righthand":{"rotation":[-10,0,0],"translation":[0,2,1.25]},"firstperson_lefthand":{"rotation":[-10,0,0],"translation":[0,2,1.25]},"ground":{"translation":[0,10.75,0]},"gui":{"rotation":[-90,45,90],"translation":[2,-2,0],"scale":[1.0332,1.0332,1.0332]},"head":{"scale":[0,0,0]},"fixed":{"rotation":[90,-90,90],"translation":[0,-1.25,-0.5],"scale":[2.5,2.5,2.5]}}}