{"credit":"Made by PolygonMC","textures":{"0":"sweetheartset:crossbow","1":"sweetheartset:animations/animations_02","particle":"sweetheartset:crossbow"},"elements":[{"from":[7.5,7.32037,4],"to":[8.5,8.82037,6],"rotation":{"angle":0,"axis":"y","origin":[7.5,4.82037,0]},"faces":{"north":{"uv":[11,7,12,8.5],"texture":"#0"},"east":{"uv":[0.5,14,2.5,15.5],"texture":"#0"},"south":{"uv":[8,11,9,12.5],"texture":"#0"},"west":{"uv":[2.5,14,4.5,15.5],"texture":"#0"},"up":{"uv":[6,11,5,9],"texture":"#0"},"down":{"uv":[4,11,3,13],"texture":"#0"}}},{"from":[7.46,6.86929,8.50449],"to":[8.54,8.48929,10.12449],"rotation":{"angle":22.5,"axis":"x","origin":[8,7.40929,9.58449]},"faces":{"north":{"uv":[2,12,3,13.5],"texture":"#0"},"east":{"uv":[9,10,10.5,11.5],"texture":"#0"},"south":{"uv":[6,12,7,13.5],"texture":"#0"},"west":{"uv":[11,2,12.5,3.5],"texture":"#0"},"up":{"uv":[8,13.5,7,12],"texture":"#0"},"down":{"uv":[13,7,12,8.5],"texture":"#0"}}},{"from":[7.625,8.07037,3.16789],"to":[9.125,9.07037,4.66789],"rotation":{"angle":45,"axis":"y","origin":[8,8.57037,4.29289]},"faces":{"north":{"uv":[11,9,12.5,10],"texture":"#0"},"east":{"uv":[11,10,12.5,11],"texture":"#0"},"up":{"uv":[4.5,10.5,3,9],"texture":"#0"},"down":{"uv":[10.5,6,9,7.5],"texture":"#0"}}},{"from":[7.625,8.07037,4.66789],"to":[9.125,9.07037,6.16789],"rotation":{"angle":45,"axis":"y","origin":[8,8.57037,4.29289]},"faces":{"east":{"uv":[12,1,13.5,2],"texture":"#0"},"south":{"uv":[12,4,13.5,5],"texture":"#0"},"west":{"uv":[12,5,13.5,6],"texture":"#0"},"up":{"uv":[11.5,1.5,10,0],"texture":"#0"},"down":{"uv":[11.5,4,10,5.5],"texture":"#0"}}},{"from":[6.125,8.07037,3.16789],"to":[7.625,9.07037,4.66789],"rotation":{"angle":45,"axis":"y","origin":[8,8.57037,4.29289]},"faces":{"north":{"uv":[11,11,12.5,12],"texture":"#0"},"south":{"uv":[7.5,14.5,9,15.5],"texture":"#0"},"west":{"uv":[12,0,13.5,1],"texture":"#0"},"up":{"uv":[8.5,10.5,7,9],"texture":"#0"},"down":{"uv":[10.5,8,9,9.5],"texture":"#0"}}},{"from":[7.5,7.82037,6],"to":[8.5,8.82037,9],"rotation":{"angle":0,"axis":"y","origin":[7.5,4.82037,0]},"faces":{"east":{"uv":[2,6,5,7],"texture":"#0"},"west":{"uv":[4.5,14.5,7.5,15.5],"texture":"#0"},"up":{"uv":[6,9,5,6],"texture":"#0"},"down":{"uv":[7,5,6,8],"texture":"#0"}}},{"from":[7.5,7.67037,9.3],"to":[8.5,8.67037,12.3],"rotation":{"angle":0,"axis":"x","origin":[8,8.17037,10.8]},"faces":{"east":{"uv":[2,7,5,8],"texture":"#0"},"west":{"uv":[7,5,10,6],"texture":"#0"},"up":{"uv":[8,9,7,6],"texture":"#0"},"down":{"uv":[16,0,15,3],"texture":"#0"}}},{"from":[7.65,6.92037,9.3],"to":[8.35,7.67037,12.3],"rotation":{"angle":0,"axis":"x","origin":[8,7.17037,10.8]},"faces":{"east":{"uv":[2,8,5,9],"texture":"#0"},"west":{"uv":[8,3,11,4],"texture":"#0"},"down":{"uv":[9.5,12,9,15],"texture":"#0"}}},{"from":[7.4,6.77037,12.3],"to":[8.6,8.77037,12.8],"rotation":{"angle":0,"axis":"y","origin":[7.5,6.77037,12.3]},"faces":{"north":{"uv":[4,11,5,13],"texture":"#0"},"east":{"uv":[10,12,10.5,14],"texture":"#0"},"south":{"uv":[5,11,6,13],"texture":"#0"},"west":{"uv":[11,12,11.5,14],"texture":"#0"},"up":{"uv":[5,13.5,4,13],"texture":"#0"},"down":{"uv":[6,13,5,13.5],"texture":"#0"}}},{"from":[7.75,8.17037,5.25],"to":[8.25,9.17037,6.25],"rotation":{"angle":22.5,"axis":"x","origin":[8,8.67037,5.75]},"faces":{"north":{"uv":[13,6,13.5,7],"texture":"#0"},"east":{"uv":[9,4,10,5],"texture":"#0"},"south":{"uv":[13,7,13.5,8],"texture":"#0"},"west":{"uv":[10,2,11,3],"texture":"#0"},"up":{"uv":[8.5,14,8,13],"texture":"#0"}}},{"from":[4.5,8.17037,4.35],"to":[6.5,8.97037,4.85],"rotation":{"angle":0,"axis":"y","origin":[5.5,8.57037,4.6]},"faces":{"north":{"uv":[6,11,8,12],"texture":"#0"},"east":{"uv":[13,8,13.5,9],"texture":"#0"},"south":{"uv":[11,6,13,7],"texture":"#0"},"up":{"uv":[14,12.5,12,12],"texture":"#0"},"down":{"uv":[2,13,0,13.5],"texture":"#0"}}},{"from":[3.96967,8.17037,4.98388],"to":[4.96967,8.97037,5.48388],"rotation":{"angle":45,"axis":"y","origin":[3.96967,8.57037,5.23388]},"faces":{"north":{"uv":[13,2,14,3],"texture":"#0"},"south":{"uv":[3,13,4,14],"texture":"#0"},"west":{"uv":[13,9,13.5,10],"texture":"#0"},"up":{"uv":[14,10.5,13,10],"texture":"#0"},"down":{"uv":[14,11,13,11.5],"texture":"#0"}}},{"from":[9.5,8.17037,4.35],"to":[11.5,8.97037,4.85],"rotation":{"angle":0,"axis":"y","origin":[10.5,8.57037,4.6]},"faces":{"north":{"uv":[8,11,6,12],"texture":"#0"},"south":{"uv":[13,6,11,7],"texture":"#0"},"west":{"uv":[13.5,8,13,9],"texture":"#0"},"up":{"uv":[12,12.5,14,12],"texture":"#0"},"down":{"uv":[0,13,2,13.5],"texture":"#0"}}},{"from":[11.03033,8.17037,4.98388],"to":[12.03033,8.97037,5.48388],"rotation":{"angle":-45,"axis":"y","origin":[12.03033,8.57037,5.23388]},"faces":{"north":{"uv":[14,2,13,3],"texture":"#0"},"east":{"uv":[13.5,9,13,10],"texture":"#0"},"south":{"uv":[4,13,3,14],"texture":"#0"},"up":{"uv":[13,10.5,14,10],"texture":"#0"},"down":{"uv":[13,11,14,11.5],"texture":"#0"}}},{"from":[7.525,5.57037,8.875],"to":[8.475,8.07037,9.825],"rotation":{"angle":-22.5,"axis":"x","origin":[7.5,6.07037,8.85]},"faces":{"north":{"uv":[6,8,7,10.5],"texture":"#0"},"east":{"uv":[8,6,9,8.5],"texture":"#0"},"south":{"uv":[9,0,10,2.5],"texture":"#0"},"west":{"uv":[2,9,3,11.5],"texture":"#0"},"down":{"uv":[14,3,13,4],"texture":"#0"}}},{"from":[7.75,6.97009,7.8181],"to":[8.25,7.97009,8.3181],"rotation":{"angle":-22.5,"axis":"x","origin":[8,7.37009,8.0681]},"faces":{"north":{"uv":[12,13,12.5,14],"texture":"#0"},"east":{"uv":[13,13,13.5,14],"texture":"#0"},"west":{"uv":[0,14,0.5,15],"texture":"#0"},"down":{"uv":[14.5,0,14,0.5],"texture":"#0"}}},{"from":[3.9,8.54537,5],"to":[12.1,8.59537,9],"rotation":{"angle":0,"axis":"y","origin":[4.5,4.82037,0]},"faces":{"up":{"uv":[8,4,0,0],"texture":"#0"},"down":{"uv":[0,0,8,4],"texture":"#0"}}},{"from":[8.5,8.5,-0.25],"to":[13.5,8.55,4.75],"rotation":{"angle":0,"axis":"y","origin":[2.5,9,2.5]},"faces":{"up":{"uv":[0,0,16,16],"rotation":90,"texture":"#1"},"down":{"uv":[0,16,16,0],"rotation":270,"texture":"#1"}}},{"from":[2.5,8.5,-0.25],"to":[7.5,8.55,4.75],"rotation":{"angle":0,"axis":"y","origin":[13.5,9,2.5]},"faces":{"up":{"uv":[0,16,16,0],"rotation":90,"texture":"#1"},"down":{"uv":[0,0,16,16],"rotation":270,"texture":"#1"}}}],"gui_light":"front","display":{"thirdperson_righthand":{"translation":[0,0.25,1]},"thirdperson_lefthand":{"translation":[0,0.25,1]},"firstperson_righthand":{"translation":[-3.5,5.25,5]},"firstperson_lefthand":{"translation":[-3.5,5.25,5]},"ground":{"rotation":[20,0,0],"translation":[0,4,0]},"gui":{"rotation":[90,45,0],"translation":[1,-1,0],"scale":[1.66211,1.66211,1.66211]},"head":{"scale":[1.5,1.5,1.5],"rotation":[-45,180,0]},"fixed":{"rotation":[-97.75,0,0],"translation":[0,1,-3.25],"scale":[2.36719,2.36719,2.36719]}}}