{"credit":"Made by PolygonMC","texture_size":[24,24],"textures":{"2":"sweetheartset:animations/animations_02","3":"sweetheartset:pickaxe"},"elements":[{"from":[7.425,-0.075,7.425],"to":[8.575,1.075,8.575],"rotation":{"angle":45,"axis":"x","origin":[8,0.5,8]},"faces":{"north":{"uv":[1.33333,8.66667,2,9.33333],"texture":"#3"},"east":{"uv":[7.33333,8.66667,8,9.33333],"texture":"#3"},"south":{"uv":[10,4,10.66667,4.66667],"texture":"#3"},"west":{"uv":[4.66667,10,5.33333,10.66667],"texture":"#3"},"up":{"uv":[10.66667,5.33333,10,4.66667],"texture":"#3"},"down":{"uv":[6,10,5.33333,10.66667],"texture":"#3"}}},{"from":[7.5,0.7,7.5],"to":[8.5,1.7,8.5],"rotation":{"angle":0,"axis":"y","origin":[7.5,0.7,7.5]},"faces":{"north":{"uv":[6,10,6.66667,10.66667],"texture":"#3"},"east":{"uv":[6.66667,10,7.33333,10.66667],"texture":"#3"},"south":{"uv":[10,9.33333,10.66667,10],"texture":"#3"},"west":{"uv":[10,10,10.66667,10.66667],"texture":"#3"},"up":{"uv":[11.33333,0.66667,10.66667,0],"texture":"#3"}}},{"from":[7.5,1.85,7.5],"to":[8.5,2.35,8.5],"rotation":{"angle":0,"axis":"y","origin":[7.5,1.85,7.5]},"faces":{"north":{"uv":[8,10.66667,8.66667,11],"texture":"#3"},"east":{"uv":[8.66667,10.66667,9.33333,11],"texture":"#3"},"south":{"uv":[10.66667,8.66667,11.33333,9],"texture":"#3"},"west":{"uv":[9.33333,10.66667,10,11],"texture":"#3"},"up":{"uv":[11.33333,1.33333,10.66667,0.66667],"texture":"#3"},"down":{"uv":[2,10.66667,1.33333,11.33333],"texture":"#3"}}},{"from":[7.5,3.55,7.5],"to":[8.5,4.05,8.5],"rotation":{"angle":0,"axis":"y","origin":[7.5,3.55,7.5]},"faces":{"north":{"uv":[10.66667,9.33333,11.33333,9.66667],"texture":"#3"},"east":{"uv":[10,10.66667,10.66667,11],"texture":"#3"},"south":{"uv":[10.66667,10,11.33333,10.33333],"texture":"#3"},"west":{"uv":[10.66667,10.66667,11.33333,11],"texture":"#3"},"up":{"uv":[2.66667,11.33333,2,10.66667],"texture":"#3"},"down":{"uv":[3.33333,10.66667,2.66667,11.33333],"texture":"#3"}}},{"from":[7.5,4.2,7.5],"to":[8.5,5.2,8.5],"rotation":{"angle":0,"axis":"y","origin":[7.5,4.2,7.5]},"faces":{"north":{"uv":[10.66667,2.66667,11.33333,3.33333],"texture":"#3"},"east":{"uv":[3.33333,10.66667,4,11.33333],"texture":"#3"},"south":{"uv":[10.66667,3.33333,11.33333,4],"texture":"#3"},"west":{"uv":[10.66667,4,11.33333,4.66667],"texture":"#3"},"down":{"uv":[5.33333,10.66667,4.66667,11.33333],"texture":"#3"}}},{"from":[7.5,12.2,7.5],"to":[8.5,13.2,8.5],"rotation":{"angle":0,"axis":"y","origin":[7.5,4.2,7.5]},"faces":{"north":{"uv":[10.66667,4.66667,11.33333,5.33333],"texture":"#3"},"east":{"uv":[5.33333,10.66667,6,11.33333],"texture":"#3"},"south":{"uv":[10.66667,5.33333,11.33333,6],"texture":"#3"},"west":{"uv":[6,10.66667,6.66667,11.33333],"texture":"#3"},"down":{"uv":[11.33333,6,10.66667,6.66667],"texture":"#3"}}},{"from":[7.6,1.7,7.6],"to":[8.4,4.2,8.4],"rotation":{"angle":0,"axis":"y","origin":[7.5,3.7,7.5]},"faces":{"north":{"uv":[7.33333,4.66667,8,6.33333],"texture":"#3"},"east":{"uv":[7.33333,6.66667,8,8.33333],"texture":"#3"},"south":{"uv":[8,1.33333,8.66667,3],"texture":"#3"},"west":{"uv":[8,3.33333,8.66667,5],"texture":"#3"}}},{"from":[7.25,13,7.5],"to":[8.75,14.5,9],"rotation":{"angle":45,"axis":"x","origin":[8,14,8]},"faces":{"east":{"uv":[6.66667,1.33333,7.66667,2.33333],"texture":"#3"},"south":{"uv":[8,5.33333,9,6.33333],"texture":"#3"},"west":{"uv":[8,6.66667,9,7.66667],"texture":"#3"},"down":{"uv":[9,8,8,9],"texture":"#3"}}},{"from":[7.5,14.5,7.5],"to":[8.5,16,9],"rotation":{"angle":-45,"axis":"x","origin":[8,15,8]},"faces":{"east":{"uv":[0,8.66667,1,9.66667],"texture":"#3"},"south":{"uv":[0.66667,10,1.33333,11],"texture":"#3"},"west":{"uv":[8.66667,1.33333,9.66667,2.33333],"texture":"#3"},"up":{"uv":[10.66667,3.66667,10,2.66667],"texture":"#3"}}},{"from":[7.25,14.5,7.5],"to":[8.75,16,9],"rotation":{"angle":45,"axis":"x","origin":[8,14,8]},"faces":{"north":{"uv":[8.66667,2.66667,9.66667,3.66667],"texture":"#3"},"east":{"uv":[8.66667,4,9.66667,5],"texture":"#3"},"south":{"uv":[4.66667,8.66667,5.66667,9.66667],"texture":"#3"},"west":{"uv":[6,8.66667,7,9.66667],"texture":"#3"},"up":{"uv":[10.33333,1,9.33333,0],"texture":"#3"},"down":{"uv":[2.33333,9.33333,1.33333,10.33333],"texture":"#3"}}},{"from":[7.25,13,6],"to":[8.75,14.5,7.5],"rotation":{"angle":45,"axis":"x","origin":[8,14,8]},"faces":{"north":{"uv":[2.66667,9.33333,3.66667,10.33333],"texture":"#3"},"east":{"uv":[9.33333,5.33333,10.33333,6.33333],"texture":"#3"},"south":{"uv":[9.33333,6.66667,10.33333,7.66667],"texture":"#3"},"west":{"uv":[7.33333,9.33333,8.33333,10.33333],"texture":"#3"},"up":{"uv":[10.33333,9,9.33333,8],"texture":"#3"},"down":{"uv":[9.66667,9.33333,8.66667,10.33333],"texture":"#3"}}},{"from":[7.975,-2,6.5],"to":[8.025,0.5,9],"rotation":{"angle":-45,"axis":"x","origin":[7.975,-0.5,8]},"faces":{"east":{"uv":[8.33333,13,10,14.66667],"texture":"#3"},"west":{"uv":[6.33333,13,8,14.66667],"texture":"#3"}}},{"from":[7.4,5.2,7.4],"to":[8.6,12.2,8.6],"rotation":{"angle":0,"axis":"y","origin":[7.5,5.2,7.5]},"faces":{"north":{"uv":[2,4.66667,2.66667,9.33333],"texture":"#3"},"east":{"uv":[2.66667,4.66667,3.33333,9.33333],"texture":"#3"},"south":{"uv":[3.33333,4.66667,4,9.33333],"texture":"#3"},"west":{"uv":[4,4.66667,4.66667,9.33333],"texture":"#3"},"up":{"uv":[7.33333,11.33333,6.66667,10.66667],"texture":"#3"},"down":{"uv":[11.33333,6.66667,10.66667,7.33333],"texture":"#3"}}},{"from":[7.55,10.75,8.25],"to":[8.45,13.75,11.25],"rotation":{"angle":45,"axis":"x","origin":[8,12.25,9.75]},"faces":{"north":{"uv":[1.33333,6.66667,0.66667,8.66667],"texture":"#3"},"east":{"uv":[2,13,0,15],"texture":"#3"},"south":{"uv":[0.66667,6.66667,0,8.66667],"texture":"#3"},"west":{"uv":[4,13,2,15],"texture":"#3"},"up":{"uv":[2,6.66667,1.33333,8.66667],"texture":"#3"},"down":{"uv":[5.33333,8.66667,4.66667,6.66667],"texture":"#3"}}},{"from":[7.55,10.75,4.75],"to":[8.45,13.75,7.75],"rotation":{"angle":-45,"axis":"x","origin":[8,12.25,6.25]},"faces":{"north":{"uv":[6.66667,4.66667,7.33333,6.66667],"texture":"#3"},"east":{"uv":[4,13,6,15],"texture":"#3"},"south":{"uv":[5.33333,6.66667,6,8.66667],"texture":"#3"},"west":{"uv":[0,4.66667,2,6.66667],"texture":"#3"},"up":{"uv":[6.66667,8.66667,6,6.66667],"texture":"#3"},"down":{"uv":[7.33333,6.66667,6.66667,8.66667],"texture":"#3"}}},{"from":[7.75,13.25,2.25],"to":[8.25,14.25,6.25],"rotation":{"angle":0,"axis":"y","origin":[0.75,0,0]},"faces":{"north":{"uv":[11.33333,0,11.66667,0.66667],"texture":"#3"},"east":{"uv":[6.66667,0,9.33333,0.66667],"texture":"#3"},"south":{"uv":[0.66667,11.33333,1,12],"texture":"#3"},"west":{"uv":[6.66667,0.66667,9.33333,1.33333],"texture":"#3"},"up":{"uv":[4.33333,12,4,9.33333],"texture":"#3"},"down":{"uv":[0.33333,10,0,12.66667],"texture":"#3"}}},{"from":[7.755,14.16421,1.04289],"to":[8.245,15.16421,3.04289],"rotation":{"angle":45,"axis":"x","origin":[8.005,14.66421,1.54289]},"faces":{"north":{"uv":[11.33333,0.66667,11.66667,1.33333],"texture":"#3"},"east":{"uv":[10,1.33333,11.33333,2],"texture":"#3"},"south":{"uv":[1.33333,11.33333,1.66667,12],"texture":"#3"},"west":{"uv":[10,2,11.33333,2.66667],"texture":"#3"},"up":{"uv":[7.66667,12,7.33333,10.66667],"texture":"#3"},"down":{"uv":[11,7.33333,10.66667,8.66667],"texture":"#3"}}},{"from":[7.975,10.6,-2],"to":[8.025,14.6,8],"rotation":{"angle":0,"axis":"y","origin":[7.975,7.6,0]},"faces":{"east":{"uv":[6.66667,0,0,2.66667],"texture":"#3"},"west":{"uv":[0,0,6.66667,2.66667],"texture":"#3"}}},{"from":[7.75,13.25,9.75],"to":[8.25,14.25,13.75],"rotation":{"angle":0,"axis":"y","origin":[0.75,0,16]},"faces":{"north":{"uv":[1,11.33333,0.66667,12],"texture":"#3"},"east":{"uv":[9.33333,0,6.66667,0.66667],"texture":"#3"},"south":{"uv":[11.66667,0,11.33333,0.66667],"texture":"#3"},"west":{"uv":[9.33333,0.66667,6.66667,1.33333],"texture":"#3"},"up":{"uv":[4.33333,9.33333,4,12],"texture":"#3"},"down":{"uv":[0.33333,12.66667,0,10],"texture":"#3"}}},{"from":[7.755,14.16421,12.95711],"to":[8.245,15.16421,14.95711],"rotation":{"angle":-45,"axis":"x","origin":[8.005,14.66421,14.45711]},"faces":{"north":{"uv":[1.66667,11.33333,1.33333,12],"texture":"#3"},"east":{"uv":[11.33333,1.33333,10,2],"texture":"#3"},"south":{"uv":[11.66667,0.66667,11.33333,1.33333],"texture":"#3"},"west":{"uv":[11.33333,2,10,2.66667],"texture":"#3"},"up":{"uv":[7.66667,10.66667,7.33333,12],"texture":"#3"},"down":{"uv":[11,8.66667,10.66667,7.33333],"texture":"#3"}}},{"from":[7.975,10.6,8],"to":[8.025,14.6,18],"rotation":{"angle":0,"axis":"y","origin":[7.975,7.6,16]},"faces":{"east":{"uv":[0,0,6.66667,2.66667],"texture":"#3"},"west":{"uv":[6.66667,0,0,2.66667],"texture":"#3"}}},{"from":[7.65,8.75,10],"to":[7.65,16.75,18],"rotation":{"angle":0,"axis":"x","origin":[7.65,12.75,8]},"faces":{"west":{"uv":[0,0,16,16],"rotation":180,"texture":"#2"}}},{"from":[7.65,8.75,-2],"to":[7.65,16.75,6],"rotation":{"angle":0,"axis":"x","origin":[7.65,12.75,8]},"faces":{"west":{"uv":[16,0,0,16],"rotation":180,"texture":"#2"}}},{"from":[8.35,8.75,10],"to":[8.35,16.75,18],"rotation":{"angle":0,"axis":"x","origin":[8.35,12.75,8]},"faces":{"east":{"uv":[16,0,0,16],"rotation":180,"texture":"#2"}}},{"from":[8.35,8.75,-2],"to":[8.35,16.75,6],"rotation":{"angle":0,"axis":"x","origin":[8.35,12.75,8]},"faces":{"east":{"uv":[0,0,16,16],"rotation":180,"texture":"#2"}}}],"gui_light":"front","display":{"thirdperson_righthand":{"translation":[0,3.25,1]},"thirdperson_lefthand":{"translation":[0,3.25,1]},"firstperson_righthand":{"rotation":[-10,0,0],"translation":[0,4.25,0]},"firstperson_lefthand":{"rotation":[-10,0,0],"translation":[0,4.25,0]},"ground":{"rotation":[-45,0,0],"translation":[0,7,0]},"gui":{"rotation":[-90,45,90],"translation":[1.5,-1.5,0]},"head":{"scale":[1.5,1.5,1.5],"rotation":[0,90,0]},"fixed":{"rotation":[90,-90,90],"translation":[0,1.5,-1.25],"scale":[1.5,1.5,1.5]}}}