{"credit":"Made by PolygonMC","texture_size":[24,24],"textures":{"2":"sweetheartset:animations/animations_02","4":"sweetheartset:shovel","particle":"sweetheartset:shovel"},"elements":[{"from":[7.425,-0.075,7.425],"to":[8.575,1.075,8.575],"rotation":{"angle":45,"axis":"x","origin":[8,0.5,8]},"faces":{"north":{"uv":[2.66667,8.66667,3.33333,9.33333],"texture":"#4"},"east":{"uv":[9.33333,1.33333,10,2],"texture":"#4"},"south":{"uv":[10.66667,0,11.33333,0.66667],"texture":"#4"},"west":{"uv":[10.66667,0.66667,11.33333,1.33333],"texture":"#4"},"up":{"uv":[4.66667,11.33333,4,10.66667],"texture":"#4"},"down":{"uv":[11.33333,8,10.66667,8.66667],"texture":"#4"}}},{"from":[7.5,0.7,7.5],"to":[8.5,1.7,8.5],"rotation":{"angle":0,"axis":"y","origin":[7.5,0.7,7.5]},"faces":{"north":{"uv":[10.66667,8.66667,11.33333,9.33333],"texture":"#4"},"east":{"uv":[10.66667,9.33333,11.33333,10],"texture":"#4"},"south":{"uv":[10,10.66667,10.66667,11.33333],"texture":"#4"},"west":{"uv":[10.66667,10,11.33333,10.66667],"texture":"#4"},"up":{"uv":[11.33333,11.33333,10.66667,10.66667],"texture":"#4"}}},{"from":[7.5,1.85,7.5],"to":[8.5,2.35,8.5],"rotation":{"angle":0,"axis":"y","origin":[7.5,1.85,7.5]},"faces":{"north":{"uv":[7.33333,11.33333,8,11.66667],"texture":"#4"},"east":{"uv":[11.33333,7.33333,12,7.66667],"texture":"#4"},"south":{"uv":[8,11.33333,8.66667,11.66667],"texture":"#4"},"west":{"uv":[11.33333,8,12,8.33333],"texture":"#4"},"up":{"uv":[12,0.66667,11.33333,0],"texture":"#4"},"down":{"uv":[12,0.66667,11.33333,1.33333],"texture":"#4"}}},{"from":[7.5,3.55,7.5],"to":[8.5,4.05,8.5],"rotation":{"angle":0,"axis":"y","origin":[7.5,3.55,7.5]},"faces":{"north":{"uv":[8.66667,11.33333,9.33333,11.66667],"texture":"#4"},"east":{"uv":[11.33333,8.66667,12,9],"texture":"#4"},"south":{"uv":[9.33333,11.33333,10,11.66667],"texture":"#4"},"west":{"uv":[11.33333,9.33333,12,9.66667],"texture":"#4"},"up":{"uv":[2,12,1.33333,11.33333],"texture":"#4"},"down":{"uv":[12,1.33333,11.33333,2],"texture":"#4"}}},{"from":[7.5,4.2,7.5],"to":[8.5,5.2,8.5],"rotation":{"angle":0,"axis":"y","origin":[7.5,4.2,7.5]},"faces":{"north":{"uv":[2,11.33333,2.66667,12],"texture":"#4"},"east":{"uv":[11.33333,2,12,2.66667],"texture":"#4"},"south":{"uv":[11.33333,2.66667,12,3.33333],"texture":"#4"},"west":{"uv":[11.33333,3.33333,12,4],"texture":"#4"},"down":{"uv":[4.66667,11.33333,4,12],"texture":"#4"}}},{"from":[7.5,9.2,7.5],"to":[8.5,10.2,8.5],"rotation":{"angle":0,"axis":"y","origin":[7.5,1.2,7.5]},"faces":{"north":{"uv":[11.33333,4,12,4.66667],"texture":"#4"},"east":{"uv":[11.33333,4.66667,12,5.33333],"texture":"#4"},"south":{"uv":[11.33333,5.33333,12,6],"texture":"#4"},"west":{"uv":[6,11.33333,6.66667,12],"texture":"#4"},"down":{"uv":[12,6,11.33333,6.66667],"texture":"#4"}}},{"from":[7.6,1.7,7.6],"to":[8.4,4.2,8.4],"rotation":{"angle":0,"axis":"y","origin":[7.5,3.7,7.5]},"faces":{"north":{"uv":[6,8,6.66667,9.66667],"texture":"#4"},"east":{"uv":[8,6,8.66667,7.66667],"texture":"#4"},"south":{"uv":[8,8,8.66667,9.66667],"texture":"#4"},"west":{"uv":[8.66667,0,9.33333,1.66667],"texture":"#4"}}},{"from":[7.25,10,7.5],"to":[8.75,11.5,9],"rotation":{"angle":45,"axis":"x","origin":[8,11,8]},"faces":{"east":{"uv":[1.33333,8.66667,2.33333,9.66667],"texture":"#4"},"south":{"uv":[8.66667,2,9.66667,3],"texture":"#4"},"west":{"uv":[8.66667,3.33333,9.66667,4.33333],"texture":"#4"},"down":{"uv":[9.66667,4.66667,8.66667,5.66667],"texture":"#4"}}},{"from":[7.5,11.5,7.5],"to":[8.5,13,9],"rotation":{"angle":-45,"axis":"x","origin":[8,12,8]},"faces":{"east":{"uv":[8.66667,6,9.66667,7],"texture":"#4"},"south":{"uv":[8.66667,10,9.33333,11],"texture":"#4"},"west":{"uv":[6.66667,8.66667,7.66667,9.66667],"texture":"#4"},"up":{"uv":[10,11,9.33333,10],"texture":"#4"}}},{"from":[7.25,11.5,7.5],"to":[8.75,13,9],"rotation":{"angle":45,"axis":"x","origin":[8,11,8]},"faces":{"north":{"uv":[8.66667,7.33333,9.66667,8.33333],"texture":"#4"},"east":{"uv":[8.66667,8.66667,9.66667,9.66667],"texture":"#4"},"south":{"uv":[9.33333,0,10.33333,1],"texture":"#4"},"west":{"uv":[2.66667,9.33333,3.66667,10.33333],"texture":"#4"},"up":{"uv":[2.33333,11,1.33333,10],"texture":"#4"},"down":{"uv":[11,1.33333,10,2.33333],"texture":"#4"}}},{"from":[7.25,10,6],"to":[8.75,11.5,7.5],"rotation":{"angle":45,"axis":"x","origin":[8,11,8]},"faces":{"north":{"uv":[10,2.66667,11,3.66667],"texture":"#4"},"east":{"uv":[10,4,11,5],"texture":"#4"},"south":{"uv":[10,5.33333,11,6.33333],"texture":"#4"},"west":{"uv":[6,10,7,11],"texture":"#4"},"up":{"uv":[11,7.66667,10,6.66667],"texture":"#4"},"down":{"uv":[8.33333,10,7.33333,11],"texture":"#4"}}},{"from":[7.975,-2,6.5],"to":[8.025,0.5,9],"rotation":{"angle":-45,"axis":"x","origin":[7.975,-0.5,8]},"faces":{"east":{"uv":[6.66667,2,8.33333,3.66667],"texture":"#4"},"west":{"uv":[6.66667,4,8.33333,5.66667],"texture":"#4"}}},{"from":[7.4,5.2,7.4],"to":[8.6,9.2,8.6],"rotation":{"angle":0,"axis":"y","origin":[7.5,5.2,7.5]},"faces":{"north":{"uv":[4.66667,8,4,10.66667],"texture":"#4"},"east":{"uv":[4,8,4.66667,10.66667],"texture":"#4"},"south":{"uv":[4.66667,8,4,10.66667],"texture":"#4"},"west":{"uv":[4,8,4.66667,10.66667],"texture":"#4"},"up":{"uv":[7.33333,12,6.66667,11.33333],"texture":"#4"},"down":{"uv":[12,6.66667,11.33333,7.33333],"texture":"#4"}}},{"from":[7.65,12,4],"to":[7.65,20,12],"rotation":{"angle":0,"axis":"x","origin":[7.65,16,8]},"faces":{"west":{"uv":[16,0,0,16],"rotation":270,"texture":"#2"}}},{"from":[8.35,12,4],"to":[8.35,20,12],"rotation":{"angle":0,"axis":"x","origin":[8.35,16,8]},"faces":{"east":{"uv":[16,16,0,0],"rotation":270,"texture":"#2"}}},{"from":[7.745,16.12021,7],"to":[8.255,18.95021,9.83],"rotation":{"angle":-45,"axis":"x","origin":[7.995,17.12021,8]},"faces":{"north":{"uv":[0,10.66667,0.33333,12.66667],"texture":"#4"},"east":{"uv":[6.66667,0,8.66667,2],"texture":"#4"},"south":{"uv":[0.66667,10.66667,1,12.66667],"texture":"#4"},"west":{"uv":[1.33333,6.66667,3.33333,8.66667],"texture":"#4"},"up":{"uv":[3,12.66667,2.66667,10.66667],"texture":"#4"},"down":{"uv":[3.66667,10.66667,3.33333,12.66667],"texture":"#4"}}},{"from":[7.75,11.70711,6],"to":[8.25,17.70711,10],"rotation":{"angle":0,"axis":"x","origin":[8,13.20711,8]},"faces":{"north":{"uv":[4.66667,8,5,12],"texture":"#4"},"east":{"uv":[4,0,6.66667,4],"texture":"#4"},"south":{"uv":[5.33333,8,5.66667,12],"texture":"#4"},"west":{"uv":[4,4,6.66667,8],"texture":"#4"},"down":{"uv":[10.33333,8,10,10.66667],"texture":"#4"}}},{"from":[7.975,5.25,5.45],"to":[8.025,11.25,7.55],"rotation":{"angle":0,"axis":"y","origin":[7.975,5.25,3.75]},"faces":{"east":{"uv":[1.33333,6.66667,0,10.66667],"texture":"#4"},"west":{"uv":[0,6.66667,1.33333,10.66667],"texture":"#4"}}},{"from":[7.975,5.25,8.45],"to":[8.025,11.25,10.55],"rotation":{"angle":0,"axis":"y","origin":[7.975,5.25,12.25]},"faces":{"east":{"uv":[0,6.66667,1.33333,10.66667],"texture":"#4"},"west":{"uv":[1.33333,6.66667,0,10.66667],"texture":"#4"}}},{"from":[7.975,11.5,4.95],"to":[8.025,21,11.05],"rotation":{"angle":0,"axis":"y","origin":[7.975,11.5,3.25]},"faces":{"east":{"uv":[4,0,0,6.33333],"texture":"#4"},"west":{"uv":[0,0,4,6.33333],"texture":"#4"}}}],"gui_light":"front","display":{"thirdperson_righthand":{"translation":[0,3.25,1]},"thirdperson_lefthand":{"translation":[0,3.25,1]},"firstperson_righthand":{"rotation":[-10,25,0],"translation":[0,4.25,0]},"firstperson_lefthand":{"rotation":[-10,25,0],"translation":[0,4.25,0]},"ground":{"rotation":[-45,0,0],"translation":[0,7,0]},"gui":{"rotation":[-90,45,90],"translation":[1.5,-1.5,0]},"head":{"scale":[1.5,1.5,1.5],"rotation":[0,90,0]},"fixed":{"rotation":[90,-90,90],"translation":[0,-2,-1.25],"scale":[1.5,1.5,1.5]}}}