{"credit":"Made by PolygonMC","texture_size":[8,8],"textures":{"1":"sweetheartset:spear","2":"sweetheartset:animations/animations_03","particle":"sweetheartset:animations/animations_03"},"elements":[{"from":[7.425,-0.075,7.425],"to":[8.575,1.075,8.575],"rotation":{"angle":45,"axis":"x","origin":[8,0.5,8]},"faces":{"north":{"uv":[2,8,2.66667,8.66667],"texture":"#1"},"east":{"uv":[8,7.33333,8.66667,8],"texture":"#1"},"south":{"uv":[8.66667,1.33333,9.33333,2],"texture":"#1"},"west":{"uv":[3.33333,8.66667,4,9.33333],"texture":"#1"},"up":{"uv":[10,7.33333,9.33333,6.66667],"texture":"#1"},"down":{"uv":[2.66667,10,2,10.66667],"texture":"#1"}}},{"from":[7.725,27.425,7.425],"to":[8.275,28.575,8.575],"rotation":{"angle":-45,"axis":"x","origin":[8,28,8]},"faces":{"north":{"uv":[10.66667,10.66667,11,11.33333],"texture":"#1"},"east":{"uv":[2.66667,10,3.33333,10.66667],"texture":"#1"},"south":{"uv":[0,11.33333,0.33333,12],"texture":"#1"},"west":{"uv":[10,6.66667,10.66667,7.33333],"texture":"#1"},"up":{"uv":[11.66667,0.66667,11.33333,0],"texture":"#1"},"down":{"uv":[11.66667,0.66667,11.33333,1.33333],"texture":"#1"}}},{"from":[7.5,0.7,7.5],"to":[8.5,1.7,8.5],"rotation":{"angle":0,"axis":"y","origin":[7.5,0.7,7.5]},"faces":{"north":{"uv":[10,7.33333,10.66667,8],"texture":"#1"},"east":{"uv":[10,8,10.66667,8.66667],"texture":"#1"},"south":{"uv":[8.66667,10,9.33333,10.66667],"texture":"#1"},"west":{"uv":[10,8.66667,10.66667,9.33333],"texture":"#1"},"up":{"uv":[10,10.66667,9.33333,10],"texture":"#1"}}},{"from":[7.5,1.85,7.5],"to":[8.5,2.35,8.5],"rotation":{"angle":0,"axis":"y","origin":[7.5,1.85,7.5]},"faces":{"north":{"uv":[11.33333,1.33333,12,1.66667],"texture":"#1"},"east":{"uv":[2,11.33333,2.66667,11.66667],"texture":"#1"},"south":{"uv":[11.33333,2,12,2.33333],"texture":"#1"},"west":{"uv":[2.66667,11.33333,3.33333,11.66667],"texture":"#1"},"up":{"uv":[10.66667,10,10,9.33333],"texture":"#1"},"down":{"uv":[10.66667,10,10,10.66667],"texture":"#1"}}},{"from":[7.5,3.55,7.5],"to":[8.5,4.05,8.5],"rotation":{"angle":0,"axis":"y","origin":[7.5,3.55,7.5]},"faces":{"north":{"uv":[11.33333,2.66667,12,3],"texture":"#1"},"east":{"uv":[3.33333,11.33333,4,11.66667],"texture":"#1"},"south":{"uv":[11.33333,3.33333,12,3.66667],"texture":"#1"},"west":{"uv":[4,11.33333,4.66667,11.66667],"texture":"#1"},"up":{"uv":[0.66667,11.33333,0,10.66667],"texture":"#1"},"down":{"uv":[11.33333,0,10.66667,0.66667],"texture":"#1"}}},{"from":[7.5,4.2,7.5],"to":[8.5,5.2,8.5],"rotation":{"angle":0,"axis":"y","origin":[7.5,4.2,7.5]},"faces":{"north":{"uv":[10.66667,0.66667,11.33333,1.33333],"texture":"#1"},"east":{"uv":[10.66667,1.33333,11.33333,2],"texture":"#1"},"south":{"uv":[2,10.66667,2.66667,11.33333],"texture":"#1"},"west":{"uv":[10.66667,2,11.33333,2.66667],"texture":"#1"},"down":{"uv":[3.33333,10.66667,2.66667,11.33333],"texture":"#1"}}},{"from":[7.5,20.2,7.5],"to":[8.5,21.2,8.5],"rotation":{"angle":0,"axis":"y","origin":[7.5,12.2,7.5]},"faces":{"north":{"uv":[10.66667,2.66667,11.33333,3.33333],"texture":"#1"},"east":{"uv":[3.33333,10.66667,4,11.33333],"texture":"#1"},"south":{"uv":[10.66667,3.33333,11.33333,4],"texture":"#1"},"west":{"uv":[4,10.66667,4.66667,11.33333],"texture":"#1"},"down":{"uv":[11.33333,4,10.66667,4.66667],"texture":"#1"}}},{"from":[7.6,1.7,7.6],"to":[8.4,4.2,8.4],"rotation":{"angle":0,"axis":"y","origin":[7.5,3.7,7.5]},"faces":{"north":{"uv":[7.33333,2,8,3.66667],"texture":"#1"},"east":{"uv":[7.33333,4,8,5.66667],"texture":"#1"},"south":{"uv":[6,7.33333,6.66667,9],"texture":"#1"},"west":{"uv":[7.33333,6,8,7.66667],"texture":"#1"}}},{"from":[7.5,12.2,7.5],"to":[8.5,13.2,8.5],"rotation":{"angle":0,"axis":"y","origin":[7.5,12.2,7.5]},"faces":{"north":{"uv":[4.66667,10.66667,5.33333,11.33333],"texture":"#1"},"east":{"uv":[10.66667,4.66667,11.33333,5.33333],"texture":"#1"},"south":{"uv":[5.33333,10.66667,6,11.33333],"texture":"#1"},"west":{"uv":[10.66667,5.33333,11.33333,6],"texture":"#1"},"up":{"uv":[6.66667,11.33333,6,10.66667],"texture":"#1"}}},{"from":[7.5,13.35,7.5],"to":[8.5,13.85,8.5],"rotation":{"angle":0,"axis":"y","origin":[7.5,13.35,7.5]},"faces":{"north":{"uv":[11.33333,4,12,4.33333],"texture":"#1"},"east":{"uv":[4.66667,11.33333,5.33333,11.66667],"texture":"#1"},"south":{"uv":[11.33333,4.66667,12,5],"texture":"#1"},"west":{"uv":[5.33333,11.33333,6,11.66667],"texture":"#1"},"up":{"uv":[11.33333,6.66667,10.66667,6],"texture":"#1"},"down":{"uv":[7.33333,10.66667,6.66667,11.33333],"texture":"#1"}}},{"from":[7.5,15.05,7.5],"to":[8.5,15.55,8.5],"rotation":{"angle":0,"axis":"y","origin":[7.5,15.05,7.5]},"faces":{"north":{"uv":[11.33333,5.33333,12,5.66667],"texture":"#1"},"east":{"uv":[6,11.33333,6.66667,11.66667],"texture":"#1"},"south":{"uv":[11.33333,6,12,6.33333],"texture":"#1"},"west":{"uv":[6.66667,11.33333,7.33333,11.66667],"texture":"#1"},"up":{"uv":[11.33333,7.33333,10.66667,6.66667],"texture":"#1"},"down":{"uv":[8,10.66667,7.33333,11.33333],"texture":"#1"}}},{"from":[7.5,15.7,7.5],"to":[8.5,16.7,8.5],"rotation":{"angle":0,"axis":"y","origin":[7.5,15.7,7.5]},"faces":{"north":{"uv":[10.66667,7.33333,11.33333,8],"texture":"#1"},"east":{"uv":[8,10.66667,8.66667,11.33333],"texture":"#1"},"south":{"uv":[10.66667,8,11.33333,8.66667],"texture":"#1"},"west":{"uv":[8.66667,10.66667,9.33333,11.33333],"texture":"#1"},"down":{"uv":[11.33333,8.66667,10.66667,9.33333],"texture":"#1"}}},{"from":[7.6,13.2,7.6],"to":[8.4,15.7,8.4],"rotation":{"angle":0,"axis":"y","origin":[7.5,15.2,7.5]},"faces":{"north":{"uv":[6.66667,7.33333,7.33333,9],"texture":"#1"},"east":{"uv":[8,0,8.66667,1.66667],"texture":"#1"},"south":{"uv":[0.66667,8,1.33333,9.66667],"texture":"#1"},"west":{"uv":[1.33333,8,2,9.66667],"texture":"#1"}}},{"from":[7.25,21,7.5],"to":[8.75,22.5,9],"rotation":{"angle":45,"axis":"x","origin":[8,22,8]},"faces":{"east":{"uv":[8,2,9,3],"texture":"#1"},"south":{"uv":[8,3.33333,9,4.33333],"texture":"#1"},"west":{"uv":[4,8,5,9],"texture":"#1"},"down":{"uv":[9,4.66667,8,5.66667],"texture":"#1"}}},{"from":[7.5,22.5,7.5],"to":[8.5,24,9],"rotation":{"angle":-45,"axis":"x","origin":[8,23,8]},"faces":{"east":{"uv":[8,6,9,7],"texture":"#1"},"south":{"uv":[5.33333,8,6,9],"texture":"#1"},"west":{"uv":[7.33333,8,8.33333,9],"texture":"#1"},"up":{"uv":[10.66667,1,10,0],"texture":"#1"}}},{"from":[7.25,22.5,7.5],"to":[8.75,24,9],"rotation":{"angle":45,"axis":"x","origin":[8,22,8]},"faces":{"north":{"uv":[8.66667,0,9.66667,1],"texture":"#1"},"east":{"uv":[2,8.66667,3,9.66667],"texture":"#1"},"south":{"uv":[8.66667,7.33333,9.66667,8.33333],"texture":"#1"},"west":{"uv":[8.66667,8.66667,9.66667,9.66667],"texture":"#1"},"up":{"uv":[10.33333,2.33333,9.33333,1.33333],"texture":"#1"},"down":{"uv":[10.33333,2.66667,9.33333,3.66667],"texture":"#1"}}},{"from":[7.25,21,6],"to":[8.75,22.5,7.5],"rotation":{"angle":45,"axis":"x","origin":[8,22,8]},"faces":{"north":{"uv":[3.33333,9.33333,4.33333,10.33333],"texture":"#1"},"east":{"uv":[9.33333,4,10.33333,5],"texture":"#1"},"south":{"uv":[4.66667,9.33333,5.66667,10.33333],"texture":"#1"},"west":{"uv":[9.33333,5.33333,10.33333,6.33333],"texture":"#1"},"up":{"uv":[7,10.33333,6,9.33333],"texture":"#1"},"down":{"uv":[8.33333,9.33333,7.33333,10.33333],"texture":"#1"}}},{"from":[7.975,-2,6.5],"to":[8.025,0.5,9],"rotation":{"angle":-45,"axis":"x","origin":[7.975,-0.5,8]},"faces":{"east":{"uv":[6,0,7.66667,1.66667],"texture":"#1"},"west":{"uv":[0.66667,6,2.33333,7.66667],"texture":"#1"}}},{"from":[7.4,5.2,7.4],"to":[8.6,12.2,8.6],"rotation":{"angle":0,"axis":"y","origin":[7.5,5.2,7.5]},"faces":{"north":{"uv":[4,3.33333,4.66667,8],"texture":"#1"},"east":{"uv":[4.66667,3.33333,5.33333,8],"texture":"#1"},"south":{"uv":[5.33333,3.33333,6,8],"texture":"#1"},"west":{"uv":[0,6,0.66667,10.66667],"texture":"#1"},"up":{"uv":[10,11.33333,9.33333,10.66667],"texture":"#1"},"down":{"uv":[11.33333,9.33333,10.66667,10],"texture":"#1"}}},{"from":[7.4,16.7,7.4],"to":[8.6,20.2,8.6],"rotation":{"angle":0,"axis":"y","origin":[7.5,16.7,7.5]},"faces":{"north":{"uv":[3.33333,6,4,8.33333],"texture":"#1"},"east":{"uv":[6,4.66667,6.66667,7],"texture":"#1"},"south":{"uv":[6.66667,2,7.33333,4.33333],"texture":"#1"},"west":{"uv":[6.66667,4.66667,7.33333,7],"texture":"#1"},"up":{"uv":[10.66667,11.33333,10,10.66667],"texture":"#1"},"down":{"uv":[11.33333,10,10.66667,10.66667],"texture":"#1"}}},{"from":[7.755,23.75,7.5],"to":[8.245,27.75,8.5],"rotation":{"angle":0,"axis":"x","origin":[8,25.78033,7.36611]},"faces":{"north":{"uv":[0.66667,10,1,12.66667],"texture":"#1"},"east":{"uv":[6,2,6.66667,4.66667],"texture":"#1"},"south":{"uv":[1.33333,10,1.66667,12.66667],"texture":"#1"},"west":{"uv":[2.66667,6,3.33333,8.66667],"texture":"#1"},"up":{"uv":[11.66667,7.33333,11.33333,6.66667],"texture":"#1"},"down":{"uv":[7.66667,11.33333,7.33333,12],"texture":"#1"}}},{"from":[7.975,23,5.25],"to":[8.025,32,10.75],"rotation":{"angle":0,"axis":"y","origin":[7.975,25,5.25]},"faces":{"east":{"uv":[3.66667,0,0,6],"texture":"#1"},"west":{"uv":[0,0,3.66667,6],"texture":"#1"}}},{"from":[7.975,16.5,5],"to":[8.025,21.5,7.5],"rotation":{"angle":0,"axis":"y","origin":[-0.025,0,0]},"faces":{"east":{"uv":[5.66667,0,4,3.33333],"texture":"#1"},"west":{"uv":[4,0,5.66667,3.33333],"texture":"#1"}}},{"from":[7.975,16.5,8.5],"to":[8.025,21.5,11],"rotation":{"angle":0,"axis":"y","origin":[-0.025,0,16]},"faces":{"east":{"uv":[4,0,5.66667,3.33333],"texture":"#1"},"west":{"uv":[5.66667,0,4,3.33333],"texture":"#1"}}},{"from":[7.4,21.25,4],"to":[7.4,29.25,12],"rotation":{"angle":0,"axis":"y","origin":[0,0,5]},"faces":{"west":{"uv":[0,0,16,16],"texture":"#2"}}},{"from":[8.6,21.25,4],"to":[8.6,29.25,12],"rotation":{"angle":0,"axis":"y","origin":[16,0,5]},"faces":{"east":{"uv":[16,0,0,16],"texture":"#2"}}}],"gui_light":"front","display":{"thirdperson_righthand":{"translation":[0,-3.25,1]},"thirdperson_lefthand":{"translation":[0,-3.25,1]},"firstperson_righthand":{"rotation":[-10,0,0],"translation":[0,-4,0]},"firstperson_lefthand":{"rotation":[-10,0,0],"translation":[0,-4,0]},"ground":{"rotation":[-45,0,0],"translation":[0,7,5.5]},"gui":{"rotation":[-90,45,90],"translation":[3.5,-3.5,0],"scale":[0.70313,0.70313,0.70313]},"head":{"scale":[1.5,1.5,1.5],"rotation":[0,90,0]},"fixed":{"rotation":[90,-90,90],"translation":[0,-8.25,-1.25],"scale":[1.5,1.5,1.5]}}}