{"display":{"ground":{"translation":[0,0.5,0],"scale":[0.5,0.5,0.5]},"gui":{"rotation":[6,153,0]},"head":{"translation":[0,-2.75,0],"scale":[1.83,1.83,1.83]},"fixed":{"translation":[0,-3.75,-2.75]}},"texture_size":[64,64],"textures":{"0":"terraecustom:item/cosmetic_helmet/arthus","particle":"terraecustom:item/cosmetic_helmet/arthus"},"elements":[{"from":[4,6,4],"to":[12,14,12],"rotation":{"angle":0,"axis":"y","origin":[12,14,12]},"faces":{"north":{"uv":[0,0,2,2],"texture":"#0"},"east":{"uv":[0,2,2,4],"texture":"#0"},"south":{"uv":[2,2,4,4],"texture":"#0"},"west":{"uv":[2,0,4,2],"texture":"#0"},"up":{"uv":[2,6,0,4],"texture":"#0"},"down":{"uv":[4,4,2,6],"texture":"#0"}}},{"from":[7.5,4.25,5.5],"to":[8.5,7.25,6.5],"rotation":{"angle":22.5,"axis":"x","origin":[15.5,12.25,13.5]},"faces":{"north":{"uv":[6.75,12.5,7,13.25],"texture":"#0"},"east":{"uv":[7,12.5,7.25,13.25],"texture":"#0"},"south":{"uv":[8,12.5,8.25,13.25],"texture":"#0"},"west":{"uv":[8.25,12.5,8.5,13.25],"texture":"#0"},"up":{"uv":[13.5,11.25,13.25,11],"texture":"#0"},"down":{"uv":[13.5,11.25,13.25,11.5],"texture":"#0"}}},{"from":[3.89734,10.30656,3],"to":[6.89734,14.30656,8],"rotation":{"angle":0,"axis":"y","origin":[11.89734,16.30656,11]},"faces":{"north":{"uv":[4.25,10,5,11],"texture":"#0"},"east":{"uv":[1.5,8.25,2.75,9.25],"texture":"#0"},"south":{"uv":[5,10,5.75,11],"texture":"#0"},"west":{"uv":[7.75,8.5,9,9.5],"texture":"#0"},"up":{"uv":[2.25,10.5,1.5,9.25],"texture":"#0"},"down":{"uv":[4.25,9.5,3.5,10.75],"texture":"#0"}}},{"from":[9.10266,10.30656,3],"to":[12.10266,14.30656,8],"rotation":{"angle":0,"axis":"y","origin":[4.10266,16.30656,11]},"faces":{"north":{"uv":[5,10,4.25,11],"texture":"#0"},"east":{"uv":[9,8.5,7.75,9.5],"texture":"#0"},"south":{"uv":[5.75,10,5,11],"texture":"#0"},"west":{"uv":[2.75,8.25,1.5,9.25],"texture":"#0"},"up":{"uv":[1.5,10.5,2.25,9.25],"texture":"#0"},"down":{"uv":[3.5,9.5,4.25,10.75],"texture":"#0"}}},{"from":[3.89734,3.30656,3],"to":[6.89734,9.30656,4],"rotation":{"angle":0,"axis":"y","origin":[11.89734,9.30656,11]},"faces":{"north":{"uv":[2.75,8.25,3.5,9.75],"texture":"#0"},"east":{"uv":[8.75,11.5,9,13],"texture":"#0"},"south":{"uv":[6,8.5,6.75,10],"texture":"#0"},"west":{"uv":[9,11.5,9.25,13],"texture":"#0"},"up":{"uv":[12.75,12,12,11.75],"texture":"#0"},"down":{"uv":[13,0,12.25,0.25],"texture":"#0"}}},{"from":[9.10266,3.30656,3],"to":[12.10266,9.30656,4],"rotation":{"angle":0,"axis":"y","origin":[4.10266,9.30656,11]},"faces":{"north":{"uv":[3.5,8.25,2.75,9.75],"texture":"#0"},"east":{"uv":[9.25,11.5,9,13],"texture":"#0"},"south":{"uv":[6.75,8.5,6,10],"texture":"#0"},"west":{"uv":[9,11.5,8.75,13],"texture":"#0"},"up":{"uv":[12,12,12.75,11.75],"texture":"#0"},"down":{"uv":[12.25,0,13,0.25],"texture":"#0"}}},{"from":[3.92234,13.25631,-0.05025],"to":[6.89734,14.25631,0.94975],"rotation":{"angle":-45,"axis":"x","origin":[11.89734,14.25631,7.94975]},"faces":{"north":{"uv":[12.25,3.25,13,3.5],"texture":"#0"},"east":{"uv":[13.25,3,13.5,3.25],"texture":"#0"},"south":{"uv":[12.25,3.5,13,3.75],"texture":"#0"},"west":{"uv":[13.25,3.25,13.5,3.5],"texture":"#0"},"up":{"uv":[13,4,12.25,3.75],"texture":"#0"},"down":{"uv":[13,4.5,12.25,4.75],"texture":"#0"}}},{"from":[9.10266,13.25631,-0.05025],"to":[12.07766,14.25631,0.94975],"rotation":{"angle":-45,"axis":"x","origin":[4.10266,14.25631,7.94975]},"faces":{"north":{"uv":[13,3.25,12.25,3.5],"texture":"#0"},"east":{"uv":[13.5,3.25,13.25,3.5],"texture":"#0"},"south":{"uv":[13,3.5,12.25,3.75],"texture":"#0"},"west":{"uv":[13.5,3,13.25,3.25],"texture":"#0"},"up":{"uv":[12.25,4,13,3.75],"texture":"#0"},"down":{"uv":[12.25,4.5,13,4.75],"texture":"#0"}}},{"from":[3.84734,5.37846,6.39115],"to":[6.84734,7.37846,8.39115],"rotation":{"angle":-22.5,"axis":"x","origin":[11.84734,18.37846,6.39115]},"faces":{"north":{"uv":[11,7.25,11.75,7.75],"texture":"#0"},"east":{"uv":[2.25,9.25,2.75,9.75],"texture":"#0"},"south":{"uv":[11,10.5,11.75,11],"texture":"#0"},"west":{"uv":[11.75,7.25,12.25,7.75],"texture":"#0"},"up":{"uv":[12,9.75,11.25,9.25],"texture":"#0"},"down":{"uv":[12,9.75,11.25,10.25],"texture":"#0"}}},{"from":[9.15266,5.37846,6.39115],"to":[12.15266,7.37846,8.39115],"rotation":{"angle":-22.5,"axis":"x","origin":[4.15266,18.37846,6.39115]},"faces":{"north":{"uv":[11.75,7.25,11,7.75],"texture":"#0"},"east":{"uv":[12.25,7.25,11.75,7.75],"texture":"#0"},"south":{"uv":[11.75,10.5,11,11],"texture":"#0"},"west":{"uv":[2.75,9.25,2.25,9.75],"texture":"#0"},"up":{"uv":[11.25,9.75,12,9.25],"texture":"#0"},"down":{"uv":[11.25,9.75,12,10.25],"texture":"#0"}}},{"from":[3.84734,5.37846,-1.60885],"to":[4.84734,7.37846,6.39115],"rotation":{"angle":-22.5,"axis":"x","origin":[11.84734,18.37846,6.39115]},"faces":{"north":{"uv":[0.25,13.25,0.5,13.75],"texture":"#0"},"east":{"uv":[6.75,9.5,8.75,10],"texture":"#0"},"south":{"uv":[0.5,13.25,0.75,13.75],"texture":"#0"},"west":{"uv":[9.5,5.75,11.5,6.25],"texture":"#0"},"up":{"uv":[1,13.25,0.75,11.25],"texture":"#0"},"down":{"uv":[1.25,11.25,1,13.25],"texture":"#0"}}},{"from":[11.15266,5.37846,-1.60885],"to":[12.15266,7.37846,6.39115],"rotation":{"angle":-22.5,"axis":"x","origin":[4.15266,18.37846,6.39115]},"faces":{"north":{"uv":[0.5,13.25,0.25,13.75],"texture":"#0"},"east":{"uv":[11.5,5.75,9.5,6.25],"texture":"#0"},"south":{"uv":[0.75,13.25,0.5,13.75],"texture":"#0"},"west":{"uv":[8.75,9.5,6.75,10],"texture":"#0"},"up":{"uv":[0.75,13.25,1,11.25],"texture":"#0"},"down":{"uv":[1,11.25,1.25,13.25],"texture":"#0"}}},{"from":[6.84734,5.32846,6.36615],"to":[9.84734,7.32846,8.36615],"rotation":{"angle":-22.5,"axis":"x","origin":[14.84734,18.32846,6.36615]},"faces":{"north":{"uv":[11.5,2,12.25,2.5],"texture":"#0"},"east":{"uv":[6.75,12,7.25,12.5],"texture":"#0"},"south":{"uv":[11.5,2.5,12.25,3],"texture":"#0"},"west":{"uv":[8,12,8.5,12.5],"texture":"#0"},"up":{"uv":[12.25,3.5,11.5,3],"texture":"#0"},"down":{"uv":[12.25,3.5,11.5,4],"texture":"#0"}}},{"from":[3.84734,7.37846,-0.60885],"to":[6.84734,10.37846,9.39115],"rotation":{"angle":-22.5,"axis":"x","origin":[11.84734,18.37846,6.39115]},"faces":{"north":{"uv":[6.5,3.25,7.25,4],"texture":"#0"},"east":{"uv":[4,3.25,6.5,4],"texture":"#0"},"south":{"uv":[10.75,3.5,11.5,4.25],"texture":"#0"},"west":{"uv":[4.75,4.75,7.25,5.5],"texture":"#0"},"up":{"uv":[5.5,2.5,4.75,0],"texture":"#0"},"down":{"uv":[5.5,5.5,4.75,8],"texture":"#0"}}},{"from":[9.15266,7.37846,-0.60885],"to":[12.15266,10.37846,9.39115],"rotation":{"angle":-22.5,"axis":"x","origin":[4.15266,18.37846,6.39115]},"faces":{"north":{"uv":[7.25,3.25,6.5,4],"texture":"#0"},"east":{"uv":[7.25,4.75,4.75,5.5],"texture":"#0"},"south":{"uv":[11.5,3.5,10.75,4.25],"texture":"#0"},"west":{"uv":[6.5,3.25,4,4],"texture":"#0"},"up":{"uv":[4.75,2.5,5.5,0],"texture":"#0"},"down":{"uv":[4.75,5.5,5.5,8],"texture":"#0"}}},{"from":[6.84734,7.32846,1.36615],"to":[9.84734,10.32846,9.36615],"rotation":{"angle":-22.5,"axis":"x","origin":[14.84734,18.32846,6.36615]},"faces":{"north":{"uv":[4.75,11,5.5,11.75],"texture":"#0"},"east":{"uv":[7.75,7.75,9.75,8.5],"texture":"#0"},"south":{"uv":[7.25,11,8,11.75],"texture":"#0"},"west":{"uv":[7.75,0,9.75,0.75],"texture":"#0"},"up":{"uv":[5.25,10,4.5,8],"texture":"#0"},"down":{"uv":[6,8,5.25,10],"texture":"#0"}}},{"from":[3.84734,10.37846,1.39115],"to":[6.84734,11.37846,10.39115],"rotation":{"angle":-22.5,"axis":"x","origin":[11.84734,18.37846,6.39115]},"faces":{"north":{"uv":[7,9.25,7.75,9.5],"texture":"#0"},"east":{"uv":[9.75,8.25,12,8.5],"texture":"#0"},"south":{"uv":[12,8.25,12.75,8.5],"texture":"#0"},"west":{"uv":[10,4.5,12.25,4.75],"texture":"#0"},"up":{"uv":[0.75,8.25,0,6],"texture":"#0"},"down":{"uv":[1.5,6,0.75,8.25],"texture":"#0"}}},{"from":[9.15266,10.37846,1.39115],"to":[12.15266,11.37846,10.39115],"rotation":{"angle":-22.5,"axis":"x","origin":[4.15266,18.37846,6.39115]},"faces":{"north":{"uv":[7.75,9.25,7,9.5],"texture":"#0"},"east":{"uv":[12.25,4.5,10,4.75],"texture":"#0"},"south":{"uv":[12.75,8.25,12,8.5],"texture":"#0"},"west":{"uv":[12,8.25,9.75,8.5],"texture":"#0"},"up":{"uv":[0,8.25,0.75,6],"texture":"#0"},"down":{"uv":[0.75,6,1.5,8.25],"texture":"#0"}}},{"from":[6.84734,10.32846,3.36615],"to":[9.84734,11.32846,10.36615],"rotation":{"angle":-22.5,"axis":"x","origin":[14.84734,18.32846,6.36615]},"faces":{"north":{"uv":[12.25,9.75,13,10],"texture":"#0"},"east":{"uv":[11,4.75,12.75,5],"texture":"#0"},"south":{"uv":[12.25,10,13,10.25],"texture":"#0"},"west":{"uv":[11,5,12.75,5.25],"texture":"#0"},"up":{"uv":[8.75,2.5,8,0.75],"texture":"#0"},"down":{"uv":[8.75,2.5,8,4.25],"texture":"#0"}}},{"from":[3.84734,11.37846,1.39115],"to":[6.84734,12.37846,10.39115],"rotation":{"angle":-22.5,"axis":"x","origin":[11.84734,18.37846,6.39115]},"faces":{"north":{"uv":[12.25,0.25,13,0.5],"texture":"#0"},"east":{"uv":[10.75,4.25,13,4.5],"texture":"#0"},"south":{"uv":[12.25,3,13,3.25],"texture":"#0"},"west":{"uv":[11,11,13.25,11.25],"texture":"#0"},"up":{"uv":[3.75,8.25,3,6],"texture":"#0"},"down":{"uv":[7,6.25,6.25,8.5],"texture":"#0"}}},{"from":[9.15266,11.37846,1.39115],"to":[12.15266,12.37846,10.39115],"rotation":{"angle":-22.5,"axis":"x","origin":[4.15266,18.37846,6.39115]},"faces":{"north":{"uv":[13,0.25,12.25,0.5],"texture":"#0"},"east":{"uv":[13.25,11,11,11.25],"texture":"#0"},"south":{"uv":[13,3,12.25,3.25],"texture":"#0"},"west":{"uv":[13,4.25,10.75,4.5],"texture":"#0"},"up":{"uv":[3,8.25,3.75,6],"texture":"#0"},"down":{"uv":[6.25,6.25,7,8.5],"texture":"#0"}}},{"from":[6.84734,11.32846,3.36615],"to":[9.84734,12.32846,10.36615],"rotation":{"angle":-22.5,"axis":"x","origin":[14.84734,18.32846,6.36615]},"faces":{"north":{"uv":[12.25,10.5,13,10.75],"texture":"#0"},"east":{"uv":[11,5.25,12.75,5.5],"texture":"#0"},"south":{"uv":[12.25,10.75,13,11],"texture":"#0"},"west":{"uv":[11,5.5,12.75,5.75],"texture":"#0"},"up":{"uv":[8.75,6,8,4.25],"texture":"#0"},"down":{"uv":[8.75,6,8,7.75],"texture":"#0"}}},{"from":[3.84734,12.37846,1.39115],"to":[6.84734,14.37846,10.39115],"rotation":{"angle":-22.5,"axis":"x","origin":[11.84734,18.37846,6.39115]},"faces":{"north":{"uv":[5.75,11.5,6.5,12],"texture":"#0"},"east":{"uv":[8.75,4.75,11,5.25],"texture":"#0"},"south":{"uv":[6.5,11.5,7.25,12],"texture":"#0"},"west":{"uv":[8.75,5.25,11,5.75],"texture":"#0"},"up":{"uv":[2.25,8.25,1.5,6],"texture":"#0"},"down":{"uv":[3,6,2.25,8.25],"texture":"#0"}}},{"from":[9.15266,12.37846,1.39115],"to":[12.15266,14.37846,10.39115],"rotation":{"angle":-22.5,"axis":"x","origin":[4.15266,18.37846,6.39115]},"faces":{"north":{"uv":[6.5,11.5,5.75,12],"texture":"#0"},"east":{"uv":[11,5.25,8.75,5.75],"texture":"#0"},"south":{"uv":[7.25,11.5,6.5,12],"texture":"#0"},"west":{"uv":[11,4.75,8.75,5.25],"texture":"#0"},"up":{"uv":[1.5,8.25,2.25,6],"texture":"#0"},"down":{"uv":[2.25,6,3,8.25],"texture":"#0"}}},{"from":[6.84734,12.32846,3.36615],"to":[9.84734,14.32846,10.36615],"rotation":{"angle":-22.5,"axis":"x","origin":[14.84734,18.32846,6.36615]},"faces":{"north":{"uv":[11.5,5.75,12.25,6.25],"texture":"#0"},"east":{"uv":[9.75,0,11.5,0.5],"texture":"#0"},"south":{"uv":[11.5,6.25,12.25,6.75],"texture":"#0"},"west":{"uv":[9.75,7.75,11.5,8.25],"texture":"#0"},"up":{"uv":[0.75,10,0,8.25],"texture":"#0"},"down":{"uv":[1.5,8.25,0.75,10],"texture":"#0"}}},{"from":[3.87234,5.37846,3.89115],"to":[4.87234,13.37846,4.89115],"rotation":{"angle":0,"axis":"y","origin":[11.87234,18.37846,11.89115]},"faces":{"north":{"uv":[2.75,11,3,13],"texture":"#0"},"east":{"uv":[5.5,11,5.75,13],"texture":"#0"},"south":{"uv":[8.5,11,8.75,13],"texture":"#0"},"west":{"uv":[10,11,10.25,13],"texture":"#0"},"up":{"uv":[13.5,2.75,13.25,2.5],"texture":"#0"},"down":{"uv":[13.5,2.75,13.25,3],"texture":"#0"}}},{"from":[11.12766,5.37846,3.89115],"to":[12.12766,13.37846,4.89115],"rotation":{"angle":0,"axis":"y","origin":[4.12766,18.37846,11.89115]},"faces":{"north":{"uv":[3,11,2.75,13],"texture":"#0"},"east":{"uv":[10.25,11,10,13],"texture":"#0"},"south":{"uv":[8.75,11,8.5,13],"texture":"#0"},"west":{"uv":[5.75,11,5.5,13],"texture":"#0"},"up":{"uv":[13.25,2.75,13.5,2.5],"texture":"#0"},"down":{"uv":[13.25,2.75,13.5,3],"texture":"#0"}}},{"from":[6.52766,10.55656,2.975],"to":[9.52766,14.55656,7.975],"rotation":{"angle":0,"axis":"y","origin":[14.52766,16.55656,10.975]},"faces":{"north":{"uv":[7.25,10,8,11],"texture":"#0"},"east":{"uv":[8.75,0.75,10,1.75],"texture":"#0"},"south":{"uv":[8,10,8.75,11],"texture":"#0"},"west":{"uv":[8.75,1.75,10,2.75],"texture":"#0"},"up":{"uv":[3,11,2.25,9.75],"texture":"#0"},"down":{"uv":[10.5,9.75,9.75,11],"texture":"#0"}}},{"from":[7.52766,9.43156,2.975],"to":[8.52766,10.43156,7.975],"rotation":{"angle":0,"axis":"y","origin":[14.52766,15.43156,10.975]},"faces":{"north":{"uv":[10,13.5,10.25,13.75],"texture":"#0"},"east":{"uv":[11.25,10.25,12.5,10.5],"texture":"#0"},"south":{"uv":[10.25,13.5,10.5,13.75],"texture":"#0"},"west":{"uv":[11.5,4,12.75,4.25],"texture":"#0"},"up":{"uv":[4,7.25,3.75,6],"texture":"#0"},"down":{"uv":[3.75,8.25,3.5,9.5],"texture":"#0"}}},{"from":[6.5,4,3.025],"to":[7.5,6,4.025],"rotation":{"angle":0,"axis":"y","origin":[14.5,17,11.025]},"faces":{"north":{"uv":[6,8,6.25,8.5],"texture":"#0"},"east":{"uv":[4.25,9.5,4.5,10],"texture":"#0"},"south":{"uv":[2,10.5,2.25,11],"texture":"#0"},"west":{"uv":[9.5,10.5,9.75,11],"texture":"#0"},"up":{"uv":[10,0.75,9.75,0.5],"texture":"#0"},"down":{"uv":[4.25,10.75,4,11],"texture":"#0"}}},{"from":[8.5,4,3.025],"to":[9.5,6,4.025],"rotation":{"angle":0,"axis":"y","origin":[1.5,17,11.025]},"faces":{"north":{"uv":[6.25,8,6,8.5],"texture":"#0"},"east":{"uv":[9.75,10.5,9.5,11],"texture":"#0"},"south":{"uv":[2.25,10.5,2,11],"texture":"#0"},"west":{"uv":[4.5,9.5,4.25,10],"texture":"#0"},"up":{"uv":[9.75,0.75,10,0.5],"texture":"#0"},"down":{"uv":[4,10.75,4.25,11],"texture":"#0"}}},{"from":[7.64594,-2.21163,3.3],"to":[9.64594,0.78837,4.3],"rotation":{"angle":-22.5,"axis":"z","origin":[16.64594,7.78837,11.3]},"faces":{"north":{"uv":[11,11.25,11.5,12],"texture":"#0"},"east":{"uv":[7,6.25,7.25,7],"texture":"#0"},"south":{"uv":[11.25,8.5,11.75,9.25],"texture":"#0"},"west":{"uv":[4.5,7.25,4.75,8],"texture":"#0"},"up":{"uv":[7.75,7,7.25,6.75],"texture":"#0"},"down":{"uv":[12.75,12,12.25,12.25],"texture":"#0"}}},{"from":[6.35406,-2.21163,3.3],"to":[8.35406,0.78837,4.3],"rotation":{"angle":22.5,"axis":"z","origin":[-0.64594,7.78837,11.3]},"faces":{"north":{"uv":[11.5,11.25,11,12],"texture":"#0"},"east":{"uv":[4.75,7.25,4.5,8],"texture":"#0"},"south":{"uv":[11.75,8.5,11.25,9.25],"texture":"#0"},"west":{"uv":[7.25,6.25,7,7],"texture":"#0"},"up":{"uv":[7.25,7,7.75,6.75],"texture":"#0"},"down":{"uv":[12.25,12,12.75,12.25],"texture":"#0"}}},{"from":[5.42807,-0.38896,3.85],"to":[6.42807,1.61104,4.85],"rotation":{"angle":0,"axis":"y","origin":[13.42807,8.61104,11.85]},"faces":{"north":{"uv":[12.75,4.75,13,5.25],"texture":"#0"},"east":{"uv":[12.75,5.25,13,5.75],"texture":"#0"},"south":{"uv":[12.75,11.25,13,11.75],"texture":"#0"},"west":{"uv":[12.75,11.75,13,12.25],"texture":"#0"},"up":{"uv":[12.75,11.5,12.5,11.25],"texture":"#0"},"down":{"uv":[12.75,12.25,12.5,12.5],"texture":"#0"}}},{"from":[9.57193,-0.38896,3.85],"to":[10.57193,1.61104,4.85],"rotation":{"angle":0,"axis":"y","origin":[2.57193,8.61104,11.85]},"faces":{"north":{"uv":[13,4.75,12.75,5.25],"texture":"#0"},"east":{"uv":[13,11.75,12.75,12.25],"texture":"#0"},"south":{"uv":[13,11.25,12.75,11.75],"texture":"#0"},"west":{"uv":[13,5.25,12.75,5.75],"texture":"#0"},"up":{"uv":[12.5,11.5,12.75,11.25],"texture":"#0"},"down":{"uv":[12.5,12.25,12.75,12.5],"texture":"#0"}}},{"from":[5.42807,-1.38896,4.35],"to":[6.42807,-0.38896,4.35],"rotation":{"angle":0,"axis":"y","origin":[13.42807,7.61104,12.35]},"faces":{"north":{"uv":[13.25,12,13.5,12.25],"texture":"#0"},"east":{"uv":[0,0,0,0.25],"texture":"#0"},"south":{"uv":[13.25,12.25,13.5,12.5],"texture":"#0"},"west":{"uv":[0,0,0,0.25],"texture":"#0"},"up":{"uv":[0.25,0,0,0],"texture":"#0"},"down":{"uv":[0.25,0,0,0],"texture":"#0"}}},{"from":[9.57193,-1.38896,4.35],"to":[10.57193,-0.38896,4.35],"rotation":{"angle":0,"axis":"y","origin":[2.57193,7.61104,12.35]},"faces":{"north":{"uv":[13.5,12,13.25,12.25],"texture":"#0"},"east":{"uv":[0,0,0,0.25],"texture":"#0"},"south":{"uv":[13.5,12.25,13.25,12.5],"texture":"#0"},"west":{"uv":[0,0,0,0.25],"texture":"#0"},"up":{"uv":[0,0,0.25,0],"texture":"#0"},"down":{"uv":[0,0,0.25,0],"texture":"#0"}}},{"from":[1.37496,1.98743,3.925],"to":[2.37496,5.98743,4.925],"rotation":{"angle":22.5,"axis":"z","origin":[9.37496,10.98743,11.925]},"faces":{"north":{"uv":[7.75,6.75,8,7.75],"texture":"#0"},"east":{"uv":[6.75,8.5,7,9.5],"texture":"#0"},"south":{"uv":[8.75,9.5,9,10.5],"texture":"#0"},"west":{"uv":[2.5,11.75,2.75,12.75],"texture":"#0"},"up":{"uv":[13.25,11,13,10.75],"texture":"#0"},"down":{"uv":[13.25,12.75,13,13],"texture":"#0"}}},{"from":[13.62504,1.98743,3.925],"to":[14.62504,5.98743,4.925],"rotation":{"angle":-22.5,"axis":"z","origin":[6.62504,10.98743,11.925]},"faces":{"north":{"uv":[8,6.75,7.75,7.75],"texture":"#0"},"east":{"uv":[2.75,11.75,2.5,12.75],"texture":"#0"},"south":{"uv":[9,9.5,8.75,10.5],"texture":"#0"},"west":{"uv":[7,8.5,6.75,9.5],"texture":"#0"},"up":{"uv":[13,11,13.25,10.75],"texture":"#0"},"down":{"uv":[13,12.75,13.25,13],"texture":"#0"}}},{"from":[1.34996,3.83743,4.75],"to":[2.34996,6.83743,5.75],"rotation":{"angle":22.5,"axis":"z","origin":[9.34996,11.83743,12.75]},"faces":{"north":{"uv":[12.5,12.5,12.75,13.25],"texture":"#0"},"east":{"uv":[12.5,1.5,12.75,2.25],"texture":"#0"},"south":{"uv":[12.5,2.25,12.75,3],"texture":"#0"},"west":{"uv":[2.5,12.75,2.75,13.5],"texture":"#0"},"up":{"uv":[13.5,11.75,13.25,11.5],"texture":"#0"},"down":{"uv":[13.5,11.75,13.25,12],"texture":"#0"}}},{"from":[13.65004,3.83743,4.75],"to":[14.65004,6.83743,5.75],"rotation":{"angle":-22.5,"axis":"z","origin":[6.65004,11.83743,12.75]},"faces":{"north":{"uv":[12.75,12.5,12.5,13.25],"texture":"#0"},"east":{"uv":[2.75,12.75,2.5,13.5],"texture":"#0"},"south":{"uv":[12.75,2.25,12.5,3],"texture":"#0"},"west":{"uv":[12.75,1.5,12.5,2.25],"texture":"#0"},"up":{"uv":[13.25,11.75,13.5,11.5],"texture":"#0"},"down":{"uv":[13.25,11.75,13.5,12],"texture":"#0"}}},{"from":[0.94996,5.08743,5.75],"to":[1.94996,7.08743,6.75],"rotation":{"angle":22.5,"axis":"z","origin":[8.94996,13.08743,13.75]},"faces":{"north":{"uv":[9.25,13,9.5,13.5],"texture":"#0"},"east":{"uv":[9.5,13,9.75,13.5],"texture":"#0"},"south":{"uv":[9.75,13,10,13.5],"texture":"#0"},"west":{"uv":[10,13,10.25,13.5],"texture":"#0"},"up":{"uv":[13.5,3.75,13.25,3.5],"texture":"#0"},"down":{"uv":[13.5,3.75,13.25,4],"texture":"#0"}}},{"from":[14.05004,5.08743,5.75],"to":[15.05004,7.08743,6.75],"rotation":{"angle":-22.5,"axis":"z","origin":[7.05004,13.08743,13.75]},"faces":{"north":{"uv":[9.5,13,9.25,13.5],"texture":"#0"},"east":{"uv":[10.25,13,10,13.5],"texture":"#0"},"south":{"uv":[10,13,9.75,13.5],"texture":"#0"},"west":{"uv":[9.75,13,9.5,13.5],"texture":"#0"},"up":{"uv":[13.25,3.75,13.5,3.5],"texture":"#0"},"down":{"uv":[13.25,3.75,13.5,4],"texture":"#0"}}},{"from":[0.94996,6.58743,6.75],"to":[1.94996,7.58743,7.75],"rotation":{"angle":22.5,"axis":"z","origin":[8.94996,13.58743,14.75]},"faces":{"north":{"uv":[13.25,4,13.5,4.25],"texture":"#0"},"east":{"uv":[13.25,4.25,13.5,4.5],"texture":"#0"},"south":{"uv":[13.25,4.5,13.5,4.75],"texture":"#0"},"west":{"uv":[13.25,4.75,13.5,5],"texture":"#0"},"up":{"uv":[13.5,5.25,13.25,5],"texture":"#0"},"down":{"uv":[13.5,5.25,13.25,5.5],"texture":"#0"}}},{"from":[14.05004,6.58743,6.75],"to":[15.05004,7.58743,7.75],"rotation":{"angle":-22.5,"axis":"z","origin":[7.05004,13.58743,14.75]},"faces":{"north":{"uv":[13.5,4,13.25,4.25],"texture":"#0"},"east":{"uv":[13.5,4.75,13.25,5],"texture":"#0"},"south":{"uv":[13.5,4.5,13.25,4.75],"texture":"#0"},"west":{"uv":[13.5,4.25,13.25,4.5],"texture":"#0"},"up":{"uv":[13.25,5.25,13.5,5],"texture":"#0"},"down":{"uv":[13.25,5.25,13.5,5.5],"texture":"#0"}}},{"from":[9.02862,3.6424,3.05],"to":[10.02862,6.6424,4.05],"rotation":{"angle":-22.5,"axis":"z","origin":[17.02862,13.6424,11.05]},"faces":{"north":{"uv":[10.5,9.75,10.75,10.5],"texture":"#0"},"east":{"uv":[5,12.25,5.25,13],"texture":"#0"},"south":{"uv":[7.25,12.25,7.5,13],"texture":"#0"},"west":{"uv":[7.5,12.25,7.75,13],"texture":"#0"},"up":{"uv":[12.75,13.5,12.5,13.25],"texture":"#0"},"down":{"uv":[13.5,13.25,13.25,13.5],"texture":"#0"}}},{"from":[5.97138,3.6424,3.05],"to":[6.97138,6.6424,4.05],"rotation":{"angle":22.5,"axis":"z","origin":[-1.02862,13.6424,11.05]},"faces":{"north":{"uv":[10.75,9.75,10.5,10.5],"texture":"#0"},"east":{"uv":[7.75,12.25,7.5,13],"texture":"#0"},"south":{"uv":[7.5,12.25,7.25,13],"texture":"#0"},"west":{"uv":[5.25,12.25,5,13],"texture":"#0"},"up":{"uv":[12.5,13.5,12.75,13.25],"texture":"#0"},"down":{"uv":[13.25,13.25,13.5,13.5],"texture":"#0"}}},{"from":[0.99227,7.68922,3.05],"to":[1.99227,9.68922,4.05],"rotation":{"angle":22.5,"axis":"z","origin":[8.99227,20.68922,11.05]},"faces":{"north":{"uv":[12.75,12.25,13,12.75],"texture":"#0"},"east":{"uv":[1.5,13,1.75,13.5],"texture":"#0"},"south":{"uv":[1.75,13,2,13.5],"texture":"#0"},"west":{"uv":[2.75,13,3,13.5],"texture":"#0"},"up":{"uv":[8.25,13.5,8,13.25],"texture":"#0"},"down":{"uv":[8.5,13.25,8.25,13.5],"texture":"#0"}}},{"from":[14.00773,7.68922,3.05],"to":[15.00773,9.68922,4.05],"rotation":{"angle":-22.5,"axis":"z","origin":[7.00773,20.68922,11.05]},"faces":{"north":{"uv":[13,12.25,12.75,12.75],"texture":"#0"},"east":{"uv":[3,13,2.75,13.5],"texture":"#0"},"south":{"uv":[2,13,1.75,13.5],"texture":"#0"},"west":{"uv":[1.75,13,1.5,13.5],"texture":"#0"},"up":{"uv":[8,13.5,8.25,13.25],"texture":"#0"},"down":{"uv":[8.25,13.25,8.5,13.5],"texture":"#0"}}},{"from":[-0.45815,15.33041,5],"to":[0.54185,17.33041,6],"rotation":{"angle":22.5,"axis":"z","origin":[5.54185,28.33041,13]},"faces":{"north":{"uv":[5,13,5.25,13.5],"texture":"#0"},"east":{"uv":[5.5,13,5.75,13.5],"texture":"#0"},"south":{"uv":[5.75,13,6,13.5],"texture":"#0"},"west":{"uv":[6,13,6.25,13.5],"texture":"#0"},"up":{"uv":[13.5,0.25,13.25,0],"texture":"#0"},"down":{"uv":[13.5,0.25,13.25,0.5],"texture":"#0"}}},{"from":[15.45815,15.33041,5],"to":[16.45815,17.33041,6],"rotation":{"angle":-22.5,"axis":"z","origin":[10.45815,28.33041,13]},"faces":{"north":{"uv":[5.25,13,5,13.5],"texture":"#0"},"east":{"uv":[6.25,13,6,13.5],"texture":"#0"},"south":{"uv":[6,13,5.75,13.5],"texture":"#0"},"west":{"uv":[5.75,13,5.5,13.5],"texture":"#0"},"up":{"uv":[13.25,0.25,13.5,0],"texture":"#0"},"down":{"uv":[13.25,0.25,13.5,0.5],"texture":"#0"}}},{"from":[5.62625,11.33597,5.5],"to":[7.62625,17.33597,5.5],"rotation":{"angle":-22.5,"axis":"z","origin":[12.62625,22.33597,12.5]},"faces":{"north":{"uv":[3,9.75,3.5,11.25],"texture":"#0"},"east":{"uv":[0,0,0,1.5],"texture":"#0"},"south":{"uv":[5.75,10,6.25,11.5],"texture":"#0"},"west":{"uv":[0,0,0,1.5],"texture":"#0"},"up":{"uv":[0.5,0,0,0],"texture":"#0"},"down":{"uv":[0.5,0,0,0],"texture":"#0"}}},{"from":[8.37375,11.33597,5.5],"to":[10.37375,17.33597,5.5],"rotation":{"angle":22.5,"axis":"z","origin":[3.37375,22.33597,12.5]},"faces":{"north":{"uv":[3.5,9.75,3,11.25],"texture":"#0"},"east":{"uv":[0,0,0,1.5],"texture":"#0"},"south":{"uv":[6.25,10,5.75,11.5],"texture":"#0"},"west":{"uv":[0,0,0,1.5],"texture":"#0"},"up":{"uv":[0,0,0.5,0],"texture":"#0"},"down":{"uv":[0,0,0.5,0],"texture":"#0"}}},{"from":[4.20809,13.77164,8.025],"to":[5.20809,16.77164,8.975],"rotation":{"angle":0,"axis":"y","origin":[10.20809,26.77164,16]},"faces":{"north":{"uv":[7.75,12.25,8,13],"texture":"#0"},"east":{"uv":[12.25,12.25,12.5,13],"texture":"#0"},"south":{"uv":[12.25,1.5,12.5,2.25],"texture":"#0"},"west":{"uv":[12.25,2.25,12.5,3],"texture":"#0"},"up":{"uv":[13.5,0.75,13.25,0.5],"texture":"#0"},"down":{"uv":[13.5,0.75,13.25,1],"texture":"#0"}}},{"from":[10.79191,13.77164,8.025],"to":[11.79191,16.77164,8.975],"rotation":{"angle":0,"axis":"y","origin":[5.79191,26.77164,16]},"faces":{"north":{"uv":[8,12.25,7.75,13],"texture":"#0"},"east":{"uv":[12.5,2.25,12.25,3],"texture":"#0"},"south":{"uv":[12.5,1.5,12.25,2.25],"texture":"#0"},"west":{"uv":[12.5,12.25,12.25,13],"texture":"#0"},"up":{"uv":[13.25,0.75,13.5,0.5],"texture":"#0"},"down":{"uv":[13.25,0.75,13.5,1],"texture":"#0"}}},{"from":[4.70809,14.77164,8.025],"to":[4.70809,20.77164,9.975],"rotation":{"angle":0,"axis":"y","origin":[9.70809,28.77164,16]},"faces":{"north":{"uv":[0,0,0,1.5],"texture":"#0"},"east":{"uv":[10.5,10.5,11,12],"texture":"#0"},"south":{"uv":[0,0,0,1.5],"texture":"#0"},"west":{"uv":[10.5,2,11,3.5],"texture":"#0"},"up":{"uv":[0,0.5,0,0],"texture":"#0"},"down":{"uv":[0,0,0,0.5],"texture":"#0"}}},{"from":[11.29191,14.77164,8.025],"to":[11.29191,20.77164,9.975],"rotation":{"angle":0,"axis":"y","origin":[6.29191,28.77164,16]},"faces":{"north":{"uv":[0,0,0,1.5],"texture":"#0"},"east":{"uv":[11,2,10.5,3.5],"texture":"#0"},"south":{"uv":[0,0,0,1.5],"texture":"#0"},"west":{"uv":[11,10.5,10.5,12],"texture":"#0"},"up":{"uv":[0,0.5,0,0],"texture":"#0"},"down":{"uv":[0,0,0,0.5],"texture":"#0"}}},{"from":[4.20809,15.77164,5.025],"to":[5.20809,19.77164,5.975],"rotation":{"angle":0,"axis":"y","origin":[10.20809,28.77164,13]},"faces":{"north":{"uv":[9.5,12,9.75,13],"texture":"#0"},"east":{"uv":[9.75,12,10,13],"texture":"#0"},"south":{"uv":[10.5,12,10.75,13],"texture":"#0"},"west":{"uv":[10.75,12,11,13],"texture":"#0"},"up":{"uv":[13.5,12.75,13.25,12.5],"texture":"#0"},"down":{"uv":[13.5,12.75,13.25,13],"texture":"#0"}}},{"from":[10.79191,15.77164,5.025],"to":[11.79191,19.77164,5.975],"rotation":{"angle":0,"axis":"y","origin":[5.79191,28.77164,13]},"faces":{"north":{"uv":[9.75,12,9.5,13],"texture":"#0"},"east":{"uv":[11,12,10.75,13],"texture":"#0"},"south":{"uv":[10.75,12,10.5,13],"texture":"#0"},"west":{"uv":[10,12,9.75,13],"texture":"#0"},"up":{"uv":[13.25,12.75,13.5,12.5],"texture":"#0"},"down":{"uv":[13.25,12.75,13.5,13],"texture":"#0"}}},{"from":[9.07401,12.79045,4.499],"to":[10.07401,16.79045,4.499],"rotation":{"angle":-22.5,"axis":"z","origin":[16.07401,23.79045,11.499]},"faces":{"north":{"uv":[5.25,11.75,5.5,12.75],"texture":"#0"},"east":{"uv":[0,0,0,1],"texture":"#0"},"south":{"uv":[11.75,11.75,12,12.75],"texture":"#0"},"west":{"uv":[0,0,0,1],"texture":"#0"},"up":{"uv":[0.25,0,0,0],"texture":"#0"},"down":{"uv":[0.25,0,0,0],"texture":"#0"}}},{"from":[5.92599,12.79045,4.499],"to":[6.92599,16.79045,4.499],"rotation":{"angle":22.5,"axis":"z","origin":[-0.07401,23.79045,11.499]},"faces":{"north":{"uv":[5.5,11.75,5.25,12.75],"texture":"#0"},"east":{"uv":[0,0,0,1],"texture":"#0"},"south":{"uv":[12,11.75,11.75,12.75],"texture":"#0"},"west":{"uv":[0,0,0,1],"texture":"#0"},"up":{"uv":[0,0,0.25,0],"texture":"#0"},"down":{"uv":[0,0,0.25,0],"texture":"#0"}}},{"from":[5.39734,14.30656,4],"to":[6.39734,16.30656,5],"rotation":{"angle":0,"axis":"y","origin":[11.39734,27.30656,12]},"faces":{"north":{"uv":[7.75,13,8,13.5],"texture":"#0"},"east":{"uv":[8.5,13,8.75,13.5],"texture":"#0"},"south":{"uv":[8.75,13,9,13.5],"texture":"#0"},"west":{"uv":[9,13,9.25,13.5],"texture":"#0"},"up":{"uv":[13.5,2.25,13.25,2],"texture":"#0"},"down":{"uv":[13.5,2.25,13.25,2.5],"texture":"#0"}}},{"from":[9.60266,14.30656,4],"to":[10.60266,16.30656,5],"rotation":{"angle":0,"axis":"y","origin":[4.60266,27.30656,12]},"faces":{"north":{"uv":[8,13,7.75,13.5],"texture":"#0"},"east":{"uv":[9.25,13,9,13.5],"texture":"#0"},"south":{"uv":[9,13,8.75,13.5],"texture":"#0"},"west":{"uv":[8.75,13,8.5,13.5],"texture":"#0"},"up":{"uv":[13.25,2.25,13.5,2],"texture":"#0"},"down":{"uv":[13.25,2.25,13.5,2.5],"texture":"#0"}}},{"from":[8.72625,16.48597,5.05],"to":[9.72625,18.48597,5.95],"rotation":{"angle":-22.5,"axis":"z","origin":[14.72625,29.48597,13]},"faces":{"north":{"uv":[6.25,13,6.5,13.5],"texture":"#0"},"east":{"uv":[6.5,13,6.75,13.5],"texture":"#0"},"south":{"uv":[7.25,13,7.5,13.5],"texture":"#0"},"west":{"uv":[7.5,13,7.75,13.5],"texture":"#0"},"up":{"uv":[13.5,1.25,13.25,1],"texture":"#0"},"down":{"uv":[13.5,1.25,13.25,1.5],"texture":"#0"}}},{"from":[6.27375,16.48597,5.05],"to":[7.27375,18.48597,5.95],"rotation":{"angle":22.5,"axis":"z","origin":[1.27375,29.48597,13]},"faces":{"north":{"uv":[6.5,13,6.25,13.5],"texture":"#0"},"east":{"uv":[7.75,13,7.5,13.5],"texture":"#0"},"south":{"uv":[7.5,13,7.25,13.5],"texture":"#0"},"west":{"uv":[6.75,13,6.5,13.5],"texture":"#0"},"up":{"uv":[13.25,1.25,13.5,1],"texture":"#0"},"down":{"uv":[13.25,1.25,13.5,1.5],"texture":"#0"}}},{"from":[7.72625,18.48597,5.5],"to":[9.72625,22.48597,5.5],"rotation":{"angle":-22.5,"axis":"z","origin":[14.72625,29.48597,12.5]},"faces":{"north":{"uv":[8,11,8.5,12],"texture":"#0"},"east":{"uv":[0,0,0,1],"texture":"#0"},"south":{"uv":[9.5,11,10,12],"texture":"#0"},"west":{"uv":[0,0,0,1],"texture":"#0"},"up":{"uv":[0.5,0,0,0],"texture":"#0"},"down":{"uv":[0.5,0,0,0],"texture":"#0"}}},{"from":[6.27375,18.48597,5.5],"to":[8.27375,22.48597,5.5],"rotation":{"angle":22.5,"axis":"z","origin":[1.27375,29.48597,12.5]},"faces":{"north":{"uv":[8.5,11,8,12],"texture":"#0"},"east":{"uv":[0,0,0,1],"texture":"#0"},"south":{"uv":[10,11,9.5,12],"texture":"#0"},"west":{"uv":[0,0,0,1],"texture":"#0"},"up":{"uv":[0,0,0.5,0],"texture":"#0"},"down":{"uv":[0,0,0.5,0],"texture":"#0"}}},{"from":[7.37625,12.08597,5.5],"to":[8.37625,13.08597,5.5],"rotation":{"angle":-22.5,"axis":"z","origin":[12.37625,22.08597,12.5]},"faces":{"north":{"uv":[13.25,1.5,13.5,1.75],"texture":"#0"},"east":{"uv":[0,0,0,0.25],"texture":"#0"},"south":{"uv":[13.25,1.75,13.5,2],"texture":"#0"},"west":{"uv":[0,0,0,0.25],"texture":"#0"},"up":{"uv":[0.25,0,0,0],"texture":"#0"},"down":{"uv":[0.25,0,0,0],"texture":"#0"}}},{"from":[7.03309,13.77164,3],"to":[9.03309,19.77164,4],"rotation":{"angle":0,"axis":"y","origin":[14.03309,28.77164,11]},"faces":{"north":{"uv":[6.25,10,6.75,11.5],"texture":"#0"},"east":{"uv":[7.75,0.75,8,2.25],"texture":"#0"},"south":{"uv":[6.75,10,7.25,11.5],"texture":"#0"},"west":{"uv":[3.25,11.25,3.5,12.75],"texture":"#0"},"up":{"uv":[13,10.5,12.5,10.25],"texture":"#0"},"down":{"uv":[13.25,4,12.75,4.25],"texture":"#0"}}},{"from":[0.65158,16.79664,4.3526],"to":[1.65158,17.79664,5.3526],"rotation":{"angle":-45,"axis":"y","origin":[6.65158,29.79664,12.3526]},"faces":{"north":{"uv":[8.5,13.5,8.75,13.75],"texture":"#0"},"east":{"uv":[8.75,13.5,9,13.75],"texture":"#0"},"south":{"uv":[9,13.5,9.25,13.75],"texture":"#0"},"west":{"uv":[9.25,13.5,9.5,13.75],"texture":"#0"},"up":{"uv":[9.75,13.75,9.5,13.5],"texture":"#0"},"down":{"uv":[10,13.5,9.75,13.75],"texture":"#0"}}},{"from":[4.5476,17.79664,4.30445],"to":[5.5476,19.79664,5.30445],"rotation":{"angle":-22.5,"axis":"y","origin":[10.5476,28.79664,12.30445]},"faces":{"north":{"uv":[1.25,13.25,1.5,13.75],"texture":"#0"},"east":{"uv":[2,13.25,2.25,13.75],"texture":"#0"},"south":{"uv":[2.25,13.25,2.5,13.75],"texture":"#0"},"west":{"uv":[3,13.25,3.25,13.75],"texture":"#0"},"up":{"uv":[7.75,13.75,7.5,13.5],"texture":"#0"},"down":{"uv":[8,13.5,7.75,13.75],"texture":"#0"}}},{"from":[10.58398,17.79664,4.30445],"to":[11.58398,19.82164,5.30445],"rotation":{"angle":22.5,"axis":"y","origin":[5.58398,28.79664,12.30445]},"faces":{"north":{"uv":[4,13.25,4.25,13.75],"texture":"#0"},"east":{"uv":[4.25,13.25,4.5,13.75],"texture":"#0"},"south":{"uv":[6.75,13.25,7,13.75],"texture":"#0"},"west":{"uv":[7,13.25,7.25,13.75],"texture":"#0"},"up":{"uv":[8.25,13.75,8,13.5],"texture":"#0"},"down":{"uv":[8.5,13.5,8.25,13.75],"texture":"#0"}}},{"from":[15.13309,1.77164,2.5],"to":[17.13309,3.77164,3.5],"rotation":{"angle":-45,"axis":"z","origin":[22.13309,16.77164,10.5]},"faces":{"north":{"uv":[11.75,8.5,12.25,9],"texture":"#0"},"east":{"uv":[10.25,13,10.5,13.5],"texture":"#0"},"south":{"uv":[11.75,10.5,12.25,11],"texture":"#0"},"west":{"uv":[10.5,13,10.75,13.5],"texture":"#0"},"up":{"uv":[13.25,8.5,12.75,8.25],"texture":"#0"},"down":{"uv":[13.25,9,12.75,9.25],"texture":"#0"}}},{"from":[13.13309,0.77164,2],"to":[17.13309,1.77164,5],"rotation":{"angle":-45,"axis":"z","origin":[22.13309,16.77164,10]},"faces":{"north":{"uv":[6.25,2.25,7.25,2.5],"texture":"#0"},"east":{"uv":[12.25,5.75,13,6],"texture":"#0"},"south":{"uv":[11.5,11.25,12.5,11.5],"texture":"#0"},"west":{"uv":[12.25,6,13,6.25],"texture":"#0"},"up":{"uv":[7.25,6.25,6.25,5.5],"texture":"#0"},"down":{"uv":[10.75,9,9.75,9.75],"texture":"#0"}}},{"from":[-1.13309,0.77164,2],"to":[2.86691,1.77164,5],"rotation":{"angle":45,"axis":"z","origin":[-6.13309,16.77164,10]},"faces":{"north":{"uv":[7.25,2.25,6.25,2.5],"texture":"#0"},"east":{"uv":[13,6,12.25,6.25],"texture":"#0"},"south":{"uv":[12.5,11.25,11.5,11.5],"texture":"#0"},"west":{"uv":[13,5.75,12.25,6],"texture":"#0"},"up":{"uv":[6.25,6.25,7.25,5.5],"texture":"#0"},"down":{"uv":[9.75,9,10.75,9.75],"texture":"#0"}}},{"from":[-1.13309,0.77164,2],"to":[2.86691,1.77164,5],"rotation":{"angle":45,"axis":"z","origin":[-6.13309,16.77164,10]},"faces":{"north":{"uv":[11.75,9,12.75,9.25],"texture":"#0"},"east":{"uv":[12.25,6.25,13,6.5],"texture":"#0"},"south":{"uv":[11.75,11.5,12.75,11.75],"texture":"#0"},"west":{"uv":[12.25,6.5,13,6.75],"texture":"#0"},"up":{"uv":[11,1.25,10,0.5],"texture":"#0"},"down":{"uv":[11,1.25,10,2],"texture":"#0"}}},{"from":[6.28309,13.77164,3.5],"to":[10.28309,26.77164,3.5],"rotation":{"angle":0,"axis":"y","origin":[14.28309,35.77164,10.5]},"faces":{"north":{"uv":[13.625,5.125,14.625,8.375],"texture":"#0"},"east":{"uv":[0,0,0,3.25],"texture":"#0"},"south":{"uv":[13.625,9.375,14.625,12.625],"texture":"#0"},"west":{"uv":[0,0,0,3.25],"texture":"#0"},"up":{"uv":[0.75,0,0,0],"texture":"#0"},"down":{"uv":[0.75,0,0,0],"texture":"#0"}}}]}