{"display":{"thirdperson_righthand":{"rotation":[0,-90,0],"translation":[2,-2,2],"scale":[1.01,1.01,1.01]},"thirdperson_lefthand":{"rotation":[0,-90,0],"translation":[2,-2,2],"scale":[1.01,1.01,1.01]},"firstperson_righthand":{"rotation":[0,-77,0],"translation":[3,-1,4],"scale":[0.78,0.78,0.78]},"firstperson_lefthand":{"rotation":[0,-82,0],"translation":[9,-4.5,0]},"ground":{"rotation":[34,0,0],"translation":[0,3.5,0],"scale":[0.5,0.5,0.5]},"gui":{"rotation":[0,-180,0],"scale":[0.92,0.92,0.92]},"head":{"translation":[0,6,-7]}},"parent":"models/item/shield","ambientocclusion":false,"texture_size":[32,32],"textures":{"1":"terraecustom:item/shield_overlay","2":"block/light_gray_concrete_powder","base":"terraecustom:item/australian_shield","particle":"terraecustom:item/shield_overlay"},"elements":[{"name":"front_overlay","from":[0,0,6.99],"to":[16,16,6.99],"faces":{"north":{"uv":[4,4,12,12],"texture":"#base"}}},{"name":"back_overlay","from":[0,0,8.01],"to":[16,16,8.01],"faces":{"south":{"uv":[4,4,12,12],"texture":"#1"}}},{"name":"shield","from":[1,3,7],"to":[15,4,8],"faces":{"north":{"uv":[0,0,0,0],"texture":"#2"},"east":{"uv":[13,12,14,13],"texture":"#2"},"south":{"uv":[0,0,0,0],"texture":"#2"},"west":{"uv":[13,12,14,13],"texture":"#2"},"up":{"uv":[2,2,3,14],"rotation":270,"texture":"#2"},"down":{"uv":[2,12,14,13],"rotation":180,"texture":"#2"}}},{"name":"shield","from":[1,10,7],"to":[15,12,8],"faces":{"north":{"uv":[0,0,0,0],"texture":"#2"},"east":{"uv":[14,4,15,6],"texture":"#2"},"south":{"uv":[0,0,0,0],"texture":"#2"},"west":{"uv":[1,4,2,6],"texture":"#2"},"up":{"uv":[1,4,15,5],"texture":"#2"},"down":{"uv":[0,0,0,0],"texture":"#2"}}},{"name":"shield","from":[1,12,7],"to":[15,13,8],"faces":{"north":{"uv":[0,0,0,0],"texture":"#2"},"east":{"uv":[13,3,14,4],"texture":"#2"},"south":{"uv":[0,0,0,0],"texture":"#2"},"west":{"uv":[2,3,3,4],"texture":"#2"},"up":{"uv":[2,3,14,4],"texture":"#2"},"down":{"uv":[0,0,0,0],"texture":"#2"}}},{"name":"shield","from":[3,14,7],"to":[13,15,8],"faces":{"north":{"uv":[0,0,0,0],"texture":"#2"},"east":{"uv":[11,1,12,2],"texture":"#2"},"south":{"uv":[0,0,0,0],"texture":"#2"},"west":{"uv":[4,1,5,2],"texture":"#2"},"up":{"uv":[4,1,12,2],"texture":"#2"},"down":{"uv":[0,0,0,0],"texture":"#2"}}},{"name":"shield","from":[5,15,7],"to":[11,16,8],"faces":{"north":{"uv":[0,0,0,0],"texture":"#2"},"east":{"uv":[9,0,10,1],"texture":"#2"},"south":{"uv":[0,0,0,0],"texture":"#2"},"west":{"uv":[6,0,7,1],"texture":"#2"},"up":{"uv":[6,0,10,1],"texture":"#2"},"down":{"uv":[0,0,0,0],"texture":"#2"}}},{"name":"shield","from":[0,5,7],"to":[16,11,8],"faces":{"north":{"uv":[0,0,0,0],"texture":"#2"},"east":{"uv":[15,6,16,10],"texture":"#2"},"south":{"uv":[0,0,0,0],"texture":"#2"},"west":{"uv":[0,6,1,10],"texture":"#2"},"up":{"uv":[0,6,16,7],"texture":"#2"},"down":{"uv":[0,9,16,10],"rotation":180,"texture":"#2"}}},{"name":"shield","from":[1,4,7],"to":[15,6,8],"faces":{"north":{"uv":[0,0,0,0],"texture":"#2"},"east":{"uv":[14,10,15,12],"texture":"#2"},"south":{"uv":[0,0,0,0],"texture":"#2"},"west":{"uv":[1,10,2,12],"texture":"#2"},"up":{"uv":[0,0,0,0],"texture":"#2"},"down":{"uv":[1,11,15,12],"rotation":180,"texture":"#2"}}},{"name":"shield","from":[2,2,7],"to":[14,3,8],"faces":{"north":{"uv":[0,0,0,0],"texture":"#2"},"east":{"uv":[12,13,13,14],"texture":"#2"},"south":{"uv":[0,0,0,0],"texture":"#2"},"west":{"uv":[3,13,4,14],"texture":"#2"},"up":{"uv":[0,0,0,0],"texture":"#2"},"down":{"uv":[3,13,13,14],"rotation":180,"texture":"#2"}}},{"name":"shield","from":[3,1,7],"to":[13,2,8],"faces":{"north":{"uv":[0,0,0,0],"texture":"#2"},"east":{"uv":[12,14,11,15],"texture":"#2"},"south":{"uv":[0,0,0,0],"texture":"#2"},"west":{"uv":[5,14,4,15],"texture":"#2"},"up":{"uv":[0,0,0,0],"texture":"#2"},"down":{"uv":[12,15,4,14],"texture":"#2"}}},{"name":"shield","from":[5,0,7],"to":[11,1,8],"faces":{"north":{"uv":[0,0,0,0],"texture":"#2"},"east":{"uv":[9,15,10,16],"texture":"#2"},"south":{"uv":[0,0,0,0],"texture":"#2"},"west":{"uv":[6,15,7,16],"texture":"#2"},"up":{"uv":[0,0,0,0],"texture":"#2"},"down":{"uv":[6,15,10,16],"rotation":180,"texture":"#2"}}},{"name":"shield","from":[2,13,7],"to":[14,14,8],"faces":{"north":{"uv":[0,0,0,0],"texture":"#2"},"east":{"uv":[12,2,13,3],"texture":"#2"},"south":{"uv":[0,0,0,0],"texture":"#2"},"west":{"uv":[3,2,4,3],"texture":"#2"},"up":{"uv":[3,2,13,3],"texture":"#2"},"down":{"uv":[2,3,3,13],"rotation":90,"texture":"#2"}}},{"name":"handle","from":[7,10,8],"to":[9,11,12],"faces":{"north":{"uv":[0,0,1,0.5],"texture":"#2"},"east":{"uv":[0,0,2,0.5],"texture":"#2"},"south":{"uv":[0,0,1,0.5],"texture":"#2"},"west":{"uv":[0,0,2,0.5],"texture":"#2"},"up":{"uv":[0,0,1,2],"texture":"#2"},"down":{"uv":[0,0,1,2],"texture":"#2"}}},{"name":"handle","from":[7,5,12],"to":[9,11,13],"faces":{"north":{"uv":[0,0,1,3],"texture":"#2"},"east":{"uv":[0,0,0.5,3],"texture":"#2"},"south":{"uv":[0,0,1,3],"texture":"#2"},"west":{"uv":[0,0,0.5,3],"texture":"#2"},"up":{"uv":[0,0,1,0.5],"texture":"#2"},"down":{"uv":[0,0,1,0.5],"texture":"#2"}}},{"name":"handle","from":[7,5,8],"to":[9,6,12],"faces":{"north":{"uv":[0,0,1,0.5],"texture":"#2"},"east":{"uv":[0,0,2,0.5],"texture":"#2"},"south":{"uv":[0,0,1,0.5],"texture":"#2"},"west":{"uv":[0,0,2,0.5],"texture":"#2"},"up":{"uv":[0,0,1,2],"texture":"#2"},"down":{"uv":[0,0,1,2],"texture":"#2"}}}],"gui_light":"front","overrides":[]}