{"display":{"thirdperson_righthand":{"rotation":[28.5,1,0],"translation":[0,-0.5,-0.25],"scale":[0.25,0.25,0.20297]},"thirdperson_lefthand":{"rotation":[65,0,0],"translation":[0,-3.5,-1.25],"scale":[0.5,0.5,1]},"firstperson_righthand":{"rotation":[-4.92,5.21,15.23],"translation":[2,2.25,2],"scale":[0.65039,0.66211,0.86133]},"firstperson_lefthand":{"rotation":[-4.92,5.21,15.23],"translation":[2,2.25,2],"scale":[0.65039,0.66211,0.86133]},"ground":{"translation":[0,3.75,0],"scale":[0.49219,0.56836,0.61719]},"gui":{"rotation":[180,1,180],"translation":[-0.25,-0.25,-0.5],"scale":[0.62969,0.7,1]},"head":{"translation":[0.25,-0.75,-0.75],"scale":[0.83594,0.9082,1.03711]},"fixed":{"scale":[0.83984,0.875,1]}},"textures":{"0":"terraecustom:item/shisuimangekyousharingan","1":"terraecustom:item/rinnegan_mask","particle":"terraecustom:item/shisuimangekyousharingan"},"elements":[{"from":[-1.5,8,-0.25],"to":[7.5,13,-0.25],"faces":{"north":{"uv":[16,0,0,16],"texture":"#0"},"east":{"uv":[0,0,0,0.17582],"texture":"#0"},"south":{"uv":[0,0,16,16],"texture":"#0"},"west":{"uv":[0,0,0,0],"texture":"#0"},"up":{"uv":[0,0,0,0],"texture":"#0"},"down":{"uv":[0,0,0,0],"texture":"#0"}}},{"from":[7.5,8,-0.25],"to":[16.5,13,-0.25],"faces":{"north":{"uv":[0,0,16,16],"texture":"#0"},"east":{"uv":[0,0,0,0.17582],"texture":"#0"},"south":{"uv":[16,0,0,16],"texture":"#0"},"west":{"uv":[0,0,0,0],"texture":"#0"},"up":{"uv":[0,0,0,0],"texture":"#0"},"down":{"uv":[0,0,0,0],"texture":"#0"}}},{"from":[-2,1,0],"to":[17,17,2],"faces":{"north":{"uv":[12.125,0,16,3],"texture":"#1"},"east":{"uv":[12.5,0.5,13,1],"texture":"#1"},"south":{"uv":[12.125,0,16,3],"texture":"#1"},"west":{"uv":[12.5,0.5,13,1],"texture":"#1"},"up":{"uv":[12.5,0.5,13,1],"texture":"#1"},"down":{"uv":[12.5,0.5,13,1],"texture":"#1"}}},{"from":[-2,7,2],"to":[-1.5,9,15.5],"faces":{"north":{"uv":[12.5,0.5,13,1],"texture":"#1"},"east":{"uv":[12.5,0.5,13,1],"texture":"#1"},"south":{"uv":[12.5,0.5,13,1],"texture":"#1"},"west":{"uv":[12.5,0.5,13,1],"texture":"#1"},"up":{"uv":[12.5,0.5,13,1],"texture":"#1"},"down":{"uv":[12.5,0.5,13,1],"texture":"#1"}}},{"from":[16.5,7,2],"to":[17,9,15.5],"faces":{"north":{"uv":[12.5,0.5,13,1],"texture":"#1"},"east":{"uv":[12.5,0.5,13,1],"texture":"#1"},"south":{"uv":[12.5,0.5,13,1],"texture":"#1"},"west":{"uv":[12.5,0.5,13,1],"texture":"#1"},"up":{"uv":[12.5,0.5,13,1],"texture":"#1"},"down":{"uv":[12.5,0.5,13,1],"texture":"#1"}}},{"from":[-2,7,15.5],"to":[17,9,16],"faces":{"north":{"uv":[12.5,0.5,13,1],"texture":"#1"},"east":{"uv":[12.5,0.5,13,1],"texture":"#1"},"south":{"uv":[12.5,0.5,13,1],"texture":"#1"},"west":{"uv":[12.5,0.5,13,1],"texture":"#1"},"up":{"uv":[12.5,0.5,13,1],"rotation":90,"texture":"#1"},"down":{"uv":[12.5,0.5,13,1],"rotation":270,"texture":"#1"}}}]}