{"display":{"thirdperson_righthand":{"translation":[0,12.5,0]},"thirdperson_lefthand":{"translation":[0,12.5,0]},"ground":{"translation":[0,12.5,0]},"gui":{"rotation":[0,108,0],"translation":[-0.75,5.25,0],"scale":[0.5,0.5,0.5]},"head":{"translation":[0,25.5,0],"scale":[1.81,1.81,1.81]},"fixed":{"rotation":[0,-90,0],"translation":[0,11.5,-4.5]}},"texture_size":[128,128],"textures":{"0":"terraecustom:item/cosmetic_helmet/thoth","particle":"terraecustom:item/cosmetic_helmet/thoth"},"elements":[{"from":[4,-10,4],"to":[12,-2,12],"rotation":{"angle":0,"axis":"y","origin":[16,-2,16]},"faces":{"north":{"uv":[2.875,1.875,3.875,2.875],"texture":"#0"},"east":{"uv":[1.625,3.875,2.625,4.875],"texture":"#0"},"south":{"uv":[3.875,1.875,4.875,2.875],"texture":"#0"},"west":{"uv":[4.125,0,5.125,1],"texture":"#0"},"up":{"uv":[5.375,5.375,4.375,4.375],"texture":"#0"},"down":{"uv":[1.75,4.875,0.75,5.875],"texture":"#0"}}},{"from":[6.525,-11,1],"to":[9.475,-10,3],"rotation":{"angle":0,"axis":"y","origin":[15.5,0,11]},"faces":{"north":{"uv":[3.75,0.5,4.125,0.625],"texture":"#0"},"east":{"uv":[2.625,1.875,2.875,2],"texture":"#0"},"south":{"uv":[5,4.25,5.375,4.375],"texture":"#0"},"west":{"uv":[7,3.625,7.25,3.75],"texture":"#0"},"up":{"uv":[6.75,7,6.375,6.75],"texture":"#0"},"down":{"uv":[7.125,6.75,6.75,7],"texture":"#0"}}},{"from":[6.525,-11,3],"to":[9.475,-7,6],"rotation":{"angle":0,"axis":"y","origin":[15.5,0,11]},"faces":{"north":{"uv":[0.875,6.25,1.25,6.75],"texture":"#0"},"east":{"uv":[1.25,6.25,1.625,6.75],"texture":"#0"},"south":{"uv":[1.625,6.25,2,6.75],"texture":"#0"},"west":{"uv":[2,6.25,2.375,6.75],"texture":"#0"},"up":{"uv":[6.75,6.75,6.375,6.375],"texture":"#0"},"down":{"uv":[6.75,2.75,6.375,3.125],"texture":"#0"}}},{"from":[7.025,-8.69555,-6.44207],"to":[8.975,-7.69555,-4.44207],"rotation":{"angle":-22.5,"axis":"x","origin":[14,2.30445,4.55793]},"faces":{"north":{"uv":[4.25,3.5,4.375,3.625],"texture":"#0"},"east":{"uv":[7,3.75,7.25,3.875],"texture":"#0"},"south":{"uv":[4.625,1.375,4.75,1.5],"texture":"#0"},"west":{"uv":[7,5,7.25,5.125],"texture":"#0"},"up":{"uv":[2.25,7.375,2.125,7.125],"texture":"#0"},"down":{"uv":[2.5,7.375,2.25,7.625],"texture":"#0"}}},{"from":[6.5,-8.69555,-4.44207],"to":[9.5,-5.69555,0.55793],"rotation":{"angle":-22.5,"axis":"x","origin":[14.5,2.30445,4.55793]},"faces":{"north":{"uv":[1.625,0.625,2,1],"texture":"#0"},"east":{"uv":[1,0.625,1.625,1],"texture":"#0"},"south":{"uv":[1.625,3.5,2,3.875],"texture":"#0"},"west":{"uv":[4.125,1.5,4.75,1.875],"texture":"#0"},"up":{"uv":[2,3.5,1.625,2.875],"texture":"#0"},"down":{"uv":[1.625,4.25,1.25,4.875],"texture":"#0"}}},{"from":[7.5,-14.09043,-0.42624],"to":[8.5,-10.09043,0.57376],"rotation":{"angle":22.5,"axis":"x","origin":[13.5,-0.09043,-9.42624]},"faces":{"north":{"uv":[0.875,1.875,1,2.375],"texture":"#0"},"east":{"uv":[0.875,2.375,1,2.875],"texture":"#0"},"south":{"uv":[0.75,3.75,0.875,4.25],"texture":"#0"},"west":{"uv":[4.75,1.375,4.875,1.875],"texture":"#0"},"up":{"uv":[5,2.875,4.875,2.75],"texture":"#0"},"down":{"uv":[3.25,6.25,3.125,6.375],"texture":"#0"}}},{"from":[8,-15.09043,-0.42624],"to":[8,-14.09043,0.57376],"rotation":{"angle":22.5,"axis":"x","origin":[13,-0.09043,-9.42624]},"faces":{"north":{"uv":[0,0,0,0.125],"texture":"#0"},"east":{"uv":[1.25,7.25,1.375,7.375],"texture":"#0"},"south":{"uv":[0,0,0,0.125],"texture":"#0"},"west":{"uv":[1.375,7.25,1.5,7.375],"texture":"#0"},"up":{"uv":[0,0.125,0,0],"texture":"#0"},"down":{"uv":[0,0,0,0.125],"texture":"#0"}}},{"from":[7,-10.04545,-13.52395],"to":[9,-8.04545,-7.52395],"rotation":{"angle":-45,"axis":"x","origin":[14,-0.04545,-3.52395]},"faces":{"north":{"uv":[2.625,4.625,2.875,4.875],"texture":"#0"},"east":{"uv":[5.875,1.75,6.625,2],"texture":"#0"},"south":{"uv":[1.25,7,1.5,7.25],"texture":"#0"},"west":{"uv":[5.875,5.625,6.625,5.875],"texture":"#0"},"up":{"uv":[2.875,4.625,2.625,3.875],"texture":"#0"},"down":{"uv":[6.375,2.75,6.125,3.5],"texture":"#0"}}},{"from":[7.525,-10.04545,-15.52395],"to":[8.475,-9.04545,-13.52395],"rotation":{"angle":-45,"axis":"x","origin":[13.5,-0.04545,-3.52395]},"faces":{"north":{"uv":[7.125,7,7.25,7.125],"texture":"#0"},"east":{"uv":[7,5.125,7.25,5.25],"texture":"#0"},"south":{"uv":[1.125,7.25,1.25,7.375],"texture":"#0"},"west":{"uv":[2.375,7.125,2.625,7.25],"texture":"#0"},"up":{"uv":[2.75,7.375,2.625,7.125],"texture":"#0"},"down":{"uv":[2.875,7.125,2.75,7.375],"texture":"#0"}}},{"from":[7.025,2.08519,0.25345],"to":[8.975,3.08519,3.25345],"rotation":{"angle":-22.5,"axis":"x","origin":[15,11.08519,9.25345]},"faces":{"north":{"uv":[3.375,7.125,3.625,7.25],"texture":"#0"},"east":{"uv":[6.75,4.125,7.125,4.25],"texture":"#0"},"south":{"uv":[3.625,7.125,3.875,7.25],"texture":"#0"},"west":{"uv":[6.75,6.625,7.125,6.75],"texture":"#0"},"up":{"uv":[4.875,1.375,4.625,1],"texture":"#0"},"down":{"uv":[3.625,6.75,3.375,7.125],"texture":"#0"}}},{"from":[7,2.68519,-5.24655],"to":[9,3.68519,-2.24655],"rotation":{"angle":-45,"axis":"x","origin":[15,11.68519,3.75345]},"faces":{"north":{"uv":[5.5,7.125,5.75,7.25],"texture":"#0"},"east":{"uv":[1.5,7,1.875,7.125],"texture":"#0"},"south":{"uv":[5.875,7.125,6.125,7.25],"texture":"#0"},"west":{"uv":[1.875,7,2.25,7.125],"texture":"#0"},"up":{"uv":[7,3.125,6.75,2.75],"texture":"#0"},"down":{"uv":[7,3.5,6.75,3.875],"texture":"#0"}}},{"from":[6.5,1.0358,5.30026],"to":[9.5,2.0358,9.30026],"rotation":{"angle":-22.5,"axis":"x","origin":[15.5,-5.9642,15.30026]},"faces":{"north":{"uv":[3.25,5.875,3.625,6],"texture":"#0"},"east":{"uv":[0.75,4.75,1.25,4.875],"texture":"#0"},"south":{"uv":[6.625,0.625,7,0.75],"texture":"#0"},"west":{"uv":[5.375,5.25,5.875,5.375],"texture":"#0"},"up":{"uv":[2.75,6.75,2.375,6.25],"texture":"#0"},"down":{"uv":[3.125,6.25,2.75,6.75],"texture":"#0"}}},{"from":[5.5,-1.75195,5.77164],"to":[10.5,1.24805,6.77164],"rotation":{"angle":0,"axis":"y","origin":[15.5,9.24805,12.77164]},"faces":{"north":{"uv":[3.625,5,4.25,5.375],"texture":"#0"},"east":{"uv":[4.25,5,4.375,5.375],"texture":"#0"},"south":{"uv":[0,5.125,0.625,5.5],"texture":"#0"},"west":{"uv":[0.625,5.125,0.75,5.5],"texture":"#0"},"up":{"uv":[2.625,2,2,1.875],"texture":"#0"},"down":{"uv":[3.75,0.5,3.125,0.625],"texture":"#0"}}},{"from":[7.5,-4.9,2.975],"to":[8.5,-2.9,3.975],"rotation":{"angle":0,"axis":"y","origin":[15.5,5.1,10.975]},"faces":{"north":{"uv":[2.875,7.125,3,7.375],"texture":"#0"},"east":{"uv":[3,7.125,3.125,7.375],"texture":"#0"},"south":{"uv":[3.125,7.125,3.25,7.375],"texture":"#0"},"west":{"uv":[3.25,7.125,3.375,7.375],"texture":"#0"},"up":{"uv":[2.5,7.375,2.375,7.25],"texture":"#0"},"down":{"uv":[2.625,7.25,2.5,7.375],"texture":"#0"}}},{"from":[10.79399,-8.33999,3],"to":[11.79399,-6.33999,4],"rotation":{"angle":-22.5,"axis":"z","origin":[18.79399,1.66001,11]},"faces":{"north":{"uv":[3.875,7.125,4,7.375],"texture":"#0"},"east":{"uv":[4,7.125,4.125,7.375],"texture":"#0"},"south":{"uv":[4.125,7.125,4.25,7.375],"texture":"#0"},"west":{"uv":[4.25,7.125,4.375,7.375],"texture":"#0"},"up":{"uv":[3.5,7.375,3.375,7.25],"texture":"#0"},"down":{"uv":[3.625,7.25,3.5,7.375],"texture":"#0"}}},{"from":[4.20601,-8.33999,3],"to":[5.20601,-6.33999,4],"rotation":{"angle":22.5,"axis":"z","origin":[-2.79399,1.66001,11]},"faces":{"north":{"uv":[4.375,7.125,4.5,7.375],"texture":"#0"},"east":{"uv":[5.125,7.125,5.25,7.375],"texture":"#0"},"south":{"uv":[5.25,7.125,5.375,7.375],"texture":"#0"},"west":{"uv":[5.375,7.125,5.5,7.375],"texture":"#0"},"up":{"uv":[3.75,7.375,3.625,7.25],"texture":"#0"},"down":{"uv":[3.875,7.25,3.75,7.375],"texture":"#0"}}},{"from":[4.5,-9.85195,9.77164],"to":[11.5,5.14805,17.77164],"rotation":{"angle":22.5,"axis":"x","origin":[15.5,5.14805,16.77164]},"faces":{"north":{"uv":[0,1.875,0.875,3.75],"texture":"#0"},"east":{"uv":[0,0,1,1.875],"texture":"#0"},"south":{"uv":[2,2,2.875,3.875],"texture":"#0"},"west":{"uv":[1,1,2,2.875],"texture":"#0"},"up":{"uv":[3.625,5.875,2.75,4.875],"texture":"#0"},"down":{"uv":[6,0,5.125,1],"texture":"#0"}}},{"from":[4.25,-5.85195,9.27164],"to":[4.25,5.14805,15.27164],"rotation":{"angle":22.5,"axis":"x","origin":[15.25,5.14805,16.27164]},"faces":{"north":{"uv":[0,0,0,1.375],"texture":"#0"},"east":{"uv":[0.875,2.875,1.625,4.25],"texture":"#0"},"south":{"uv":[0,0,0,1.375],"texture":"#0"},"west":{"uv":[2.875,3.5,3.625,4.875],"texture":"#0"},"up":{"uv":[0,0.75,0,0],"texture":"#0"},"down":{"uv":[0,0,0,0.75],"texture":"#0"}}},{"from":[3.751,-6.46299,10.34357],"to":[11.751,1.53701,10.34357],"rotation":{"angle":22.5,"axis":"x","origin":[15.751,7.53701,18.34357]},"faces":{"north":{"uv":[1.75,4.875,2.75,5.875],"texture":"#0"},"east":{"uv":[0,0,0,1],"texture":"#0"},"south":{"uv":[4.875,1,5.875,2],"texture":"#0"},"west":{"uv":[0,0,0,1],"texture":"#0"},"up":{"uv":[1,0,0,0],"texture":"#0"},"down":{"uv":[1,0,0,0],"texture":"#0"}}},{"from":[11.75,-5.85195,9.27164],"to":[11.75,5.14805,15.27164],"rotation":{"angle":22.5,"axis":"x","origin":[0.75,5.14805,16.27164]},"faces":{"north":{"uv":[0,0,0,1.375],"texture":"#0"},"east":{"uv":[3.625,3.5,2.875,4.875],"texture":"#0"},"south":{"uv":[0,0,0,1.375],"texture":"#0"},"west":{"uv":[1.625,2.875,0.875,4.25],"texture":"#0"},"up":{"uv":[0,0.75,0,0],"texture":"#0"},"down":{"uv":[0,0,0,0.75],"texture":"#0"}}},{"from":[3.525,1.14805,6.77164],"to":[4.525,2.14805,7.77164],"rotation":{"angle":-22.5,"axis":"x","origin":[8.525,-3.85195,21.77164]},"faces":{"north":{"uv":[5.5,7.25,5.625,7.375],"texture":"#0"},"east":{"uv":[5.625,7.25,5.75,7.375],"texture":"#0"},"south":{"uv":[5.875,7.25,6,7.375],"texture":"#0"},"west":{"uv":[6,7.25,6.125,7.375],"texture":"#0"},"up":{"uv":[6.375,7.375,6.25,7.25],"texture":"#0"},"down":{"uv":[6.5,7.25,6.375,7.375],"texture":"#0"}}},{"from":[11.475,1.14805,6.77164],"to":[12.475,2.14805,7.77164],"rotation":{"angle":-22.5,"axis":"x","origin":[7.475,-3.85195,21.77164]},"faces":{"north":{"uv":[7.25,2.25,7.375,2.375],"texture":"#0"},"east":{"uv":[7.25,2.375,7.375,2.5],"texture":"#0"},"south":{"uv":[7.25,2.5,7.375,2.625],"texture":"#0"},"west":{"uv":[7.25,2.625,7.375,2.75],"texture":"#0"},"up":{"uv":[7.375,2.875,7.25,2.75],"texture":"#0"},"down":{"uv":[7.375,2.875,7.25,3],"texture":"#0"}}},{"from":[3.525,2.14805,5.77164],"to":[4.525,3.14805,7.77164],"rotation":{"angle":-22.5,"axis":"x","origin":[8.525,-3.85195,21.77164]},"faces":{"north":{"uv":[7.25,1,7.375,1.125],"texture":"#0"},"east":{"uv":[7.125,0.75,7.375,0.875],"texture":"#0"},"south":{"uv":[7.25,1.125,7.375,1.25],"texture":"#0"},"west":{"uv":[7.125,0.875,7.375,1],"texture":"#0"},"up":{"uv":[7.25,2,7.125,1.75],"texture":"#0"},"down":{"uv":[7.25,2.75,7.125,3],"texture":"#0"}}},{"from":[11.475,2.14805,5.77164],"to":[12.475,3.14805,7.77164],"rotation":{"angle":-22.5,"axis":"x","origin":[7.475,-3.85195,21.77164]},"faces":{"north":{"uv":[7.25,3.625,7.375,3.75],"texture":"#0"},"east":{"uv":[7.125,5.75,7.375,5.875],"texture":"#0"},"south":{"uv":[7.25,3.75,7.375,3.875],"texture":"#0"},"west":{"uv":[7.125,6.875,7.375,7],"texture":"#0"},"up":{"uv":[1,7.5,0.875,7.25],"texture":"#0"},"down":{"uv":[1.125,7.25,1,7.5],"texture":"#0"}}},{"from":[3.525,0.14805,7.77164],"to":[4.525,3.14805,20.77164],"rotation":{"angle":-22.5,"axis":"x","origin":[8.525,-3.85195,21.77164]},"faces":{"north":{"uv":[4.75,7,4.875,7.375],"texture":"#0"},"east":{"uv":[5.375,4.875,7,5.25],"texture":"#0"},"south":{"uv":[4.875,7,5,7.375],"texture":"#0"},"west":{"uv":[0,5.875,1.625,6.25],"texture":"#0"},"up":{"uv":[0.5,7.875,0.375,6.25],"texture":"#0"},"down":{"uv":[0.625,6.25,0.5,7.875],"texture":"#0"}}},{"from":[11.475,0.14805,7.77164],"to":[12.475,3.14805,20.77164],"rotation":{"angle":-22.5,"axis":"x","origin":[7.475,-3.85195,21.77164]},"faces":{"north":{"uv":[4.875,7,4.75,7.375],"texture":"#0"},"east":{"uv":[1.625,5.875,0,6.25],"texture":"#0"},"south":{"uv":[5,7,4.875,7.375],"texture":"#0"},"west":{"uv":[7,4.875,5.375,5.25],"texture":"#0"},"up":{"uv":[0.375,7.875,0.5,6.25],"texture":"#0"},"down":{"uv":[0.5,6.25,0.625,7.875],"texture":"#0"}}},{"from":[3.75,-3.85195,10.77164],"to":[3.75,1.14805,27.77164],"rotation":{"angle":-22.5,"axis":"x","origin":[8.75,-7.85195,23.77164]},"faces":{"north":{"uv":[0,0,0,0.625],"texture":"#0"},"east":{"uv":[1,0,3.125,0.625],"texture":"#0"},"south":{"uv":[0,0,0,0.625],"texture":"#0"},"west":{"uv":[2,0.625,4.125,1.25],"texture":"#0"},"up":{"uv":[0,2.125,0,0],"texture":"#0"},"down":{"uv":[0,0,0,2.125],"texture":"#0"}}},{"from":[12.25,-3.85195,10.77164],"to":[12.25,1.14805,27.77164],"rotation":{"angle":-22.5,"axis":"x","origin":[7.25,-7.85195,23.77164]},"faces":{"north":{"uv":[0,0,0,0.625],"texture":"#0"},"east":{"uv":[4.125,0.625,2,1.25],"texture":"#0"},"south":{"uv":[0,0,0,0.625],"texture":"#0"},"west":{"uv":[3.125,0,1,0.625],"texture":"#0"},"up":{"uv":[0,2.125,0,0],"texture":"#0"},"down":{"uv":[0,0,0,2.125],"texture":"#0"}}},{"from":[3.5,-11.85195,5.27164],"to":[12.5,-8.85195,10.27164],"rotation":{"angle":22.5,"axis":"x","origin":[8.5,-15.85195,17.27164]},"faces":{"north":{"uv":[4.625,6,5.75,6.375],"texture":"#0"},"east":{"uv":[0,5.5,0.625,5.875],"texture":"#0"},"south":{"uv":[6,0,7.125,0.375],"texture":"#0"},"west":{"uv":[6,0.375,6.625,0.75],"texture":"#0"},"up":{"uv":[6.125,3.375,5,2.75],"texture":"#0"},"down":{"uv":[4.75,5.375,3.625,6],"texture":"#0"}}},{"from":[3.5,-10.85195,4.27164],"to":[12.5,-9.85195,5.27164],"rotation":{"angle":22.5,"axis":"x","origin":[8.5,-15.85195,17.27164]},"faces":{"north":{"uv":[5,3.375,6.125,3.5],"texture":"#0"},"east":{"uv":[7.25,0.375,7.375,0.5],"texture":"#0"},"south":{"uv":[6,0.75,7.125,0.875],"texture":"#0"},"west":{"uv":[7.25,0.5,7.375,0.625],"texture":"#0"},"up":{"uv":[7.125,1,6,0.875],"texture":"#0"},"down":{"uv":[7.5,3.125,6.375,3.25],"texture":"#0"}}},{"from":[3.5,-9.85195,0.27164],"to":[12.5,-8.85195,5.27164],"rotation":{"angle":22.5,"axis":"x","origin":[8.5,-15.85195,17.27164]},"faces":{"north":{"uv":[6.375,3.25,7.5,3.375],"texture":"#0"},"east":{"uv":[3.625,3.5,4.25,3.625],"texture":"#0"},"south":{"uv":[6.375,3.375,7.5,3.5],"texture":"#0"},"west":{"uv":[4.375,4.25,5,4.375],"texture":"#0"},"up":{"uv":[5.875,6,4.75,5.375],"texture":"#0"},"down":{"uv":[6.5,4.25,5.375,4.875],"texture":"#0"}}},{"from":[4.425,12.39216,17.27442],"to":[4.425,15.39216,28.27442],"rotation":{"angle":-45,"axis":"x","origin":[9.425,8.39216,33.90516]},"faces":{"north":{"uv":[0,0,0,0.375],"texture":"#0"},"east":{"uv":[5.875,1,7.25,1.375],"texture":"#0"},"south":{"uv":[0,0,0,0.375],"texture":"#0"},"west":{"uv":[5.875,1.375,7.25,1.75],"texture":"#0"},"up":{"uv":[0,1.375,0,0],"texture":"#0"},"down":{"uv":[0,0,0,1.375],"texture":"#0"}}},{"from":[11.575,12.39216,17.27442],"to":[11.575,15.39216,28.27442],"rotation":{"angle":-45,"axis":"x","origin":[6.575,8.39216,33.90516]},"faces":{"north":{"uv":[0,0,0,0.375],"texture":"#0"},"east":{"uv":[7.25,1.375,5.875,1.75],"texture":"#0"},"south":{"uv":[0,0,0,0.375],"texture":"#0"},"west":{"uv":[7.25,1,5.875,1.375],"texture":"#0"},"up":{"uv":[0,1.375,0,0],"texture":"#0"},"down":{"uv":[0,0,0,1.375],"texture":"#0"}}},{"from":[4.075,12.39216,3.27442],"to":[5.075,15.39216,22.27442],"rotation":{"angle":-45,"axis":"x","origin":[9.075,8.39216,27.90516]},"faces":{"north":{"uv":[4.5,7,4.625,7.375],"texture":"#0"},"east":{"uv":[4.375,3.5,6.75,3.875],"texture":"#0"},"south":{"uv":[4.625,7,4.75,7.375],"texture":"#0"},"west":{"uv":[4.375,3.875,6.75,4.25],"texture":"#0"},"up":{"uv":[5.875,8.375,5.75,6],"texture":"#0"},"down":{"uv":[0.125,6.25,0,8.625],"texture":"#0"}}},{"from":[10.925,12.39216,3.27442],"to":[11.925,15.39216,22.27442],"rotation":{"angle":-45,"axis":"x","origin":[6.925,8.39216,27.90516]},"faces":{"north":{"uv":[4.625,7,4.5,7.375],"texture":"#0"},"east":{"uv":[6.75,3.875,4.375,4.25],"texture":"#0"},"south":{"uv":[4.75,7,4.625,7.375],"texture":"#0"},"west":{"uv":[6.75,3.5,4.375,3.875],"texture":"#0"},"up":{"uv":[5.75,8.375,5.875,6],"texture":"#0"},"down":{"uv":[0,6.25,0.125,8.625],"texture":"#0"}}},{"from":[5,7.23906,19.0952],"to":[5,13.23906,21.0952],"rotation":{"angle":0,"axis":"y","origin":[10,31.86979,25.0952]},"faces":{"north":{"uv":[0,0,0,0.75],"texture":"#0"},"east":{"uv":[3.625,6.375,3.875,7.125],"texture":"#0"},"south":{"uv":[0,0,0,0.75],"texture":"#0"},"west":{"uv":[3.875,6.375,4.125,7.125],"texture":"#0"},"up":{"uv":[0,0.25,0,0],"texture":"#0"},"down":{"uv":[0,0,0,0.25],"texture":"#0"}}},{"from":[11,7.23906,19.0952],"to":[11,13.23906,21.0952],"rotation":{"angle":0,"axis":"y","origin":[6,31.86979,25.0952]},"faces":{"north":{"uv":[0,0,0,0.75],"texture":"#0"},"east":{"uv":[4.125,6.375,3.875,7.125],"texture":"#0"},"south":{"uv":[0,0,0,0.75],"texture":"#0"},"west":{"uv":[3.875,6.375,3.625,7.125],"texture":"#0"},"up":{"uv":[0,0.25,0,0],"texture":"#0"},"down":{"uv":[0,0,0,0.25],"texture":"#0"}}},{"from":[3.25,-9.5,3.5],"to":[7.25,-7.5,6.5],"rotation":{"angle":0,"axis":"y","origin":[12.25,1.5,11.5]},"faces":{"north":{"uv":[6.625,5.625,7.125,5.875],"texture":"#0"},"east":{"uv":[6.75,3.875,7.125,4.125],"texture":"#0"},"south":{"uv":[0.875,6.75,1.375,7],"texture":"#0"},"west":{"uv":[6.75,6.375,7.125,6.625],"texture":"#0"},"up":{"uv":[6.375,6.625,5.875,6.25],"texture":"#0"},"down":{"uv":[3.625,6.375,3.125,6.75],"texture":"#0"}}},{"from":[3.275,-6.27586,1.68152],"to":[4.275,-5.27586,4.68152],"rotation":{"angle":-22.5,"axis":"x","origin":[12.275,3.72414,9.68152]},"faces":{"north":{"uv":[6.5,7.25,6.625,7.375],"texture":"#0"},"east":{"uv":[2.25,7,2.625,7.125],"texture":"#0"},"south":{"uv":[6.625,7.25,6.75,7.375],"texture":"#0"},"west":{"uv":[2.625,7,3,7.125],"texture":"#0"},"up":{"uv":[0.75,5.875,0.625,5.5],"texture":"#0"},"down":{"uv":[5.75,6.375,5.625,6.75],"texture":"#0"}}},{"from":[3.3,-6.77208,-2.91421],"to":[4.3,-5.77208,0.08579],"rotation":{"angle":-45,"axis":"x","origin":[12.3,3.22792,5.08579]},"faces":{"north":{"uv":[7.125,7.25,7.25,7.375],"texture":"#0"},"east":{"uv":[3,7,3.375,7.125],"texture":"#0"},"south":{"uv":[7.25,7.25,7.375,7.375],"texture":"#0"},"west":{"uv":[4.125,7,4.5,7.125],"texture":"#0"},"up":{"uv":[5.75,7.125,5.625,6.75],"texture":"#0"},"down":{"uv":[6.375,6.875,6.25,7.25],"texture":"#0"}}},{"from":[3.25,-3.77208,-2.16421],"to":[4.25,-2.77208,-0.16421],"rotation":{"angle":-45,"axis":"x","origin":[12.25,6.22792,5.83579]},"faces":{"north":{"uv":[7.25,0.125,7.375,0.25],"texture":"#0"},"east":{"uv":[7,7.125,7.25,7.25],"texture":"#0"},"south":{"uv":[7.25,0.25,7.375,0.375],"texture":"#0"},"west":{"uv":[7.125,0,7.375,0.125],"texture":"#0"},"up":{"uv":[7.25,0.375,7.125,0.125],"texture":"#0"},"down":{"uv":[7.25,0.375,7.125,0.625],"texture":"#0"}}},{"from":[8.25,-15,3.525],"to":[12.25,-13,7.525],"rotation":{"angle":-45,"axis":"z","origin":[17.25,-4,11.525]},"faces":{"north":{"uv":[6.5,4.625,7,4.875],"texture":"#0"},"east":{"uv":[5.875,6.625,6.375,6.875],"texture":"#0"},"south":{"uv":[6.625,0.375,7.125,0.625],"texture":"#0"},"west":{"uv":[6.625,1.75,7.125,2],"texture":"#0"},"up":{"uv":[3.625,0.5,3.125,0],"texture":"#0"},"down":{"uv":[4.125,0,3.625,0.5],"texture":"#0"}}},{"from":[3.275,-3.77586,2.68152],"to":[4.275,-2.77586,4.68152],"rotation":{"angle":-22.5,"axis":"x","origin":[12.275,7.22414,9.68152]},"faces":{"north":{"uv":[6.75,7.25,6.875,7.375],"texture":"#0"},"east":{"uv":[6.375,7.125,6.625,7.25],"texture":"#0"},"south":{"uv":[7,7.25,7.125,7.375],"texture":"#0"},"west":{"uv":[6.625,7.125,6.875,7.25],"texture":"#0"},"up":{"uv":[6.25,7.375,6.125,7.125],"texture":"#0"},"down":{"uv":[7,7.125,6.875,7.375],"texture":"#0"}}},{"from":[8.75,-9.5,3.5],"to":[12.75,-7.5,6.5],"rotation":{"angle":0,"axis":"y","origin":[3.75,1.5,11.5]},"faces":{"north":{"uv":[1.375,6.75,1.875,7],"texture":"#0"},"east":{"uv":[5.875,6.875,6.25,7.125],"texture":"#0"},"south":{"uv":[1.875,6.75,2.375,7],"texture":"#0"},"west":{"uv":[0.875,7,1.25,7.25],"texture":"#0"},"up":{"uv":[4.625,6.75,4.125,6.375],"texture":"#0"},"down":{"uv":[5.125,6.375,4.625,6.75],"texture":"#0"}}},{"from":[11.725,-6.27586,1.68152],"to":[12.725,-5.27586,4.68152],"rotation":{"angle":-22.5,"axis":"x","origin":[3.725,3.72414,9.68152]},"faces":{"north":{"uv":[7.25,1.25,7.375,1.375],"texture":"#0"},"east":{"uv":[6.375,7,6.75,7.125],"texture":"#0"},"south":{"uv":[7.25,1.375,7.375,1.5],"texture":"#0"},"west":{"uv":[6.75,7,7.125,7.125],"texture":"#0"},"up":{"uv":[5.125,7.375,5,7],"texture":"#0"},"down":{"uv":[7.125,2.75,7,3.125],"texture":"#0"}}},{"from":[11.7,-6.77208,-2.91421],"to":[12.7,-5.77208,0.08579],"rotation":{"angle":-45,"axis":"x","origin":[3.7,3.22792,5.08579]},"faces":{"north":{"uv":[7.25,1.5,7.375,1.625],"texture":"#0"},"east":{"uv":[7,0.625,7.375,0.75],"texture":"#0"},"south":{"uv":[7.25,1.625,7.375,1.75],"texture":"#0"},"west":{"uv":[7,3.5,7.375,3.625],"texture":"#0"},"up":{"uv":[7.125,5,7,4.625],"texture":"#0"},"down":{"uv":[1.625,7.125,1.5,7.5],"texture":"#0"}}},{"from":[11.75,-3.77208,-2.16421],"to":[12.75,-2.77208,-0.16421],"rotation":{"angle":-45,"axis":"x","origin":[3.75,6.22792,5.83579]},"faces":{"north":{"uv":[7.25,1.75,7.375,1.875],"texture":"#0"},"east":{"uv":[7.125,3,7.375,3.125],"texture":"#0"},"south":{"uv":[7.25,1.875,7.375,2],"texture":"#0"},"west":{"uv":[7.125,3.875,7.375,4],"texture":"#0"},"up":{"uv":[7.25,4.25,7.125,4],"texture":"#0"},"down":{"uv":[7.25,4.625,7.125,4.875],"texture":"#0"}}},{"from":[3.75,-15,3.525],"to":[7.75,-13,7.525],"rotation":{"angle":45,"axis":"z","origin":[-1.25,-4,11.525]},"faces":{"north":{"uv":[2.375,6.75,2.875,7],"texture":"#0"},"east":{"uv":[2.875,6.75,3.375,7],"texture":"#0"},"south":{"uv":[4.125,6.75,4.625,7],"texture":"#0"},"west":{"uv":[4.625,6.75,5.125,7],"texture":"#0"},"up":{"uv":[4.625,1.5,4.125,1],"texture":"#0"},"down":{"uv":[1.25,4.25,0.75,4.75],"texture":"#0"}}},{"from":[11.725,-3.77586,2.68152],"to":[12.725,-2.77586,4.68152],"rotation":{"angle":-22.5,"axis":"x","origin":[3.725,7.22414,9.68152]},"faces":{"north":{"uv":[7.25,2,7.375,2.125],"texture":"#0"},"east":{"uv":[7.125,4.875,7.375,5],"texture":"#0"},"south":{"uv":[7.25,2.125,7.375,2.25],"texture":"#0"},"west":{"uv":[7.125,5.625,7.375,5.75],"texture":"#0"},"up":{"uv":[7.25,6.625,7.125,6.375],"texture":"#0"},"down":{"uv":[7.25,6.625,7.125,6.875],"texture":"#0"}}}]}