{"display":{"thirdperson_righthand":{"rotation":[28.5,0,0],"translation":[-5.75,2,4.75]},"thirdperson_lefthand":{"rotation":[28.5,0,0],"translation":[-5.75,2,4.75]},"firstperson_righthand":{"rotation":[50.75,0,0],"translation":[-9,0,0]},"firstperson_lefthand":{"rotation":[50.75,0,0],"translation":[-9,0,0]},"ground":{"scale":[0.5,0.5,0.5]},"gui":{"rotation":[5.25,172.75,0.75],"scale":[0.5,0.5,0.5]},"head":{"translation":[0,-29,0],"scale":[2,2,2]}},"textures":{"0":"block/anvil","1":"block/green_terracotta","2":"block/black_concrete","particle":"block/anvil"},"elements":[{"name":"legone","from":[13,0,6],"to":[15,17,8],"rotation":{"angle":0,"axis":"y","origin":[22,8,14]},"faces":{"north":{"uv":[14,7,16,16],"texture":"#0"},"east":{"uv":[0,0,2,16],"texture":"#0"},"south":{"uv":[6,0,8,16],"texture":"#0"},"west":{"uv":[0,0,2,16],"texture":"#0"},"up":{"uv":[0,0,2,2],"texture":"#0"},"down":{"uv":[0,0,2,2],"texture":"#0"}}},{"name":"legtwo","from":[1,0,6],"to":[3,17,8],"rotation":{"angle":0,"axis":"y","origin":[10,8,14]},"faces":{"north":{"uv":[13,0,15,16],"texture":"#0"},"east":{"uv":[0,0,2,16],"texture":"#0"},"south":{"uv":[1,0,3,16],"texture":"#0"},"west":{"uv":[0,0,2,16],"texture":"#0"},"up":{"uv":[0,0,2,2],"texture":"#0"},"down":{"uv":[0,0,2,2],"texture":"#0"}}},{"name":"legthree","from":[3,15,6],"to":[13,17,8],"rotation":{"angle":0,"axis":"y","origin":[20,23,15]},"faces":{"north":{"uv":[0,8,9,10],"texture":"#0"},"east":{"uv":[0,0,2,2],"texture":"#0"},"south":{"uv":[6,6,16,8],"texture":"#0"},"west":{"uv":[0,0,2,2],"texture":"#0"},"up":{"uv":[0,0,10,2],"texture":"#0"},"down":{"uv":[0,0,10,2],"texture":"#0"}}},{"name":"base","from":[3,4,-0.25],"to":[13,16,3.75],"rotation":{"angle":-22.5,"axis":"x","origin":[19,23,7.75]},"faces":{"north":{"uv":[13,3,16,6],"texture":"#1"},"east":{"uv":[0,0,4,12],"texture":"#1"},"south":{"uv":[12,2,15,7],"texture":"#1"},"west":{"uv":[0,0,4,12],"texture":"#1"},"up":{"uv":[0,0,10,4],"texture":"#1"},"down":{"uv":[0,0,10,4],"texture":"#1"}}},{"name":"basehole","from":[4,16,0],"to":[12,17,2],"rotation":{"angle":-22.5,"axis":"x","origin":[19,24,9]},"faces":{"north":{"uv":[0,0,8,1],"texture":"#2"},"east":{"uv":[0,0,2,1],"texture":"#2"},"south":{"uv":[0,0,8,1],"texture":"#2"},"west":{"uv":[0,0,2,1],"texture":"#2"},"up":{"uv":[1,4,9,6],"texture":"#2"},"down":{"uv":[0,0,8,2],"texture":"#2"}}}]}