{"credit":"MadewithBlockbenchbyyungwilder","texture_size":[32,32],"textures":{"0":"yungwilder:halloween_pack/machete_bloody","particle":"yungwilder:halloween_pack/machete_bloody"},"elements":[{"from":[6.5,0,7.475],"to":[9.5,3,9.525],"rotation":{"angle":-22.5,"axis":"z","origin":[8,1.5,8.5]},"faces":{"north":{"uv":[3,5.5,4.5,7],"texture":"#0"},"east":{"uv":[6,5.5,7,7],"texture":"#0"},"south":{"uv":[6,0,7.5,1.5],"texture":"#0"},"west":{"uv":[3,7,4,8.5],"texture":"#0"},"up":{"uv":[5.5,8,4,7],"texture":"#0"},"down":{"uv":[7,7,5.5,8],"texture":"#0"}}},{"from":[6.04016,0.68821,7.5],"to":[8.04016,7.68821,9.5],"rotation":{"angle":0,"axis":"y","origin":[-0.45984,-1.31179,0]},"faces":{"north":{"uv":[3,2,4,5.5],"texture":"#0"},"east":{"uv":[4,2,5,5.5],"texture":"#0"},"south":{"uv":[5,0,6,3.5],"texture":"#0"},"west":{"uv":[5,3.5,6,7],"texture":"#0"},"up":{"uv":[8,7.5,7,6.5],"texture":"#0"},"down":{"uv":[8.5,0,7.5,1],"texture":"#0"}}},{"from":[6.04016,7.68821,7.5],"to":[10.04016,9.68821,9.5],"rotation":{"angle":0,"axis":"y","origin":[-0.45984,-1.31179,0]},"faces":{"north":{"uv":[6,1.5,8,2.5],"texture":"#0"},"east":{"uv":[7,7.5,8,8.5],"texture":"#0"},"south":{"uv":[6,2.5,8,3.5],"texture":"#0"},"west":{"uv":[0,8,1,9],"texture":"#0"},"up":{"uv":[8,4.5,6,3.5],"texture":"#0"},"down":{"uv":[8,4.5,6,5.5],"texture":"#0"}}},{"from":[6.04016,9.68821,8],"to":[10.04016,25.68821,9],"rotation":{"angle":0,"axis":"y","origin":[-0.45984,-1.31179,0]},"faces":{"north":{"uv":[0,0,2,8],"texture":"#0"},"east":{"uv":[2,0,2.5,8],"texture":"#0"},"south":{"uv":[2,0,0,8],"texture":"#0"},"west":{"uv":[2.5,0,3,8],"texture":"#0"},"up":{"uv":[9.5,1.5,7.5,1],"texture":"#0"},"down":{"uv":[3,8,1,8.5],"texture":"#0"}}},{"from":[6.86858,23.68821,8.025],"to":[9.69658,26.51621,8.975],"rotation":{"angle":-45,"axis":"z","origin":[8.86858,25.68821,8.5]},"faces":{"north":{"uv":[3,0,5,2],"texture":"#0"},"east":{"uv":[8,1.5,8.5,3.5],"texture":"#0"},"south":{"uv":[5,0,3,2],"texture":"#0"},"west":{"uv":[8,3.5,8.5,5.5],"texture":"#0"},"up":{"uv":[6,8.5,4,8],"texture":"#0"},"down":{"uv":[10,5.5,8,6],"texture":"#0"}}},{"from":[4.62735,25.44698,8.025],"to":[6.03985,26.85948,8.975],"rotation":{"angle":-45,"axis":"z","origin":[8.03985,24.85948,8.5]},"faces":{"north":{"uv":[6,8,7,9],"texture":"#0"},"east":{"uv":[8,8,8.5,9],"texture":"#0"},"south":{"uv":[7,8,6,9],"texture":"#0"},"west":{"uv":[8.5,0,9,1],"texture":"#0"},"up":{"uv":[2,9,1,8.5],"texture":"#0"},"down":{"uv":[9.5,1.5,8.5,2],"texture":"#0"}}},{"from":[6.04016,25.68821,8.05],"to":[8.04016,27.68821,8.95],"rotation":{"angle":0,"axis":"z","origin":[7.04016,26.68821,8.5]},"faces":{"north":{"uv":[7,5.5,8,6.5],"texture":"#0"},"east":{"uv":[4.5,5.5,5,6.5],"texture":"#0"},"south":{"uv":[8,6.5,7,5.5],"rotation":90,"texture":"#0"},"west":{"uv":[8,6,8.5,7],"texture":"#0"},"up":{"uv":[9,7.5,8,7],"texture":"#0"},"down":{"uv":[9,7.5,8,8],"texture":"#0"}}}],"gui_light":"front","display":{"thirdperson_righthand":{"rotation":[0,90,0],"translation":[-0.5,1,0.5]},"thirdperson_lefthand":{"rotation":[0,-90,0],"translation":[-0.5,1,0.5]},"firstperson_righthand":{"rotation":[-20,110,0],"translation":[1,1,0],"scale":[0.75,0.75,0.75]},"firstperson_lefthand":{"rotation":[-20,-70,0],"translation":[1,1,0],"scale":[0.75,0.75,0.75]},"ground":{"rotation":[0,0,45],"scale":[0.35,0.35,0.35]},"gui":{"rotation":[15,15,-45],"translation":[-2.5,-2.5,0],"scale":[0.65,0.65,0.65]},"head":{"rotation":[0,0,-130],"translation":[-3,16,0]},"fixed":{"rotation":[-180,0,135],"translation":[3.5,-3.75,-0.25],"scale":[0.85,0.85,0.85]}}}