{"credit":"MadewithBlockbenchbyyungwilder","texture_size":[32,32],"textures":{"0":"yungwilder:halloween_pack/vampire_sword","1":"yungwilder:halloween_pack/vampire_sword_blood","particle":"yungwilder:halloween_pack/vampire_sword"},"elements":[{"from":[6.5,0,6.5],"to":[9.5,3,9.5],"rotation":{"angle":45,"axis":"z","origin":[8,1.5,8]},"faces":{"north":{"uv":[6,0,7.5,1.5],"texture":"#0"},"east":{"uv":[7.5,0,9,1.5],"texture":"#0"},"south":{"uv":[7.5,7,9,8.5],"texture":"#0"},"west":{"uv":[0,8,1.5,9.5],"texture":"#0"},"up":{"uv":[9.5,3,8,1.5],"texture":"#0"},"down":{"uv":[9.5,3,8,4.5],"texture":"#0"}}},{"from":[7,2.5,7],"to":[9,9.5,9],"rotation":{"angle":0,"axis":"y","origin":[8,1.5,8]},"faces":{"north":{"uv":[3,5,4,8.5],"texture":"#0"},"east":{"uv":[4,5,5,8.5],"texture":"#0"},"south":{"uv":[5.5,7,6.5,10.5],"texture":"#0"},"west":{"uv":[6.5,7,7.5,10.5],"texture":"#0"},"up":{"uv":[7,2.5,6,1.5],"texture":"#0"},"down":{"uv":[8,1.5,7,2.5],"texture":"#0"}}},{"from":[5.5,9.5,6.5],"to":[10.5,12.5,9.5],"rotation":{"angle":0,"axis":"y","origin":[8,0.5,8]},"faces":{"north":{"uv":[5.5,2.5,8,4],"texture":"#0"},"east":{"uv":[8,4.5,9.5,6],"texture":"#0"},"south":{"uv":[8,2.5,5.5,4],"texture":"#0"},"west":{"uv":[3,8.5,4.5,10],"texture":"#0"},"up":{"uv":[8,5.5,5.5,4],"texture":"#0"},"down":{"uv":[8,5.5,5.5,7],"texture":"#0"}}},{"from":[8.9099,8.49942,7.975],"to":[15.9099,13.49942,8.025],"rotation":{"angle":22.5,"axis":"z","origin":[13.1599,12.49942,7.5]},"faces":{"north":{"uv":[2.5,0,6,2.5],"texture":"#0"},"south":{"uv":[6,0,2.5,2.5],"texture":"#0"}}},{"from":[5.5,12.5,7.5],"to":[10.5,28.5,8.5],"rotation":{"angle":0,"axis":"y","origin":[8,0.5,8]},"faces":{"north":{"uv":[0,0,2.5,8],"texture":"#0"},"east":{"uv":[2.5,5,3,13],"texture":"#0"},"south":{"uv":[2.5,0,0,8],"texture":"#0"},"west":{"uv":[5,2.5,5.5,10.5],"texture":"#0"},"up":{"uv":[12,2.5,9.5,2],"texture":"#0"},"down":{"uv":[12,2.5,9.5,3],"texture":"#0"}}},{"from":[9.84985,9.7685,7],"to":[11.84985,12.7685,9],"rotation":{"angle":22.5,"axis":"z","origin":[10.84985,11.2685,8]},"faces":{"north":{"uv":[1.5,8,2.5,9.5],"texture":"#0"},"east":{"uv":[7.5,8.5,8.5,10],"texture":"#0"},"south":{"uv":[8.5,8.5,9.5,10],"texture":"#0"},"west":{"uv":[9,0,10,1.5],"texture":"#0"},"up":{"uv":[9,7,8,6],"texture":"#0"},"down":{"uv":[10.5,3,9.5,4],"texture":"#0"}}},{"from":[11.33703,12.73491,7.5],"to":[14.33703,13.73491,8.5],"rotation":{"angle":45,"axis":"z","origin":[12.52453,12.20991,7.5]},"faces":{"north":{"uv":[9.5,4,11,4.5],"texture":"#0"},"east":{"uv":[1.5,10,2,10.5],"texture":"#0"},"south":{"uv":[9.5,4.5,11,5],"texture":"#0"},"west":{"uv":[2,10,2.5,10.5],"texture":"#0"},"up":{"uv":[11,5.5,9.5,5],"texture":"#0"},"down":{"uv":[11,5.5,9.5,6],"texture":"#0"}}},{"from":[13.62993,9.0278,7.5],"to":[14.62993,12.0278,8.5],"rotation":{"angle":45,"axis":"z","origin":[11.81743,11.5028,7.5]},"faces":{"north":{"uv":[9.5,6,10,7.5],"texture":"#0"},"east":{"uv":[9.5,7.5,10,9],"texture":"#0"},"south":{"uv":[9.5,9,10,10.5],"texture":"#0"},"west":{"uv":[0,10,0.5,11.5],"texture":"#0"},"up":{"uv":[3.5,10.5,3,10],"texture":"#0"},"down":{"uv":[4,10,3.5,10.5],"texture":"#0"}}},{"from":[14.58168,11.37897,7.525],"to":[16.58168,12.37897,8.475],"rotation":{"angle":22.5,"axis":"z","origin":[15.58168,11.87897,8]},"faces":{"north":{"uv":[10,0,11,0.5],"texture":"#0"},"east":{"uv":[4,10,4.5,10.5],"texture":"#0"},"south":{"uv":[0.5,10,1.5,10.5],"texture":"#0"},"west":{"uv":[10,6,10.5,6.5],"texture":"#0"},"up":{"uv":[11,1,10,0.5],"texture":"#0"},"down":{"uv":[11,1,10,1.5],"texture":"#0"}}},{"from":[1.66297,12.73491,7.5],"to":[4.66297,13.73491,8.5],"rotation":{"angle":-45,"axis":"z","origin":[3.47547,12.20991,7.5]},"faces":{"north":{"uv":[11,4,9.5,4.5],"texture":"#0"},"east":{"uv":[2.5,10,2,10.5],"texture":"#0"},"south":{"uv":[11,4.5,9.5,5],"texture":"#0"},"west":{"uv":[2,10,1.5,10.5],"texture":"#0"},"up":{"uv":[9.5,5.5,11,5],"texture":"#0"},"down":{"uv":[9.5,5.5,11,6],"texture":"#0"}}},{"from":[4.15015,9.7685,7],"to":[6.15015,12.7685,9],"rotation":{"angle":-22.5,"axis":"z","origin":[5.15015,11.2685,8]},"faces":{"north":{"uv":[2.5,8,1.5,9.5],"texture":"#0"},"east":{"uv":[10,0,9,1.5],"texture":"#0"},"south":{"uv":[9.5,8.5,8.5,10],"texture":"#0"},"west":{"uv":[8.5,8.5,7.5,10],"texture":"#0"},"up":{"uv":[8,7,9,6],"texture":"#0"},"down":{"uv":[9.5,3,10.5,4],"texture":"#0"}}},{"from":[-0.58168,11.37897,7.525],"to":[1.41832,12.37897,8.475],"rotation":{"angle":-22.5,"axis":"z","origin":[0.41832,11.87897,8]},"faces":{"north":{"uv":[11,0,10,0.5],"texture":"#0"},"east":{"uv":[10.5,6,10,6.5],"texture":"#0"},"south":{"uv":[1.5,10,0.5,10.5],"texture":"#0"},"west":{"uv":[4.5,10,4,10.5],"texture":"#0"},"up":{"uv":[10,1,11,0.5],"texture":"#0"},"down":{"uv":[10,1,11,1.5],"texture":"#0"}}},{"from":[0.0901,8.49942,7.975],"to":[7.0901,13.49942,8.025],"rotation":{"angle":-22.5,"axis":"z","origin":[2.8401,12.49942,7.5]},"faces":{"north":{"uv":[6,0,2.5,2.5],"texture":"#0"},"south":{"uv":[2.5,0,6,2.5],"texture":"#0"}}},{"from":[1.37007,9.0278,7.5],"to":[2.37007,12.0278,8.5],"rotation":{"angle":-45,"axis":"z","origin":[4.18257,11.5028,7.5]},"faces":{"north":{"uv":[10,6,9.5,7.5],"texture":"#0"},"east":{"uv":[0.5,10,0,11.5],"texture":"#0"},"south":{"uv":[10,9,9.5,10.5],"texture":"#0"},"west":{"uv":[10,7.5,9.5,9],"texture":"#0"},"up":{"uv":[3,10.5,3.5,10],"texture":"#0"},"down":{"uv":[3.5,10,4,10.5],"texture":"#0"}}},{"from":[6.22684,26.73,7.525],"to":[9.76684,30.27,8.475],"rotation":{"angle":45,"axis":"z","origin":[7.99684,28.5,8]},"faces":{"north":{"uv":[2.5,2.5,5,5],"texture":"#0"},"east":{"uv":[4.5,8.5,5,11],"texture":"#0"},"south":{"uv":[5,2.5,2.5,5],"texture":"#0"},"west":{"uv":[9,6,9.5,8.5],"texture":"#0"},"up":{"uv":[2.5,10,0,9.5],"texture":"#0"},"down":{"uv":[12,1.5,9.5,2],"texture":"#0"}}},{"from":[0,-4,7.925],"to":[16,12,8.075],"rotation":{"angle":0,"axis":"x","origin":[8,21,8]},"faces":{"north":{"uv":[16,0,0,16],"rotation":180,"texture":"#1"},"south":{"uv":[0,0,16,16],"rotation":180,"texture":"#1"}}}],"gui_light":"front","display":{"thirdperson_righthand":{"rotation":[0,-90,0],"translation":[0,0,1.5],"scale":[0.9,0.9,0.9]},"thirdperson_lefthand":{"rotation":[0,90,0],"translation":[0,0,1.5],"scale":[0.9,0.9,0.9]},"firstperson_righthand":{"rotation":[-20,-80,0],"scale":[0.65,0.65,0.65]},"firstperson_lefthand":{"rotation":[-20,100,0],"scale":[0.65,0.65,0.65]},"ground":{"rotation":[45,90,0],"scale":[0.35,0.35,0.35]},"gui":{"rotation":[20,160,45],"translation":[-2.5,-2.5,0],"scale":[0.65,0.65,0.65]},"head":{"rotation":[-180,0,-55],"translation":[-4,14,0]},"fixed":{"rotation":[0,0,45],"translation":[4,-4,-1],"scale":[0.8,0.8,0.8]}}}