{"credit":"MadewithBlockbench","textures":{"0":"elitecreatures:dungeon_decoration_v1/dungeon_decorate_goldbar","particle":"elitecreatures:dungeon_decoration_v1/dungeon_decorate_goldbar"},"elements":[{"from":[5,0,-1],"to":[8,2,9],"rotation":{"angle":-22.5,"axis":"y","origin":[0,0,2]},"faces":{"north":{"uv":[3,2,6,4],"texture":"#0"},"east":{"uv":[3,0,13,2],"texture":"#0"},"south":{"uv":[3,2,6,4],"texture":"#0"},"west":{"uv":[3,0,13,2],"texture":"#0"},"up":{"uv":[3,10,0,0],"texture":"#0"},"down":{"uv":[3,10,0,0],"texture":"#0"}}},{"from":[8,0,6],"to":[11,2,16],"rotation":{"angle":0,"axis":"y","origin":[0,0,2]},"faces":{"north":{"uv":[3,2,6,4],"texture":"#0"},"east":{"uv":[3,0,13,2],"texture":"#0"},"south":{"uv":[3,2,6,4],"texture":"#0"},"west":{"uv":[3,0,13,2],"texture":"#0"},"up":{"uv":[3,10,0,0],"texture":"#0"},"down":{"uv":[3,10,0,0],"texture":"#0"}}},{"from":[12,0,4],"to":[15,2,14],"rotation":{"angle":0,"axis":"y","origin":[0,0,2]},"faces":{"north":{"uv":[3,2,6,4],"texture":"#0"},"east":{"uv":[3,0,13,2],"texture":"#0"},"south":{"uv":[3,2,6,4],"texture":"#0"},"west":{"uv":[3,0,13,2],"texture":"#0"},"up":{"uv":[3,10,0,0],"texture":"#0"},"down":{"uv":[3,10,0,0],"texture":"#0"}}},{"from":[10,2,5],"to":[13,4,15],"rotation":{"angle":0,"axis":"y","origin":[0,0,2]},"faces":{"north":{"uv":[3,2,6,4],"texture":"#0"},"east":{"uv":[3,0,13,2],"texture":"#0"},"south":{"uv":[3,2,6,4],"texture":"#0"},"west":{"uv":[3,0,13,2],"texture":"#0"},"up":{"uv":[3,10,0,0],"texture":"#0"},"down":{"uv":[3,10,0,0],"texture":"#0"}}},{"from":[2,2,5],"to":[5,4,15],"rotation":{"angle":22.5,"axis":"y","origin":[0,0,2]},"faces":{"north":{"uv":[3,2,6,4],"texture":"#0"},"east":{"uv":[3,0,13,2],"texture":"#0"},"south":{"uv":[3,2,6,4],"texture":"#0"},"west":{"uv":[3,0,13,2],"texture":"#0"},"up":{"uv":[3,10,0,0],"texture":"#0"},"down":{"uv":[3,10,0,0],"texture":"#0"}}},{"from":[11,4,0],"to":[14,6,10],"rotation":{"angle":-22.5,"axis":"y","origin":[0,0,2]},"faces":{"north":{"uv":[3,2,6,4],"texture":"#0"},"east":{"uv":[3,0,13,2],"texture":"#0"},"south":{"uv":[3,2,6,4],"texture":"#0"},"west":{"uv":[3,0,13,2],"texture":"#0"},"up":{"uv":[3,10,0,0],"texture":"#0"},"down":{"uv":[3,10,0,0],"texture":"#0"}}}],"gui_light":"front","display":{"thirdperson_righthand":{"translation":[0,3.5,2.25],"scale":[0.4,0.4,0.4]},"thirdperson_lefthand":{"translation":[0,3.5,2.25],"scale":[0.4,0.4,0.4]},"firstperson_righthand":{"translation":[-0.75,6.25,-1.5],"scale":[0.9,0.9,0.9]},"firstperson_lefthand":{"translation":[-0.75,6.25,-1.5],"scale":[0.9,0.9,0.9]},"ground":{"translation":[0,2,0],"scale":[0.5,0.5,0.5]},"gui":{"rotation":[30,225,0],"translation":[0.75,2,0],"scale":[0.625,0.625,0.625]},"head":{"translation":[0,-35.25,0]},"fixed":{"rotation":[-90,0,0],"translation":[-1,-1,-12.75],"scale":[1.6,1.6,1.6]}}}