{"credit":"MadebyPolygonMC","texture_size":[24,24],"textures":{"1":"xmasset:animations/animation_1","2":"xmasset:spear","particle":"xmasset:spear"},"elements":[{"from":[7.35,1.25,7.35],"to":[8.65,1.75,8.65],"rotation":{"angle":0,"axis":"y","origin":[7.5,0.75,6.5]},"faces":{"north":{"uv":[10.66667,11.33333,11.5,11.66667],"texture":"#2"},"east":{"uv":[11.33333,10.66667,12.16667,11],"texture":"#2"},"south":{"uv":[0,12,0.83333,12.33333],"texture":"#2"},"west":{"uv":[12,0,12.83333,0.33333],"texture":"#2"},"up":{"uv":[8.83333,9.5,8,8.66667],"texture":"#2"},"down":{"uv":[2.16667,9.33333,1.33333,10.16667],"texture":"#2"}}},{"from":[7.35,5.8,7.35],"to":[8.65,6.3,8.65],"rotation":{"angle":0,"axis":"y","origin":[7.5,5.3,6.5]},"faces":{"north":{"uv":[12,0.66667,12.83333,1],"texture":"#2"},"east":{"uv":[1.33333,12,2.16667,12.33333],"texture":"#2"},"south":{"uv":[12,1.33333,12.83333,1.66667],"texture":"#2"},"west":{"uv":[12,2,12.83333,2.33333],"texture":"#2"},"up":{"uv":[10.16667,2.16667,9.33333,1.33333],"texture":"#2"},"down":{"uv":[3.5,9.33333,2.66667,10.16667],"texture":"#2"}}},{"from":[7.35,11.8,7.35],"to":[8.65,12.3,8.65],"rotation":{"angle":0,"axis":"y","origin":[7.5,11.3,6.5]},"faces":{"north":{"uv":[2.66667,12,3.5,12.33333],"texture":"#2"},"east":{"uv":[12,2.66667,12.83333,3],"texture":"#2"},"south":{"uv":[12,3.33333,12.83333,3.66667],"texture":"#2"},"west":{"uv":[4,12,4.83333,12.33333],"texture":"#2"},"up":{"uv":[10.16667,3.5,9.33333,2.66667],"texture":"#2"},"down":{"uv":[4.83333,9.33333,4,10.16667],"texture":"#2"}}},{"from":[7.5,1.75,7.5],"to":[8.5,2.75,8.5],"rotation":{"angle":0,"axis":"y","origin":[7.5,0.75,6.5]},"faces":{"north":{"uv":[8.66667,3.33333,9.33333,4],"texture":"#2"},"east":{"uv":[5.33333,10.66667,6,11.33333],"texture":"#2"},"south":{"uv":[10.66667,5.33333,11.33333,6],"texture":"#2"},"west":{"uv":[6,10.66667,6.66667,11.33333],"texture":"#2"},"up":{"uv":[11.33333,6.66667,10.66667,6],"texture":"#2"},"down":{"uv":[11.33333,6.66667,10.66667,7.33333],"texture":"#2"}}},{"from":[7.5,4.8,7.5],"to":[8.5,5.8,8.5],"rotation":{"angle":0,"axis":"y","origin":[7.5,3.8,6.5]},"faces":{"north":{"uv":[10.66667,7.33333,11.33333,8],"texture":"#2"},"east":{"uv":[10.66667,8,11.33333,8.66667],"texture":"#2"},"south":{"uv":[10.66667,8.66667,11.33333,9.33333],"texture":"#2"},"west":{"uv":[9.33333,10.66667,10,11.33333],"texture":"#2"},"up":{"uv":[11.33333,10,10.66667,9.33333],"texture":"#2"},"down":{"uv":[10.66667,10.66667,10,11.33333],"texture":"#2"}}},{"from":[7.6,2.75,7.6],"to":[8.4,3.55,8.4],"rotation":{"angle":0,"axis":"y","origin":[7.5,1.75,6.5]},"faces":{"north":{"uv":[8,12,8.5,12.5],"texture":"#2"},"east":{"uv":[12,8,12.5,8.5],"texture":"#2"},"south":{"uv":[8.66667,12,9.16667,12.5],"texture":"#2"},"west":{"uv":[12,8.66667,12.5,9.16667],"texture":"#2"},"up":{"uv":[9.83333,12.5,9.33333,12],"texture":"#2"},"down":{"uv":[12.5,9.33333,12,9.83333],"texture":"#2"}}},{"from":[7.6,4.05,7.6],"to":[8.4,4.85,8.4],"rotation":{"angle":0,"axis":"y","origin":[7.5,3.05,6.5]},"faces":{"north":{"uv":[10,12,10.5,12.5],"texture":"#2"},"east":{"uv":[12,10,12.5,10.5],"texture":"#2"},"south":{"uv":[10.66667,12,11.16667,12.5],"texture":"#2"},"west":{"uv":[11.33333,12,11.83333,12.5],"texture":"#2"},"up":{"uv":[12.5,11.83333,12,11.33333],"texture":"#2"},"down":{"uv":[12.5,12,12,12.5],"texture":"#2"}}},{"from":[7.41,0.26,7.41],"to":[8.59,1.44,8.59],"rotation":{"angle":-45,"axis":"x","origin":[8,0.85,8]},"faces":{"north":{"uv":[9.33333,4,10.16667,4.83333],"texture":"#2"},"east":{"uv":[9.33333,5.33333,10.16667,6.16667],"texture":"#2"},"south":{"uv":[9.33333,6.66667,10.16667,7.5],"texture":"#2"},"west":{"uv":[9.33333,8,10.16667,8.83333],"texture":"#2"},"up":{"uv":[10.16667,10.16667,9.33333,9.33333],"texture":"#2"},"down":{"uv":[0.83333,10,0,10.83333],"texture":"#2"}}},{"from":[7.51,3.31,7.51],"to":[8.49,4.29,8.49],"rotation":{"angle":-45,"axis":"x","origin":[8,3.8,8]},"faces":{"north":{"uv":[10.66667,10,11.33333,10.66667],"texture":"#2"},"east":{"uv":[10.66667,10.66667,11.33333,11.33333],"texture":"#2"},"south":{"uv":[0,11.33333,0.66667,12],"texture":"#2"},"west":{"uv":[11.33333,0,12,0.66667],"texture":"#2"},"up":{"uv":[1.33333,12,0.66667,11.33333],"texture":"#2"},"down":{"uv":[12,0.66667,11.33333,1.33333],"texture":"#2"}}},{"from":[7.35,16.3,7.35],"to":[8.65,16.8,8.65],"rotation":{"angle":0,"axis":"y","origin":[7.5,15.8,6.5]},"faces":{"north":{"uv":[12,4,12.83333,4.33333],"texture":"#2"},"east":{"uv":[12,4.66667,12.83333,5],"texture":"#2"},"south":{"uv":[5.33333,12,6.16667,12.33333],"texture":"#2"},"west":{"uv":[12,5.33333,12.83333,5.66667],"texture":"#2"},"up":{"uv":[10.83333,0.83333,10,0],"texture":"#2"},"down":{"uv":[7.5,10,6.66667,10.83333],"texture":"#2"}}},{"from":[7.35,22.3,7.35],"to":[8.65,22.8,8.65],"rotation":{"angle":0,"axis":"y","origin":[7.5,21.8,6.5]},"faces":{"north":{"uv":[12,6,12.83333,6.33333],"texture":"#2"},"east":{"uv":[6.66667,12,7.5,12.33333],"texture":"#2"},"south":{"uv":[12,6.66667,12.83333,7],"texture":"#2"},"west":{"uv":[12,7.33333,12.83333,7.66667],"texture":"#2"},"up":{"uv":[8.83333,10.83333,8,10],"texture":"#2"},"down":{"uv":[2.16667,10.66667,1.33333,11.5],"texture":"#2"}}},{"from":[7.5,12.25,7.5],"to":[8.5,13.25,8.5],"rotation":{"angle":0,"axis":"y","origin":[7.5,11.25,6.5]},"faces":{"north":{"uv":[8.66667,11.33333,9.33333,12],"texture":"#2"},"east":{"uv":[11.33333,8.66667,12,9.33333],"texture":"#2"},"south":{"uv":[9.33333,11.33333,10,12],"texture":"#2"},"west":{"uv":[11.33333,9.33333,12,10],"texture":"#2"},"up":{"uv":[10.66667,12,10,11.33333],"texture":"#2"},"down":{"uv":[12,10,11.33333,10.66667],"texture":"#2"}}},{"from":[7.5,15.3,7.5],"to":[8.5,16.3,8.5],"rotation":{"angle":0,"axis":"y","origin":[7.5,14.3,6.5]},"faces":{"north":{"uv":[6.66667,11.33333,7.33333,12],"texture":"#2"},"east":{"uv":[11.33333,6.66667,12,7.33333],"texture":"#2"},"south":{"uv":[7.33333,11.33333,8,12],"texture":"#2"},"west":{"uv":[11.33333,7.33333,12,8],"texture":"#2"},"up":{"uv":[8.66667,12,8,11.33333],"texture":"#2"},"down":{"uv":[12,8,11.33333,8.66667],"texture":"#2"}}},{"from":[7.6,13.25,7.6],"to":[8.4,14.05,8.4],"rotation":{"angle":0,"axis":"y","origin":[7.5,12.25,6.5]},"faces":{"north":{"uv":[8.66667,12.66667,9.16667,13.16667],"texture":"#2"},"east":{"uv":[12.66667,8.66667,13.16667,9.16667],"texture":"#2"},"south":{"uv":[9.33333,12.66667,9.83333,13.16667],"texture":"#2"},"west":{"uv":[12.66667,9.33333,13.16667,9.83333],"texture":"#2"},"up":{"uv":[10.5,13.16667,10,12.66667],"texture":"#2"},"down":{"uv":[13.16667,10,12.66667,10.5],"texture":"#2"}}},{"from":[7.6,14.55,7.6],"to":[8.4,15.35,8.4],"rotation":{"angle":0,"axis":"y","origin":[7.5,13.55,6.5]},"faces":{"north":{"uv":[5.33333,12.66667,5.83333,13.16667],"texture":"#2"},"east":{"uv":[6,12.66667,6.5,13.16667],"texture":"#2"},"south":{"uv":[6.66667,12.66667,7.16667,13.16667],"texture":"#2"},"west":{"uv":[7.33333,12.66667,7.83333,13.16667],"texture":"#2"},"up":{"uv":[8.5,13.16667,8,12.66667],"texture":"#2"},"down":{"uv":[13.16667,8,12.66667,8.5],"texture":"#2"}}},{"from":[7.51,13.81,7.51],"to":[8.49,14.79,8.49],"rotation":{"angle":-45,"axis":"x","origin":[8,14.3,8]},"faces":{"north":{"uv":[11.33333,4,12,4.66667],"texture":"#2"},"east":{"uv":[11.33333,4.66667,12,5.33333],"texture":"#2"},"south":{"uv":[5.33333,11.33333,6,12],"texture":"#2"},"west":{"uv":[11.33333,5.33333,12,6],"texture":"#2"},"up":{"uv":[6.66667,12,6,11.33333],"texture":"#2"},"down":{"uv":[12,6,11.33333,6.66667],"texture":"#2"}}},{"from":[7.4,22.75,7],"to":[8.6,24.75,9],"rotation":{"angle":-45,"axis":"x","origin":[8,23.75,8]},"faces":{"north":{"uv":[7.33333,2.66667,8.16667,4],"texture":"#2"},"east":{"uv":[6.66667,4,8,5.33333],"texture":"#2"},"south":{"uv":[5.33333,7.33333,6.16667,8.66667],"texture":"#2"},"west":{"uv":[6.66667,5.33333,8,6.66667],"texture":"#2"},"up":{"uv":[8.83333,5.33333,8,4],"texture":"#2"},"down":{"uv":[8.83333,5.33333,8,6.66667],"texture":"#2"}}},{"from":[7.15,23,7.25],"to":[8.85,24.5,8.75],"rotation":{"angle":-45,"axis":"x","origin":[8,23.75,8]},"faces":{"north":{"uv":[6.66667,6.66667,7.83333,7.66667],"texture":"#2"},"east":{"uv":[0,8.66667,1,9.66667],"texture":"#2"},"south":{"uv":[0,7.33333,1.16667,8.33333],"texture":"#2"},"west":{"uv":[8.66667,0,9.66667,1],"texture":"#2"},"up":{"uv":[8.5,1,7.33333,0],"texture":"#2"},"down":{"uv":[8.5,1.33333,7.33333,2.33333],"texture":"#2"}}},{"from":[7.6,22.95,6],"to":[8.4,23.7,7.75],"rotation":{"angle":-22.5,"axis":"x","origin":[8,23.45,6]},"faces":{"east":{"uv":[10.66667,1.33333,11.83333,1.83333],"texture":"#2"},"west":{"uv":[10.66667,2,11.83333,2.5],"texture":"#2"},"up":{"uv":[3.16667,11.83333,2.66667,10.66667],"texture":"#2"},"down":{"uv":[11.16667,2.66667,10.66667,3.83333],"texture":"#2"}}},{"from":[7.6,23.7,7],"to":[8.4,24.45,7.75],"rotation":{"angle":-22.5,"axis":"x","origin":[8,23.45,6]},"faces":{"north":{"uv":[0,12.66667,0.5,13.16667],"texture":"#2"},"east":{"uv":[0.66667,12.66667,1.16667,13.16667],"texture":"#2"},"south":{"uv":[1.33333,12.66667,1.83333,13.16667],"texture":"#2"},"west":{"uv":[2,12.66667,2.5,13.16667],"texture":"#2"},"up":{"uv":[3.16667,13.16667,2.66667,12.66667],"texture":"#2"}}},{"from":[7.775,23.70381,6.01913],"to":[8.225,24.30381,7.01913],"rotation":{"angle":-22.5,"axis":"x","origin":[8,23.40381,6.01913]},"faces":{"east":{"uv":[10.66667,12.66667,11.33333,13],"texture":"#2"},"west":{"uv":[12.66667,10.66667,13.33333,11],"texture":"#2"},"up":{"uv":[11.66667,13.33333,11.33333,12.66667],"texture":"#2"}}},{"from":[7.5,22.75,5.15],"to":[8.5,25.25,6.15],"rotation":{"angle":-45,"axis":"x","origin":[8,23.8,6]},"faces":{"north":{"uv":[1.33333,7.33333,2,9],"texture":"#2"},"east":{"uv":[6.66667,8,7.33333,9.66667],"texture":"#2"},"south":{"uv":[8,6.66667,8.66667,8.33333],"texture":"#2"},"west":{"uv":[7.33333,8,8,9.66667],"texture":"#2"},"up":{"uv":[12,3.33333,11.33333,2.66667],"texture":"#2"},"down":{"uv":[12,3.33333,11.33333,4],"texture":"#2"}}},{"from":[7.565,24.0521,4.71915],"to":[8.435,25.6321,5.58915],"rotation":{"angle":22.5,"axis":"x","origin":[8,24.8671,5.17915]},"faces":{"north":{"uv":[3.33333,10.66667,3.83333,11.66667],"texture":"#2"},"east":{"uv":[4,10.66667,4.5,11.66667],"texture":"#2"},"south":{"uv":[10.66667,4,11.16667,5],"texture":"#2"},"west":{"uv":[4.66667,10.66667,5.16667,11.66667],"texture":"#2"},"up":{"uv":[3.83333,13.16667,3.33333,12.66667],"texture":"#2"}}},{"from":[8,-2,6.875],"to":[8,1,9.125],"rotation":{"angle":0,"axis":"y","origin":[8,-1,7.125]},"faces":{"north":{"uv":[0,0,0,2],"texture":"#2"},"east":{"uv":[3.33333,3.33333,4.83333,5.33333],"texture":"#2"},"south":{"uv":[0,0,0,2],"texture":"#2"},"west":{"uv":[0,5.33333,1.5,7.33333],"texture":"#2"},"up":{"uv":[0,1.5,0,0],"texture":"#2"},"down":{"uv":[0,0,0,1.5],"texture":"#2"}}},{"from":[7.3,21.3,5.5],"to":[7.3,26.3,10.5],"rotation":{"angle":0,"axis":"y","origin":[13,32.65,8]},"faces":{"west":{"uv":[3.33333,0,6.66667,3.33333],"texture":"#2"}}},{"from":[8.7,21.3,5.5],"to":[8.7,26.3,10.5],"rotation":{"angle":0,"axis":"y","origin":[3,32.65,8]},"faces":{"east":{"uv":[6.66667,0,3.33333,3.33333],"texture":"#2"}}},{"from":[7.5,6.3,7.5],"to":[8.5,11.8,8.5],"rotation":{"angle":0,"axis":"y","origin":[6.5,6.3,7.5]},"faces":{"north":{"uv":[2,5.33333,2.66667,9],"texture":"#2"},"east":{"uv":[2.66667,5.33333,3.33333,9],"texture":"#2"},"south":{"uv":[3.33333,5.33333,4,9],"texture":"#2"},"west":{"uv":[5.33333,3.33333,6,7],"texture":"#2"}}},{"from":[7.5,16.8,7.5],"to":[8.5,22.3,8.5],"rotation":{"angle":0,"axis":"y","origin":[6.5,16.8,7.5]},"faces":{"north":{"uv":[4,5.33333,4.66667,9],"texture":"#2"},"east":{"uv":[4.66667,5.33333,5.33333,9],"texture":"#2"},"south":{"uv":[6,3.33333,6.66667,7],"texture":"#2"},"west":{"uv":[6.66667,0,7.33333,3.66667],"texture":"#2"}}},{"from":[7.625,24.39203,7.17879],"to":[8.375,26.69203,7.92879],"rotation":{"angle":0,"axis":"x","origin":[8,26.59602,7.32109]},"faces":{"north":{"uv":[8.66667,1.33333,9.16667,2.83333],"texture":"#2"},"east":{"uv":[5.33333,8.66667,5.83333,10.16667],"texture":"#2"},"south":{"uv":[6,8.66667,6.5,10.16667],"texture":"#2"},"west":{"uv":[8.66667,6.66667,9.16667,8.16667],"texture":"#2"},"up":{"uv":[4.5,13.16667,4,12.66667],"texture":"#2"},"down":{"uv":[5.16667,12.66667,4.66667,13.16667],"texture":"#2"}}},{"from":[7.7,26.45613,7.27504],"to":[8.3,27.50613,7.87504],"rotation":{"angle":-22.5,"axis":"x","origin":[8,26.59602,7.32109]},"faces":{"north":{"uv":[12.66667,11.33333,13,12],"texture":"#2"},"east":{"uv":[12,12.66667,12.33333,13.33333],"texture":"#2"},"south":{"uv":[12.66667,12,13,12.66667],"texture":"#2"},"west":{"uv":[12.66667,12.66667,13,13.33333],"texture":"#2"},"up":{"uv":[0.33333,13.66667,0,13.33333],"texture":"#2"},"down":{"uv":[13.66667,0,13.33333,0.33333],"texture":"#2"}}},{"from":[7.8,26.97675,6.13626],"to":[8.2,27.37675,6.68626],"rotation":{"angle":45,"axis":"x","origin":[8,26.59602,7.32109]},"faces":{"north":{"uv":[0.66667,13.33333,1,13.66667],"texture":"#2"},"east":{"uv":[13.33333,0.66667,13.66667,1],"texture":"#2"},"south":{"uv":[1.33333,13.33333,1.66667,13.66667],"texture":"#2"},"west":{"uv":[13.33333,1.33333,13.66667,1.66667],"texture":"#2"},"up":{"uv":[2.33333,13.66667,2,13.33333],"texture":"#2"},"down":{"uv":[13.66667,2,13.33333,2.33333],"texture":"#2"}}},{"from":[7.8,26.97675,9.31374],"to":[8.2,27.37675,9.86374],"rotation":{"angle":-45,"axis":"x","origin":[8,26.59602,8.67891]},"faces":{"north":{"uv":[1.66667,13.33333,1.33333,13.66667],"texture":"#2"},"east":{"uv":[13.66667,0.66667,13.33333,1],"texture":"#2"},"south":{"uv":[1,13.33333,0.66667,13.66667],"texture":"#2"},"west":{"uv":[13.66667,1.33333,13.33333,1.66667],"texture":"#2"},"up":{"uv":[2.33333,13.33333,2,13.66667],"texture":"#2"},"down":{"uv":[13.66667,2.33333,13.33333,2],"texture":"#2"}}},{"from":[7.7,26.45613,8.12496],"to":[8.3,27.50613,8.72496],"rotation":{"angle":22.5,"axis":"x","origin":[8,26.59602,8.67891]},"faces":{"north":{"uv":[13,12,12.66667,12.66667],"texture":"#2"},"east":{"uv":[12.33333,12.66667,12,13.33333],"texture":"#2"},"south":{"uv":[13,11.33333,12.66667,12],"texture":"#2"},"west":{"uv":[13,12.66667,12.66667,13.33333],"texture":"#2"},"up":{"uv":[0.33333,13.33333,0,13.66667],"texture":"#2"},"down":{"uv":[13.66667,0.33333,13.33333,0],"texture":"#2"}}},{"from":[7.625,24.39203,8.07121],"to":[8.375,26.69203,8.82121],"rotation":{"angle":0,"axis":"x","origin":[8,26.59602,8.67891]},"faces":{"north":{"uv":[6.5,8.66667,6,10.16667],"texture":"#2"},"east":{"uv":[5.83333,8.66667,5.33333,10.16667],"texture":"#2"},"south":{"uv":[9.16667,1.33333,8.66667,2.83333],"texture":"#2"},"west":{"uv":[9.16667,6.66667,8.66667,8.16667],"texture":"#2"},"up":{"uv":[4.5,12.66667,4,13.16667],"texture":"#2"},"down":{"uv":[5.16667,13.16667,4.66667,12.66667],"texture":"#2"}}},{"from":[7.6,23.7,8.25],"to":[8.4,24.45,9],"rotation":{"angle":22.5,"axis":"x","origin":[8,23.45,10]},"faces":{"north":{"uv":[1.83333,12.66667,1.33333,13.16667],"texture":"#2"},"east":{"uv":[1.16667,12.66667,0.66667,13.16667],"texture":"#2"},"south":{"uv":[0.5,12.66667,0,13.16667],"texture":"#2"},"west":{"uv":[2.5,12.66667,2,13.16667],"texture":"#2"},"up":{"uv":[3.16667,12.66667,2.66667,13.16667],"texture":"#2"}}},{"from":[7.775,23.70381,8.98087],"to":[8.225,24.30381,9.98087],"rotation":{"angle":22.5,"axis":"x","origin":[8,23.40381,9.98087]},"faces":{"east":{"uv":[11.33333,12.66667,10.66667,13],"texture":"#2"},"west":{"uv":[13.33333,10.66667,12.66667,11],"texture":"#2"},"up":{"uv":[11.66667,12.66667,11.33333,13.33333],"texture":"#2"}}},{"from":[7.6,22.95,8.25],"to":[8.4,23.7,10],"rotation":{"angle":22.5,"axis":"x","origin":[8,23.45,10]},"faces":{"east":{"uv":[11.83333,1.33333,10.66667,1.83333],"texture":"#2"},"west":{"uv":[11.83333,2,10.66667,2.5],"texture":"#2"},"up":{"uv":[3.16667,10.66667,2.66667,11.83333],"texture":"#2"},"down":{"uv":[11.16667,3.83333,10.66667,2.66667],"texture":"#2"}}},{"from":[7.5,22.75,9.85],"to":[8.5,25.25,10.85],"rotation":{"angle":45,"axis":"x","origin":[8,23.8,10]},"faces":{"north":{"uv":[8.66667,6.66667,8,8.33333],"texture":"#2"},"east":{"uv":[7.33333,8,6.66667,9.66667],"texture":"#2"},"south":{"uv":[2,7.33333,1.33333,9],"texture":"#2"},"west":{"uv":[8,8,7.33333,9.66667],"texture":"#2"},"up":{"uv":[12,2.66667,11.33333,3.33333],"texture":"#2"},"down":{"uv":[12,4,11.33333,3.33333],"texture":"#2"}}},{"from":[7.565,24.0521,10.41085],"to":[8.435,25.6321,11.28085],"rotation":{"angle":-22.5,"axis":"x","origin":[8,24.8671,10.82085]},"faces":{"north":{"uv":[11.16667,4,10.66667,5],"texture":"#2"},"east":{"uv":[4.5,10.66667,4,11.66667],"texture":"#2"},"south":{"uv":[3.83333,10.66667,3.33333,11.66667],"texture":"#2"},"west":{"uv":[5.16667,10.66667,4.66667,11.66667],"texture":"#2"},"up":{"uv":[3.83333,12.66667,3.33333,13.16667],"texture":"#2"}}},{"from":[8,24,5.75],"to":[8,32,10.25],"rotation":{"angle":0,"axis":"y","origin":[8,24,5.75]},"faces":{"east":{"uv":[3,0,0,5.33333],"texture":"#2"},"west":{"uv":[0,0,3,5.33333],"texture":"#2"}}},{"from":[7.475,27.925,7.7],"to":[7.475,30.925,10.7],"rotation":{"angle":0,"axis":"y","origin":[7.475,9.975,10.65]},"faces":{"west":{"uv":[0,0,4.3278,4.3278],"texture":"#1"}}},{"from":[7.475,22.75,2.95],"to":[7.475,25.75,5.95],"rotation":{"angle":0,"axis":"y","origin":[7.3,13.25,8.8]},"faces":{"west":{"uv":[0,4.51389,4.3278,8.84169],"texture":"#1"}}},{"from":[7.225,21.9,8.675],"to":[7.225,24.9,11.675],"rotation":{"angle":0,"axis":"y","origin":[7.3,14.6,4.25]},"faces":{"west":{"uv":[1.00558,9.96111,5.3334,14.28891],"texture":"#1"}}},{"from":[8.525,27.925,7.7],"to":[8.525,30.925,10.7],"rotation":{"angle":0,"axis":"y","origin":[8.525,9.975,10.65]},"faces":{"east":{"uv":[4.3278,0,0,4.3278],"texture":"#1"}}},{"from":[8.525,22.75,2.95],"to":[8.525,25.75,5.95],"rotation":{"angle":0,"axis":"y","origin":[8.7,13.25,8.8]},"faces":{"east":{"uv":[4.3278,4.51389,0,8.84169],"texture":"#1"}}},{"from":[8.775,21.9,8.675],"to":[8.775,24.9,11.675],"rotation":{"angle":0,"axis":"y","origin":[8.7,14.6,4.25]},"faces":{"east":{"uv":[5.3334,9.96111,1.00558,14.28891],"texture":"#1"}}}],"gui_light":"front","display":{"thirdperson_righthand":{"translation":[0,-3.75,1]},"thirdperson_lefthand":{"translation":[0,-3.75,1]},"firstperson_righthand":{"rotation":[-25,31,0],"translation":[-1,-2.5,2.25]},"firstperson_lefthand":{"rotation":[-25,31,0],"translation":[-1,-2.5,2.25]},"ground":{"translation":[0,10.5,0]},"gui":{"rotation":[90,-45,90],"translation":[3.5,-3.5,0],"scale":[0.69922,0.69922,0.69922]},"head":{"scale":[0,0,0]},"fixed":{"rotation":[90,-90,90],"translation":[0,-13.5,-1],"scale":[2.17383,2.17383,2.17383]}}}