{"credit":"MadebyPolygonMC","texture_size":[24,24],"textures":{"1":"valerieset:item/trident","2":"valerieset:item/animations/animation_1","particle":"valerieset:item/animations/animation_1"},"elements":[{"from":[7.43,-1.32,7.43],"to":[8.57,-0.18,8.57],"rotation":{"angle":-45,"axis":"x","origin":[8,-0.75,8]},"faces":{"north":{"uv":[11.33333,10.66667,12.16667,11.5],"texture":"#1"},"east":{"uv":[12,0,12.83333,0.83333],"texture":"#1"},"south":{"uv":[12,1.33333,12.83333,2.16667],"texture":"#1"},"west":{"uv":[12,2.66667,12.83333,3.5],"texture":"#1"},"up":{"uv":[4.16667,12.83333,3.33333,12],"texture":"#1"},"down":{"uv":[12.83333,4,12,4.83333],"texture":"#1"}}},{"from":[7.5,-0.5,7.5],"to":[8.5,0.5,8.5],"rotation":{"angle":0,"axis":"y","origin":[7.5,-0.5,7.5]},"faces":{"north":{"uv":[8.66667,1.33333,9.33333,2],"texture":"#1"},"east":{"uv":[12,10,12.66667,10.66667],"texture":"#1"},"south":{"uv":[0.66667,12.66667,1.33333,13.33333],"texture":"#1"},"west":{"uv":[5.33333,12.66667,6,13.33333],"texture":"#1"},"up":{"uv":[6.66667,13.33333,6,12.66667],"texture":"#1"},"down":{"uv":[13.33333,6,12.66667,6.66667],"texture":"#1"}}},{"from":[7.5,2.25,7.5],"to":[8.5,3.25,8.5],"rotation":{"angle":0,"axis":"y","origin":[7.5,2.25,7.5]},"faces":{"north":{"uv":[12.66667,8.66667,13.33333,9.33333],"texture":"#1"},"east":{"uv":[12.66667,10,13.33333,10.66667],"texture":"#1"},"south":{"uv":[10.66667,12.66667,11.33333,13.33333],"texture":"#1"},"west":{"uv":[12.66667,10.66667,13.33333,11.33333],"texture":"#1"},"up":{"uv":[13.33333,12,12.66667,11.33333],"texture":"#1"},"down":{"uv":[13.33333,12,12.66667,12.66667],"texture":"#1"}}},{"from":[7.5,5,7.5],"to":[8.5,6,8.5],"rotation":{"angle":0,"axis":"y","origin":[7.5,2.25,7.5]},"faces":{"north":{"uv":[12.66667,12.66667,13.33333,13.33333],"texture":"#1"},"east":{"uv":[13.33333,0,14,0.66667],"texture":"#1"},"south":{"uv":[0.66667,13.33333,1.33333,14],"texture":"#1"},"west":{"uv":[13.33333,0.66667,14,1.33333],"texture":"#1"},"up":{"uv":[14,2,13.33333,1.33333],"texture":"#1"},"down":{"uv":[14,2,13.33333,2.66667],"texture":"#1"}}},{"from":[7.5,15.75,7.5],"to":[8.5,17.75,8.5],"rotation":{"angle":0,"axis":"y","origin":[7.5,0.25,7.5]},"faces":{"north":{"uv":[11.33333,3.33333,12,4.66667],"texture":"#1"},"east":{"uv":[11.33333,4.66667,12,6],"texture":"#1"},"south":{"uv":[5.33333,11.33333,6,12.66667],"texture":"#1"},"west":{"uv":[6,11.33333,6.66667,12.66667],"texture":"#1"},"up":{"uv":[14,3.33333,13.33333,2.66667],"texture":"#1"},"down":{"uv":[4,13.33333,3.33333,14],"texture":"#1"}}},{"from":[7.5,18.25,7.5],"to":[8.5,19.25,8.5],"rotation":{"angle":0,"axis":"y","origin":[7.5,18.25,7.5]},"faces":{"north":{"uv":[13.33333,3.33333,14,4],"texture":"#1"},"east":{"uv":[4,13.33333,4.66667,14],"texture":"#1"},"south":{"uv":[13.33333,4,14,4.66667],"texture":"#1"},"west":{"uv":[13.33333,4.66667,14,5.33333],"texture":"#1"},"up":{"uv":[6,14,5.33333,13.33333],"texture":"#1"},"down":{"uv":[14,5.33333,13.33333,6],"texture":"#1"}}},{"from":[7.5,20,7.5],"to":[8.5,20.5,8.5],"rotation":{"angle":0,"axis":"y","origin":[7.5,20,7.5]},"faces":{"north":{"uv":[7.33333,14,8,14.33333],"texture":"#1"},"east":{"uv":[14,7.33333,14.66667,7.66667],"texture":"#1"},"south":{"uv":[8,14,8.66667,14.33333],"texture":"#1"},"west":{"uv":[14,8,14.66667,8.33333],"texture":"#1"},"up":{"uv":[6.66667,14,6,13.33333],"texture":"#1"},"down":{"uv":[14,6,13.33333,6.66667],"texture":"#1"}}},{"from":[7.25,20.5,7.25],"to":[8.75,21.5,8.75],"rotation":{"angle":0,"axis":"y","origin":[7.5,20.5,7.5]},"faces":{"north":{"uv":[11.33333,8.66667,12.33333,9.33333],"texture":"#1"},"east":{"uv":[12,5.33333,13,6],"texture":"#1"},"south":{"uv":[12,6.66667,13,7.33333],"texture":"#1"},"west":{"uv":[12,7.33333,13,8],"texture":"#1"},"up":{"uv":[11.66667,1,10.66667,0],"texture":"#1"},"down":{"uv":[11.66667,9.33333,10.66667,10.33333],"texture":"#1"}}},{"from":[7.6,0.5,7.6],"to":[8.4,6.75,8.4],"rotation":{"angle":0,"axis":"y","origin":[7.5,0.5,7.5]},"faces":{"north":{"uv":[9.33333,2.66667,9.83333,6.83333],"texture":"#1"},"east":{"uv":[8.66667,9.33333,9.16667,13.5],"texture":"#1"},"south":{"uv":[9.33333,9.33333,9.83333,13.5],"texture":"#1"},"west":{"uv":[1.33333,10,1.83333,14.16667],"texture":"#1"},"up":{"uv":[6.5,14.5,6,14],"texture":"#1"},"down":{"uv":[14.5,6,14,6.5],"texture":"#1"}}},{"from":[7.5,11.25,7.5],"to":[8.5,12.25,8.5],"rotation":{"angle":0,"axis":"y","origin":[7.5,2.25,7.5]},"faces":{"north":{"uv":[6.66667,13.33333,7.33333,14],"texture":"#1"},"east":{"uv":[13.33333,6.66667,14,7.33333],"texture":"#1"},"south":{"uv":[7.33333,13.33333,8,14],"texture":"#1"},"west":{"uv":[13.33333,7.33333,14,8],"texture":"#1"},"up":{"uv":[14,8.66667,13.33333,8],"texture":"#1"},"down":{"uv":[14,8.66667,13.33333,9.33333],"texture":"#1"}}},{"from":[7.5,14,7.5],"to":[8.5,15,8.5],"rotation":{"angle":0,"axis":"y","origin":[7.5,2.25,7.5]},"faces":{"north":{"uv":[13.33333,9.33333,14,10],"texture":"#1"},"east":{"uv":[10,13.33333,10.66667,14],"texture":"#1"},"south":{"uv":[13.33333,10,14,10.66667],"texture":"#1"},"west":{"uv":[10.66667,13.33333,11.33333,14],"texture":"#1"},"up":{"uv":[14,11.33333,13.33333,10.66667],"texture":"#1"},"down":{"uv":[14,11.33333,13.33333,12],"texture":"#1"}}},{"from":[7.6,9.5,7.6],"to":[8.4,15.75,8.4],"rotation":{"angle":0,"axis":"y","origin":[7.5,0.5,7.5]},"faces":{"north":{"uv":[2,10,2.5,14.16667],"texture":"#1"},"east":{"uv":[2.66667,10,3.16667,14.16667],"texture":"#1"},"south":{"uv":[10,2.66667,10.5,6.83333],"texture":"#1"},"west":{"uv":[4.66667,10,5.16667,14.16667],"texture":"#1"},"up":{"uv":[7.16667,14.5,6.66667,14],"texture":"#1"},"down":{"uv":[14.5,6.66667,14,7.16667],"texture":"#1"}}},{"from":[7.6,17.75,7.6],"to":[8.4,20,8.4],"rotation":{"angle":0,"axis":"y","origin":[7.5,3.5,7.5]},"faces":{"north":{"uv":[6.66667,11.33333,7.16667,12.83333],"texture":"#1"},"east":{"uv":[11.33333,6.66667,11.83333,8.16667],"texture":"#1"},"south":{"uv":[7.33333,11.33333,7.83333,12.83333],"texture":"#1"},"west":{"uv":[10,11.33333,10.5,12.83333],"texture":"#1"}}},{"from":[6.8,21.75,7],"to":[9.2,23.75,9],"rotation":{"angle":-45,"axis":"x","origin":[8,22.75,8]},"faces":{"north":{"uv":[8.66667,0,10.33333,1.33333],"texture":"#1"},"east":{"uv":[5.33333,10,6.66667,11.33333],"texture":"#1"},"south":{"uv":[1.33333,8.66667,3,10],"texture":"#1"},"west":{"uv":[6.66667,10,8,11.33333],"texture":"#1"},"up":{"uv":[10.33333,9.33333,8.66667,8],"texture":"#1"},"down":{"uv":[11,1.33333,9.33333,2.66667],"texture":"#1"}}},{"from":[7.75,19.09462,6.14246],"to":[8.25,20.09462,8.14246],"rotation":{"angle":45,"axis":"x","origin":[8,19.59462,7.14246]},"faces":{"north":{"uv":[8.66667,14,9,14.66667],"texture":"#1"},"east":{"uv":[9.33333,7.33333,10.66667,8],"texture":"#1"},"south":{"uv":[14,8.66667,14.33333,9.33333],"texture":"#1"},"west":{"uv":[11.33333,6,12.66667,6.66667],"texture":"#1"},"up":{"uv":[12.33333,14.66667,12,13.33333],"texture":"#1"},"down":{"uv":[13.66667,12,13.33333,13.33333],"texture":"#1"}}},{"from":[7.755,19.94818,6.0818],"to":[8.245,22.94818,6.7918],"rotation":{"angle":0,"axis":"x","origin":[8.005,20.94818,6.5818]},"faces":{"north":{"uv":[8,12,8.33333,14],"texture":"#1"},"east":{"uv":[10.66667,10.66667,11.16667,12.66667],"texture":"#1"},"south":{"uv":[11.33333,12,11.66667,14],"texture":"#1"},"west":{"uv":[11.33333,1.33333,11.83333,3.33333],"texture":"#1"},"up":{"uv":[14.33333,13.16667,14,12.66667],"texture":"#1"},"down":{"uv":[13.66667,14,13.33333,14.5],"texture":"#1"}}},{"from":[7.76,22.45186,5.90362],"to":[8.24,23.45186,7.15362],"rotation":{"angle":45,"axis":"x","origin":[8,23.00622,4.82663]},"faces":{"north":{"uv":[9.33333,14,9.66667,14.66667],"texture":"#1"},"east":{"uv":[12,8,12.83333,8.66667],"texture":"#1"},"south":{"uv":[14,9.33333,14.33333,10],"texture":"#1"},"west":{"uv":[12,9.33333,12.83333,10],"texture":"#1"},"up":{"uv":[14.33333,2.83333,14,2],"texture":"#1"},"down":{"uv":[3.66667,14,3.33333,14.83333],"texture":"#1"}}},{"from":[7.765,21.79907,4.72661],"to":[8.235,23.04907,5.65161],"rotation":{"angle":-22.5,"axis":"x","origin":[8,23.00622,4.82663]},"faces":{"north":{"uv":[14,3.33333,14.33333,4.16667],"texture":"#1"},"east":{"uv":[12,12,12.66667,12.83333],"texture":"#1"},"south":{"uv":[4,14,4.33333,14.83333],"texture":"#1"},"west":{"uv":[0,12.66667,0.66667,13.5],"texture":"#1"},"up":{"uv":[10.33333,14.66667,10,14],"texture":"#1"},"down":{"uv":[14.33333,10,14,10.66667],"texture":"#1"}}},{"from":[7.77,23.00753,4.71783],"to":[8.23,24.25753,5.57783],"rotation":{"angle":0,"axis":"x","origin":[8,23.00622,4.82663]},"faces":{"north":{"uv":[14,4.66667,14.33333,5.5],"texture":"#1"},"east":{"uv":[0.66667,14,1.16667,14.83333],"texture":"#1"},"south":{"uv":[5.33333,14,5.66667,14.83333],"texture":"#1"},"west":{"uv":[14,0.66667,14.5,1.5],"texture":"#1"},"up":{"uv":[14.33333,13.83333,14,13.33333],"texture":"#1"},"down":{"uv":[14.33333,14,14,14.5],"texture":"#1"}}},{"from":[7.77,23.00753,10.42217],"to":[8.23,24.25753,11.28217],"rotation":{"angle":0,"axis":"x","origin":[8,23.00622,11.17337]},"faces":{"north":{"uv":[5.66667,14,5.33333,14.83333],"texture":"#1"},"east":{"uv":[1.16667,14,0.66667,14.83333],"texture":"#1"},"south":{"uv":[14.33333,4.66667,14,5.5],"texture":"#1"},"west":{"uv":[14.5,0.66667,14,1.5],"texture":"#1"},"up":{"uv":[14.33333,13.33333,14,13.83333],"texture":"#1"},"down":{"uv":[14.33333,14.5,14,14],"texture":"#1"}}},{"from":[7.765,21.79907,10.34839],"to":[8.235,23.04907,11.27339],"rotation":{"angle":22.5,"axis":"x","origin":[8,23.00622,11.17337]},"faces":{"north":{"uv":[4.33333,14,4,14.83333],"texture":"#1"},"east":{"uv":[12.66667,12,12,12.83333],"texture":"#1"},"south":{"uv":[14.33333,3.33333,14,4.16667],"texture":"#1"},"west":{"uv":[0.66667,12.66667,0,13.5],"texture":"#1"},"up":{"uv":[10.33333,14,10,14.66667],"texture":"#1"},"down":{"uv":[14.33333,10.66667,14,10],"texture":"#1"}}},{"from":[7.76,22.45186,8.84638],"to":[8.24,23.45186,10.09638],"rotation":{"angle":-45,"axis":"x","origin":[8,23.00622,11.17337]},"faces":{"north":{"uv":[14.33333,9.33333,14,10],"texture":"#1"},"east":{"uv":[12.83333,8,12,8.66667],"texture":"#1"},"south":{"uv":[9.66667,14,9.33333,14.66667],"texture":"#1"},"west":{"uv":[12.83333,9.33333,12,10],"texture":"#1"},"up":{"uv":[14.33333,2,14,2.83333],"texture":"#1"},"down":{"uv":[3.66667,14.83333,3.33333,14],"texture":"#1"}}},{"from":[7.755,19.94818,9.2082],"to":[8.245,22.94818,9.9182],"rotation":{"angle":0,"axis":"x","origin":[8.005,20.94818,9.4182]},"faces":{"north":{"uv":[11.66667,12,11.33333,14],"texture":"#1"},"east":{"uv":[11.16667,10.66667,10.66667,12.66667],"texture":"#1"},"south":{"uv":[8.33333,12,8,14],"texture":"#1"},"west":{"uv":[11.83333,1.33333,11.33333,3.33333],"texture":"#1"},"up":{"uv":[14.33333,12.66667,14,13.16667],"texture":"#1"},"down":{"uv":[13.66667,14.5,13.33333,14],"texture":"#1"}}},{"from":[7.75,19.09462,7.85754],"to":[8.25,20.09462,9.85754],"rotation":{"angle":-45,"axis":"x","origin":[8,19.59462,8.85754]},"faces":{"north":{"uv":[14.33333,8.66667,14,9.33333],"texture":"#1"},"east":{"uv":[10.66667,7.33333,9.33333,8],"texture":"#1"},"south":{"uv":[9,14,8.66667,14.66667],"texture":"#1"},"west":{"uv":[12.66667,6,11.33333,6.66667],"texture":"#1"},"up":{"uv":[12.33333,13.33333,12,14.66667],"texture":"#1"},"down":{"uv":[13.66667,13.33333,13.33333,12],"texture":"#1"}}},{"from":[7.5,6.75,7.5],"to":[8.5,9.5,8.5],"rotation":{"angle":0,"axis":"y","origin":[7.1,5.5,7.1]},"faces":{"north":{"uv":[8,10,8.66667,11.83333],"texture":"#1"},"east":{"uv":[10,9.33333,10.66667,11.16667],"texture":"#1"},"south":{"uv":[0,10.66667,0.66667,12.5],"texture":"#1"},"west":{"uv":[0.66667,10.66667,1.33333,12.5],"texture":"#1"},"up":{"uv":[13.33333,14,12.66667,13.33333],"texture":"#1"},"down":{"uv":[14,13.33333,13.33333,14],"texture":"#1"}}},{"from":[7.15,21.25,6.5],"to":[8.85,24.25,9.5],"rotation":{"angle":-45,"axis":"x","origin":[8,22.75,8]},"faces":{"north":{"uv":[6,8,7.16667,10],"texture":"#1"},"east":{"uv":[0,6.66667,2,8.66667],"texture":"#1"},"south":{"uv":[8,6,9.16667,8],"texture":"#1"},"west":{"uv":[6.66667,0,8.66667,2],"texture":"#1"},"up":{"uv":[8.5,10,7.33333,8],"texture":"#1"},"down":{"uv":[1.16667,8.66667,0,10.66667],"texture":"#1"}}},{"from":[7.75,24.25,7.5],"to":[8.25,29,8.5],"rotation":{"angle":0,"axis":"y","origin":[7.75,7,7.5]},"faces":{"north":{"uv":[10.66667,2.66667,11,5.83333],"texture":"#1"},"east":{"uv":[3.33333,8.66667,4,11.83333],"texture":"#1"},"south":{"uv":[10.66667,6,11,9.16667],"texture":"#1"},"west":{"uv":[4,8.66667,4.66667,11.83333],"texture":"#1"},"up":{"uv":[11,14.66667,10.66667,14],"texture":"#1"},"down":{"uv":[14.33333,10.66667,14,11.33333],"texture":"#1"}}},{"from":[7.7475,28.5,7.5],"to":[8.2525,29.5,8.5],"rotation":{"angle":45,"axis":"x","origin":[7.9975,29,8]},"faces":{"north":{"uv":[11.33333,14,11.66667,14.66667],"texture":"#1"},"east":{"uv":[0,14,0.66667,14.66667],"texture":"#1"},"south":{"uv":[14,11.33333,14.33333,12],"texture":"#1"},"west":{"uv":[14,0,14.66667,0.66667],"texture":"#1"},"up":{"uv":[14.33333,12.66667,14,12],"texture":"#1"},"down":{"uv":[13,14,12.66667,14.66667],"texture":"#1"}}},{"from":[8,22.4,4.875],"to":[8,32,11.125],"rotation":{"angle":0,"axis":"y","origin":[8,22.4,5.875]},"faces":{"north":{"uv":[0,0,0,6.33333],"texture":"#1"},"east":{"uv":[4.16667,0,0,6.33333],"texture":"#1"},"south":{"uv":[0,0,0,6.33333],"texture":"#1"},"west":{"uv":[0,0,4.16667,6.33333],"texture":"#1"},"up":{"uv":[0,4.16667,0,0],"texture":"#1"},"down":{"uv":[0,0,0,4.16667],"texture":"#1"}}},{"from":[7,21.5,4.625],"to":[7,28.25,11.375],"rotation":{"angle":0,"axis":"y","origin":[7,21.5,4.625]},"faces":{"north":{"uv":[0,0,0,6.75],"texture":"#2"},"east":{"uv":[0,0,0,0],"texture":"#2"},"south":{"uv":[0,0,0,6.75],"texture":"#2"},"west":{"uv":[0,0,16,16],"texture":"#2"},"up":{"uv":[0,6.75,0,0],"texture":"#2"},"down":{"uv":[0,0,0,6.75],"texture":"#2"}}},{"from":[9,21.5,4.625],"to":[9,28.25,11.375],"rotation":{"angle":0,"axis":"y","origin":[9,21.5,4.625]},"faces":{"north":{"uv":[0,0,0,6.75],"texture":"#2"},"east":{"uv":[16,0,0,16],"texture":"#2"},"south":{"uv":[0,0,0,6.75],"texture":"#2"},"west":{"uv":[0,0,0,0],"texture":"#2"},"up":{"uv":[0,6.75,0,0],"texture":"#2"},"down":{"uv":[0,0,0,6.75],"texture":"#2"}}}],"gui_light":"front","display":{"thirdperson_righthand":{"translation":[0,-3.25,0.75]},"thirdperson_lefthand":{"translation":[0,-3.25,0.75]},"firstperson_righthand":{"rotation":[-10,0,0],"translation":[0,-4,2]},"firstperson_lefthand":{"rotation":[-10,0,0],"translation":[0,-4,2]},"ground":{"translation":[0,9.5,0]},"gui":{"rotation":[90,-45,90],"translation":[3.5,-3.5,0],"scale":[0.69141,0.69141,0.69141]},"head":{"scale":[0,0,0]},"fixed":{"rotation":[90,-90,90],"translation":[0,-10.5,-2],"scale":[2,2,2]}}}