{"credit":"Made by LZLeon with Blockbench, Contact - Discord: LZBlocks#0261 - E-Mail: lzblocks@outlook.com","texture_size":[64,64],"textures":{"0":"lzfurniture:furniture/medievalroyal/medievalroyal_candleholder","particle":"lzfurniture:furniture/medievalroyal/medievalroyal_candleholder"},"elements":[{"from":[3.5,0,3.5],"to":[12.5,2,12.5],"rotation":{"angle":-45,"axis":"y","origin":[8,0,8]},"faces":{"north":{"uv":[2.25,2.25,4.5,2.75],"texture":"#0"},"east":{"uv":[0,2.25,2.25,2.75],"texture":"#0"},"south":{"uv":[6.75,2.25,9,2.75],"texture":"#0"},"west":{"uv":[4.5,2.25,6.75,2.75],"texture":"#0"},"up":{"uv":[4.5,2.25,2.25,0],"texture":"#0"},"down":{"uv":[6.75,0,4.5,2.25],"texture":"#0"}}},{"from":[5.5,2,5.5],"to":[10.5,4,10.5],"rotation":{"angle":-45,"axis":"y","origin":[8,0,8]},"faces":{"north":{"uv":[8,6,9.25,6.5],"texture":"#0"},"east":{"uv":[6.75,6,8,6.5],"texture":"#0"},"south":{"uv":[10.5,6,11.75,6.5],"texture":"#0"},"west":{"uv":[9.25,6,10.5,6.5],"texture":"#0"},"up":{"uv":[9.25,6,8,4.75],"texture":"#0"},"down":{"uv":[10.5,4.75,9.25,6],"texture":"#0"}}},{"from":[7,6,7],"to":[9,7,9],"faces":{"north":{"uv":[10.75,0.5,11.25,0.75],"texture":"#0"},"east":{"uv":[10.25,0.5,10.75,0.75],"texture":"#0"},"south":{"uv":[11.75,0.5,12.25,0.75],"texture":"#0"},"west":{"uv":[11.25,0.5,11.75,0.75],"texture":"#0"},"up":{"uv":[11.25,0.5,10.75,0],"texture":"#0"},"down":{"uv":[11.75,0,11.25,0.5],"texture":"#0"}}},{"from":[7,9,7],"to":[9,10,9],"faces":{"north":{"uv":[10.5,7.25,11,7.5],"texture":"#0"},"east":{"uv":[10,7.25,10.5,7.5],"texture":"#0"},"south":{"uv":[11.5,7.25,12,7.5],"texture":"#0"},"west":{"uv":[11,7.25,11.5,7.5],"texture":"#0"},"up":{"uv":[11,7.25,10.5,6.75],"texture":"#0"},"down":{"uv":[11.5,6.75,11,7.25],"texture":"#0"}}},{"from":[7,15,7],"to":[9,17,9],"rotation":{"angle":0,"axis":"y","origin":[0,-2,0]},"faces":{"north":{"uv":[10,8.25,10.5,8.75],"texture":"#0"},"east":{"uv":[9.5,8.25,10,8.75],"texture":"#0"},"south":{"uv":[11,8.25,11.5,8.75],"texture":"#0"},"west":{"uv":[10.5,8.25,11,8.75],"texture":"#0"},"up":{"uv":[10.5,8.25,10,7.75],"texture":"#0"},"down":{"uv":[11,7.75,10.5,8.25],"texture":"#0"}}},{"from":[7,19,7],"to":[9,20,9],"rotation":{"angle":0,"axis":"y","origin":[0,-2,0]},"faces":{"north":{"uv":[0.5,5.75,1,6],"texture":"#0"},"east":{"uv":[0,5.75,0.5,6],"texture":"#0"},"south":{"uv":[1.5,5.75,2,6],"texture":"#0"},"west":{"uv":[1,5.75,1.5,6],"texture":"#0"},"up":{"uv":[1,5.75,0.5,5.25],"texture":"#0"},"down":{"uv":[1.5,5.25,1,5.75],"texture":"#0"}}},{"from":[6.5,4,6.5],"to":[9.5,6,9.5],"faces":{"north":{"uv":[10,2.25,10.75,2.75],"texture":"#0"},"east":{"uv":[9.25,2.25,10,2.75],"texture":"#0"},"south":{"uv":[11.5,2.25,12.25,2.75],"texture":"#0"},"west":{"uv":[10.75,2.25,11.5,2.75],"texture":"#0"},"up":{"uv":[10.75,2.25,10,1.5],"texture":"#0"},"down":{"uv":[11.5,1.5,10.75,2.25],"texture":"#0"}}},{"from":[6.5,7,6.5],"to":[9.5,9,9.5],"faces":{"north":{"uv":[9.75,9.75,10.5,10.25],"texture":"#0"},"east":{"uv":[9,9.75,9.75,10.25],"texture":"#0"},"south":{"uv":[11.25,9.75,12,10.25],"texture":"#0"},"west":{"uv":[10.5,9.75,11.25,10.25],"texture":"#0"},"up":{"uv":[10.5,9.75,9.75,9],"texture":"#0"},"down":{"uv":[11.25,9,10.5,9.75],"texture":"#0"}}},{"from":[6.5,17,6.5],"to":[9.5,19,9.5],"rotation":{"angle":0,"axis":"y","origin":[0,-2,0]},"faces":{"north":{"uv":[7.25,9,8,9.5],"texture":"#0"},"east":{"uv":[6.5,9,7.25,9.5],"texture":"#0"},"south":{"uv":[8.75,9,9.5,9.5],"texture":"#0"},"west":{"uv":[8,9,8.75,9.5],"texture":"#0"},"up":{"uv":[8,9,7.25,8.25],"texture":"#0"},"down":{"uv":[8.75,8.25,8,9],"texture":"#0"}}},{"from":[1.5,22,9.5],"to":[4.5,24,12.5],"rotation":{"angle":-45,"axis":"y","origin":[3,-2,13]},"faces":{"north":{"uv":[4,8.75,4.75,9.25],"texture":"#0"},"east":{"uv":[3.25,8.75,4,9.25],"texture":"#0"},"south":{"uv":[5.5,8.75,6.25,9.25],"texture":"#0"},"west":{"uv":[4.75,8.75,5.5,9.25],"texture":"#0"},"up":{"uv":[4.75,8.75,4,8],"texture":"#0"},"down":{"uv":[5.5,8,4.75,8.75],"texture":"#0"}}},{"from":[6.5,22,4.5],"to":[9.5,24,7.5],"rotation":{"angle":-45,"axis":"y","origin":[3,-2,13]},"faces":{"north":{"uv":[0.75,8.75,1.5,9.25],"texture":"#0"},"east":{"uv":[0,8.75,0.75,9.25],"texture":"#0"},"south":{"uv":[2.25,8.75,3,9.25],"texture":"#0"},"west":{"uv":[1.5,8.75,2.25,9.25],"texture":"#0"},"up":{"uv":[1.5,8.75,0.75,8],"texture":"#0"},"down":{"uv":[2.25,8,1.5,8.75],"texture":"#0"}}},{"from":[7,24,5],"to":[9,28,7],"rotation":{"angle":-45,"axis":"y","origin":[3,-2,13]},"faces":{"north":{"uv":[7.25,10.25,7.75,11.25],"texture":"#0"},"east":{"uv":[6.75,10.25,7.25,11.25],"texture":"#0"},"south":{"uv":[8.25,10.25,8.75,11.25],"texture":"#0"},"west":{"uv":[7.75,10.25,8.25,11.25],"texture":"#0"},"up":{"uv":[7.75,10.25,7.25,9.75],"texture":"#0"},"down":{"uv":[8.25,9.75,7.75,10.25],"texture":"#0"}}},{"from":[-3,24,5],"to":[-1,28,7],"rotation":{"angle":-45,"axis":"y","origin":[3,-2,13]},"faces":{"north":{"uv":[5,10,5.5,11],"texture":"#0"},"east":{"uv":[4.5,10,5,11],"texture":"#0"},"south":{"uv":[6,10,6.5,11],"texture":"#0"},"west":{"uv":[5.5,10,6,11],"texture":"#0"},"up":{"uv":[5.5,10,5,9.5],"texture":"#0"},"down":{"uv":[6,9.5,5.5,10],"texture":"#0"}}},{"from":[4,28,4.5],"to":[5,30,4.5],"rotation":{"angle":0,"axis":"y","origin":[5,0,4]},"faces":{"north":{"uv":[6.75,6.75,7,7.25],"texture":"#0"},"east":{"uv":[6.75,6.75,6.75,7.25],"texture":"#0"},"south":{"uv":[7,6.75,7.25,7.25],"texture":"#0"},"west":{"uv":[7,6.75,7,7.25],"texture":"#0"},"up":{"uv":[7,6.75,6.75,6.75],"texture":"#0"},"down":{"uv":[7.25,6.75,7,6.75],"texture":"#0"}}},{"from":[4.5,28,4],"to":[4.5,30,5],"rotation":{"angle":0,"axis":"y","origin":[5,0,4]},"faces":{"north":{"uv":[10,10.75,10,11.25],"texture":"#0"},"east":{"uv":[9.75,10.75,10,11.25],"texture":"#0"},"south":{"uv":[10.25,10.75,10.25,11.25],"texture":"#0"},"west":{"uv":[10,10.75,10.25,11.25],"texture":"#0"},"up":{"uv":[10,10.75,10,10.5],"texture":"#0"},"down":{"uv":[10,10.5,10,10.75],"texture":"#0"}}},{"from":[4,28,11.5],"to":[5,30,11.5],"rotation":{"angle":0,"axis":"y","origin":[5,0,4]},"faces":{"north":{"uv":[6,4.75,6.25,5.25],"texture":"#0"},"east":{"uv":[6,4.75,6,5.25],"texture":"#0"},"south":{"uv":[6.25,4.75,6.5,5.25],"texture":"#0"},"west":{"uv":[6.25,4.75,6.25,5.25],"texture":"#0"},"up":{"uv":[6.25,4.75,6,4.75],"texture":"#0"},"down":{"uv":[6.5,4.75,6.25,4.75],"texture":"#0"}}},{"from":[4.5,28,11],"to":[4.5,30,12],"rotation":{"angle":0,"axis":"y","origin":[5,0,4]},"faces":{"north":{"uv":[9.25,10.75,9.25,11.25],"texture":"#0"},"east":{"uv":[9,10.75,9.25,11.25],"texture":"#0"},"south":{"uv":[9.5,10.75,9.5,11.25],"texture":"#0"},"west":{"uv":[9.25,10.75,9.5,11.25],"texture":"#0"},"up":{"uv":[9.25,10.75,9.25,10.5],"texture":"#0"},"down":{"uv":[9.25,10.5,9.25,10.75],"texture":"#0"}}},{"from":[8,26,7.5],"to":[8,28,8.5],"rotation":{"angle":0,"axis":"y","origin":[5,0,4]},"faces":{"north":{"uv":[10.5,3.25,10.5,3.75],"texture":"#0"},"east":{"uv":[10.25,3.25,10.5,3.75],"texture":"#0"},"south":{"uv":[10.75,3.25,10.75,3.75],"texture":"#0"},"west":{"uv":[10.5,3.25,10.75,3.75],"texture":"#0"},"up":{"uv":[10.5,3.25,10.5,3],"texture":"#0"},"down":{"uv":[10.5,3,10.5,3.25],"texture":"#0"}}},{"from":[7.5,26,8],"to":[8.5,28,8],"rotation":{"angle":0,"axis":"y","origin":[5,0,4]},"faces":{"north":{"uv":[3.5,4.75,3.75,5.25],"texture":"#0"},"east":{"uv":[3.5,4.75,3.5,5.25],"texture":"#0"},"south":{"uv":[3.75,4.75,4,5.25],"texture":"#0"},"west":{"uv":[3.75,4.75,3.75,5.25],"texture":"#0"},"up":{"uv":[3.75,4.75,3.5,4.75],"texture":"#0"},"down":{"uv":[4,4.75,3.75,4.75],"texture":"#0"}}},{"from":[11,28,11.5],"to":[12,30,11.5],"rotation":{"angle":0,"axis":"y","origin":[5,0,4]},"faces":{"north":{"uv":[2.5,3,2.75,3.5],"texture":"#0"},"east":{"uv":[2.5,3,2.5,3.5],"texture":"#0"},"south":{"uv":[2.75,3,3,3.5],"texture":"#0"},"west":{"uv":[2.75,3,2.75,3.5],"texture":"#0"},"up":{"uv":[2.75,3,2.5,3],"texture":"#0"},"down":{"uv":[3,3,2.75,3],"texture":"#0"}}},{"from":[11.5,28,11],"to":[11.5,30,12],"rotation":{"angle":0,"axis":"y","origin":[5,0,4]},"faces":{"north":{"uv":[7,5,7,5.5],"texture":"#0"},"east":{"uv":[6.75,5,7,5.5],"texture":"#0"},"south":{"uv":[7.25,5,7.25,5.5],"texture":"#0"},"west":{"uv":[7,5,7.25,5.5],"texture":"#0"},"up":{"uv":[7,5,7,4.75],"texture":"#0"},"down":{"uv":[7,4.75,7,5],"texture":"#0"}}},{"from":[11,28,4.5],"to":[12,30,4.5],"rotation":{"angle":0,"axis":"y","origin":[5,0,4]},"faces":{"north":{"uv":[0,3,0.25,3.5],"texture":"#0"},"east":{"uv":[0,3,0,3.5],"texture":"#0"},"south":{"uv":[0.25,3,0.5,3.5],"texture":"#0"},"west":{"uv":[0.25,3,0.25,3.5],"texture":"#0"},"up":{"uv":[0.25,3,0,3],"texture":"#0"},"down":{"uv":[0.5,3,0.25,3],"texture":"#0"}}},{"from":[11.5,28,4],"to":[11.5,30,5],"rotation":{"angle":0,"axis":"y","origin":[5,0,4]},"faces":{"north":{"uv":[2.5,5.5,2.5,6],"texture":"#0"},"east":{"uv":[2.25,5.5,2.5,6],"texture":"#0"},"south":{"uv":[2.75,5.5,2.75,6],"texture":"#0"},"west":{"uv":[2.5,5.5,2.75,6],"texture":"#0"},"up":{"uv":[2.5,5.5,2.5,5.25],"texture":"#0"},"down":{"uv":[2.5,5.25,2.5,5.5],"texture":"#0"}}},{"from":[2,22,5],"to":[4,26,7],"rotation":{"angle":-45,"axis":"y","origin":[3,-2,13]},"faces":{"north":{"uv":[2.75,10,3.25,11],"texture":"#0"},"east":{"uv":[2.25,10,2.75,11],"texture":"#0"},"south":{"uv":[3.75,10,4.25,11],"texture":"#0"},"west":{"uv":[3.25,10,3.75,11],"texture":"#0"},"up":{"uv":[3.25,10,2.75,9.5],"texture":"#0"},"down":{"uv":[3.75,9.5,3.25,10],"texture":"#0"}}},{"from":[2,24,10],"to":[4,28,12],"rotation":{"angle":-45,"axis":"y","origin":[3,-2,13]},"faces":{"north":{"uv":[0.5,10,1,11],"texture":"#0"},"east":{"uv":[0,10,0.5,11],"texture":"#0"},"south":{"uv":[1.5,10,2,11],"texture":"#0"},"west":{"uv":[1,10,1.5,11],"texture":"#0"},"up":{"uv":[1,10,0.5,9.5],"texture":"#0"},"down":{"uv":[1.5,9.5,1,10],"texture":"#0"}}},{"from":[2,24,0],"to":[4,28,2],"rotation":{"angle":-45,"axis":"y","origin":[3,-2,13]},"faces":{"north":{"uv":[0.5,0.5,1,1.5],"texture":"#0"},"east":{"uv":[0,0.5,0.5,1.5],"texture":"#0"},"south":{"uv":[1.5,0.5,2,1.5],"texture":"#0"},"west":{"uv":[1,0.5,1.5,1.5],"texture":"#0"},"up":{"uv":[1,0.5,0.5,0],"texture":"#0"},"down":{"uv":[1.5,0,1,0.5],"texture":"#0"}}},{"from":[-3.5,22,4.5],"to":[-0.5,24,7.5],"rotation":{"angle":-45,"axis":"y","origin":[3,-2,13]},"faces":{"north":{"uv":[7.75,0.75,8.5,1.25],"texture":"#0"},"east":{"uv":[7,0.75,7.75,1.25],"texture":"#0"},"south":{"uv":[9.25,0.75,10,1.25],"texture":"#0"},"west":{"uv":[8.5,0.75,9.25,1.25],"texture":"#0"},"up":{"uv":[8.5,0.75,7.75,0],"texture":"#0"},"down":{"uv":[9.25,0,8.5,0.75],"texture":"#0"}}},{"from":[1.5,20,4.5],"to":[4.5,22,7.5],"rotation":{"angle":-45,"axis":"y","origin":[3,-2,13]},"faces":{"north":{"uv":[7.5,7.5,8.25,8],"texture":"#0"},"east":{"uv":[6.75,7.5,7.5,8],"texture":"#0"},"south":{"uv":[9,7.5,9.75,8],"texture":"#0"},"west":{"uv":[8.25,7.5,9,8],"texture":"#0"},"up":{"uv":[8.25,7.5,7.5,6.75],"texture":"#0"},"down":{"uv":[9,6.75,8.25,7.5],"texture":"#0"}}},{"from":[1.5,22,-0.5],"to":[4.5,24,2.5],"rotation":{"angle":-45,"axis":"y","origin":[3,-2,13]},"faces":{"north":{"uv":[4.25,5.5,5,6],"texture":"#0"},"east":{"uv":[3.5,5.5,4.25,6],"texture":"#0"},"south":{"uv":[5.75,5.5,6.5,6],"texture":"#0"},"west":{"uv":[5,5.5,5.75,6],"texture":"#0"},"up":{"uv":[5,5.5,4.25,4.75],"texture":"#0"},"down":{"uv":[5.75,4.75,5,5.5],"texture":"#0"}}},{"from":[6.5,10,6.5],"to":[9.5,15,9.5],"faces":{"north":{"uv":[0.75,3.75,1.5,5],"texture":"#0"},"east":{"uv":[0,3.75,0.75,5],"texture":"#0"},"south":{"uv":[2.25,3.75,3,5],"texture":"#0"},"west":{"uv":[1.5,3.75,2.25,5],"texture":"#0"},"up":{"uv":[1.5,3.75,0.75,3],"texture":"#0"},"down":{"uv":[2.25,3,1.5,3.75],"texture":"#0"}}},{"from":[8,16,1.5],"to":[8,22,14.5],"rotation":{"angle":-45,"axis":"y","origin":[8,-2,8]},"faces":{"north":{"uv":[3.25,6.25,3.25,7.75],"texture":"#0"},"east":{"uv":[0,6.25,3.25,7.75],"texture":"#0"},"south":{"uv":[6.5,6.25,6.5,7.75],"texture":"#0"},"west":{"uv":[3.25,6.25,6.5,7.75],"texture":"#0"},"up":{"uv":[3.25,6.25,3.25,3],"texture":"#0"},"down":{"uv":[3.25,3,3.25,6.25],"texture":"#0"}}},{"from":[1.5,16,8],"to":[14.5,22,8],"rotation":{"angle":-45,"axis":"y","origin":[8,-2,8]},"faces":{"north":{"uv":[3.5,3,6.75,4.5],"texture":"#0"},"east":{"uv":[3.5,3,3.5,4.5],"texture":"#0"},"south":{"uv":[6.75,3,10,4.5],"texture":"#0"},"west":{"uv":[6.75,3,6.75,4.5],"texture":"#0"},"up":{"uv":[6.75,3,3.5,3],"texture":"#0"},"down":{"uv":[10,3,6.75,3],"texture":"#0"}}}],"display":{"thirdperson_righthand":{"rotation":[60,-160,0],"translation":[0,1,0],"scale":[0.6,0.6,0.6]},"thirdperson_lefthand":{"rotation":[60,-160,0],"translation":[0,1,0],"scale":[0.6,0.6,0.6]},"firstperson_righthand":{"rotation":[0,-60,6],"translation":[1.5,-2.25,0],"scale":[0.4,0.4,0.4]},"firstperson_lefthand":{"rotation":[0,-60,6],"translation":[1.5,-2.25,0],"scale":[0.4,0.4,0.4]},"ground":{"translation":[0,1.5,0],"scale":[0.35,0.35,0.35]},"gui":{"rotation":[30,-20,0],"translation":[0.25,-2.5,0],"scale":[0.45,0.45,0.45]},"head":{"translation":[0,-30.4,0],"scale":[1.6,1.6,1.6]},"fixed":{"rotation":[90,0,-180],"translation":[0,0,-16],"scale":[2,2,2]}}}