{"credit":"Made by PolygonMC","texture_size":[24,24],"textures":{"1":"malikaset:item/spear","2":"malikaset:item/animations_1","particle":"malikaset:item/animations_1"},"elements":[{"from":[7.5,0,7.5],"to":[8.5,1,8.5],"rotation":{"angle":0,"axis":"y","origin":[7.5,0,7.5]},"faces":{"north":{"uv":[6.66667,6,7.33333,6.66667],"texture":"#1"},"east":{"uv":[2.66667,8,3.33333,8.66667],"texture":"#1"},"south":{"uv":[2,9.33333,2.66667,10],"texture":"#1"},"west":{"uv":[9.33333,5.33333,10,6],"texture":"#1"},"up":{"uv":[2,12.66667,1.33333,12],"texture":"#1"},"down":{"uv":[12.66667,1.33333,12,2],"texture":"#1"}}},{"from":[7.5,4.5,7.5],"to":[8.5,5.5,8.5],"rotation":{"angle":0,"axis":"y","origin":[7.5,4.5,7.5]},"faces":{"north":{"uv":[12,2,12.66667,2.66667],"texture":"#1"},"east":{"uv":[12,2.66667,12.66667,3.33333],"texture":"#1"},"south":{"uv":[12,3.33333,12.66667,4],"texture":"#1"},"west":{"uv":[12,4,12.66667,4.66667],"texture":"#1"},"up":{"uv":[12.66667,5.33333,12,4.66667],"texture":"#1"},"down":{"uv":[12.66667,5.33333,12,6],"texture":"#1"}}},{"from":[7.5,2.225,7.5],"to":[8.5,3.225,8.5],"rotation":{"angle":-45,"axis":"x","origin":[8,2.725,8]},"faces":{"north":{"uv":[12,6,12.66667,6.66667],"texture":"#1"},"east":{"uv":[6.66667,12,7.33333,12.66667],"texture":"#1"},"south":{"uv":[12,6.66667,12.66667,7.33333],"texture":"#1"},"west":{"uv":[7.33333,12,8,12.66667],"texture":"#1"},"up":{"uv":[12.66667,8,12,7.33333],"texture":"#1"},"down":{"uv":[8.66667,12,8,12.66667],"texture":"#1"}}},{"from":[7.475,15.175,7.5],"to":[8.525,16.175,8.5],"rotation":{"angle":-45,"axis":"x","origin":[8,15.675,8]},"faces":{"north":{"uv":[1.33333,12.66667,2,13.33333],"texture":"#1"},"east":{"uv":[12.66667,1.33333,13.33333,2],"texture":"#1"},"south":{"uv":[2,12.66667,2.66667,13.33333],"texture":"#1"},"west":{"uv":[12.66667,2,13.33333,2.66667],"texture":"#1"},"up":{"uv":[3.33333,13.33333,2.66667,12.66667],"texture":"#1"},"down":{"uv":[13.33333,2.66667,12.66667,3.33333],"texture":"#1"}}},{"from":[7.4,19.225,7],"to":[8.6,21.225,9],"rotation":{"angle":-45,"axis":"x","origin":[8,20.225,8]},"faces":{"north":{"uv":[8.66667,2.66667,9.5,4],"texture":"#1"},"east":{"uv":[4.66667,5.33333,6,6.66667],"texture":"#1"},"south":{"uv":[8.66667,6,9.5,7.33333],"texture":"#1"},"west":{"uv":[6,0,7.33333,1.33333],"texture":"#1"},"up":{"uv":[9.5,8.66667,8.66667,7.33333],"texture":"#1"},"down":{"uv":[9.5,8.66667,8.66667,10],"texture":"#1"}}},{"from":[7.15,19.475,7.25],"to":[8.85,20.975,8.75],"rotation":{"angle":-45,"axis":"x","origin":[8,20.225,8]},"faces":{"north":{"uv":[7.33333,8,8.5,9],"texture":"#1"},"east":{"uv":[0.66667,9.33333,1.66667,10.33333],"texture":"#1"},"south":{"uv":[8.66667,0,9.83333,1],"texture":"#1"},"west":{"uv":[9.33333,4,10.33333,5],"texture":"#1"},"up":{"uv":[9.83333,2.33333,8.66667,1.33333],"texture":"#1"},"down":{"uv":[3.83333,8.66667,2.66667,9.66667],"texture":"#1"}}},{"from":[7.5,-1.275,7.5],"to":[8.5,-0.275,8.5],"rotation":{"angle":-45,"axis":"x","origin":[8,-0.775,8]},"faces":{"north":{"uv":[12,8,12.66667,8.66667],"texture":"#1"},"east":{"uv":[12,8.66667,12.66667,9.33333],"texture":"#1"},"south":{"uv":[12,9.33333,12.66667,10],"texture":"#1"},"west":{"uv":[10,12,10.66667,12.66667],"texture":"#1"},"up":{"uv":[12.66667,10.66667,12,10],"texture":"#1"},"down":{"uv":[11.33333,12,10.66667,12.66667],"texture":"#1"}}},{"from":[7.6,1,7.6],"to":[8.4,4.5,8.4],"rotation":{"angle":0,"axis":"y","origin":[7.5,1,7.5]},"faces":{"north":{"uv":[4,8.66667,4.5,11],"texture":"#1"},"east":{"uv":[4.66667,8.66667,5.16667,11],"texture":"#1"},"south":{"uv":[5.33333,8.66667,5.83333,11],"texture":"#1"},"west":{"uv":[6,8.66667,6.5,11],"texture":"#1"}}},{"from":[7.6,5.5,7.6],"to":[8.4,9.5,8.4],"rotation":{"angle":-45,"axis":"y","origin":[8,7.5,8]},"faces":{"north":{"uv":[2.66667,5.33333,3.16667,8],"texture":"#1"},"east":{"uv":[6,1.33333,6.5,4],"texture":"#1"},"south":{"uv":[6,4,6.5,6.66667],"texture":"#1"},"west":{"uv":[6.66667,1.33333,7.16667,4],"texture":"#1"},"up":{"uv":[13.83333,2.5,13.33333,2],"texture":"#1"},"down":{"uv":[3.16667,13.33333,2.66667,13.83333],"texture":"#1"}}},{"from":[7.25,-0.5,7.25],"to":[8.75,0,8.75],"rotation":{"angle":0,"axis":"y","origin":[7.5,-1,7.5]},"faces":{"north":{"uv":[4,12.66667,5,13],"texture":"#1"},"east":{"uv":[12.66667,4.66667,13.66667,5],"texture":"#1"},"south":{"uv":[5.33333,12.66667,6.33333,13],"texture":"#1"},"west":{"uv":[12.66667,5.33333,13.66667,5.66667],"texture":"#1"},"up":{"uv":[8.33333,10.33333,7.33333,9.33333],"texture":"#1"},"down":{"uv":[11,0,10,1],"texture":"#1"}}},{"from":[7.5,19.75,5.25],"to":[8.5,20.75,7.25],"rotation":{"angle":22.5,"axis":"x","origin":[8,20.25,6.25]},"faces":{"east":{"uv":[10,6.66667,11.33333,7.33333],"texture":"#1"},"south":{"uv":[12,10.66667,12.66667,11.33333],"texture":"#1"},"west":{"uv":[10,7.33333,11.33333,8],"texture":"#1"},"up":{"uv":[4,11.33333,3.33333,10],"texture":"#1"},"down":{"uv":[10.66667,8,10,9.33333],"texture":"#1"}}},{"from":[7.43,19.33581,4.77438],"to":[8.57,21.61581,5.91438],"rotation":{"angle":-45,"axis":"x","origin":[8,20.47581,5.34438]},"faces":{"north":{"uv":[3.33333,6.66667,4.16667,8.16667],"texture":"#1"},"east":{"uv":[6.66667,4,7.5,5.5],"texture":"#1"},"south":{"uv":[4.66667,6.66667,5.5,8.16667],"texture":"#1"},"west":{"uv":[6,6.66667,6.83333,8.16667],"texture":"#1"},"up":{"uv":[11.5,4.83333,10.66667,4],"texture":"#1"},"down":{"uv":[8.16667,10.66667,7.33333,11.5],"texture":"#1"}}},{"from":[7.5554,18.9149,6.08448],"to":[8.4446,20.1233,6.97368],"rotation":{"angle":-22.5,"axis":"x","origin":[8,18.8636,6.95658]},"faces":{"north":{"uv":[11.33333,0,12,0.83333],"texture":"#1"},"east":{"uv":[11.33333,1.33333,12,2.16667],"texture":"#1"},"south":{"uv":[2,11.33333,2.66667,12.16667],"texture":"#1"},"west":{"uv":[2.66667,11.33333,3.33333,12.16667],"texture":"#1"},"down":{"uv":[12,12,11.33333,12.66667],"texture":"#1"}}},{"from":[7.671,18.03724,6.20764],"to":[8.329,18.93145,6.86565],"rotation":{"angle":0,"axis":"x","origin":[8,18.31334,6.50815]},"faces":{"north":{"uv":[12.66667,6,13.16667,6.66667],"texture":"#1"},"east":{"uv":[6.66667,12.66667,7.16667,13.33333],"texture":"#1"},"south":{"uv":[12.66667,6.66667,13.16667,7.33333],"texture":"#1"},"west":{"uv":[7.33333,12.66667,7.83333,13.33333],"texture":"#1"},"down":{"uv":[13.83333,2.66667,13.33333,3.16667],"texture":"#1"}}},{"from":[7.5554,20.99773,3.78772],"to":[8.4446,22.20613,4.67692],"rotation":{"angle":-22.5,"axis":"x","origin":[8,22.02998,4.27196]},"faces":{"north":{"uv":[11.33333,2.66667,12,3.5],"texture":"#1"},"east":{"uv":[3.33333,11.33333,4,12.16667],"texture":"#1"},"south":{"uv":[4,11.33333,4.66667,12.16667],"texture":"#1"},"west":{"uv":[4.66667,11.33333,5.33333,12.16667],"texture":"#1"},"up":{"uv":[12.66667,12,12,11.33333],"texture":"#1"}}},{"from":[7.671,21.9935,3.84427],"to":[8.329,22.88772,4.50228],"rotation":{"angle":0,"axis":"x","origin":[8,22.02998,4.27196]},"faces":{"north":{"uv":[12.66667,7.33333,13.16667,8],"texture":"#1"},"east":{"uv":[8,12.66667,8.5,13.33333],"texture":"#1"},"south":{"uv":[12.66667,8,13.16667,8.66667],"texture":"#1"},"west":{"uv":[8.66667,12.66667,9.16667,13.33333],"texture":"#1"},"up":{"uv":[13.83333,3.83333,13.33333,3.33333],"texture":"#1"}}},{"from":[7.75,15.85,7],"to":[8.25,19.85,9],"rotation":{"angle":0,"axis":"y","origin":[8.25,18.95,8]},"faces":{"north":{"uv":[8.66667,10,9,12.66667],"texture":"#1"},"east":{"uv":[4.66667,0,6,2.66667],"texture":"#1"},"south":{"uv":[9.33333,10,9.66667,12.66667],"texture":"#1"},"west":{"uv":[4.66667,2.66667,6,5.33333],"texture":"#1"}}},{"from":[7.7375,15.01841,7],"to":[8.2625,16.44341,8.425],"rotation":{"angle":45,"axis":"x","origin":[7.9875,15.44341,8]},"faces":{"north":{"uv":[12.66667,8.66667,13,9.66667],"texture":"#1"},"east":{"uv":[10,1.33333,11,2.33333],"texture":"#1"},"south":{"uv":[9.33333,12.66667,9.66667,13.66667],"texture":"#1"},"west":{"uv":[2,10,3,11],"texture":"#1"},"up":{"uv":[10.33333,13.66667,10,12.66667],"texture":"#1"},"down":{"uv":[13,10,12.66667,11],"texture":"#1"}}},{"from":[7.5,19.75,8.75],"to":[8.5,20.75,10.75],"rotation":{"angle":-22.5,"axis":"x","origin":[8,20.25,9.75]},"faces":{"north":{"uv":[12,12,12.66667,12.66667],"texture":"#1"},"east":{"uv":[10,9.33333,11.33333,10],"texture":"#1"},"west":{"uv":[10,10,11.33333,10.66667],"texture":"#1"},"up":{"uv":[1.33333,12,0.66667,10.66667],"texture":"#1"},"down":{"uv":[2,10.66667,1.33333,12],"texture":"#1"}}},{"from":[7.43,19.33581,10.08562],"to":[8.57,21.61581,11.22562],"rotation":{"angle":45,"axis":"x","origin":[8,20.47581,10.65562]},"faces":{"north":{"uv":[7.33333,0,8.16667,1.5],"texture":"#1"},"east":{"uv":[7.33333,2,8.16667,3.5],"texture":"#1"},"south":{"uv":[7.33333,6,8.16667,7.5],"texture":"#1"},"west":{"uv":[8,4,8.83333,5.5],"texture":"#1"},"up":{"uv":[11.5,8.83333,10.66667,8],"texture":"#1"},"down":{"uv":[10.83333,10.66667,10,11.5],"texture":"#1"}}},{"from":[7.5554,18.9149,9.02632],"to":[8.4446,20.1233,9.91552],"rotation":{"angle":22.5,"axis":"x","origin":[8,18.8636,9.04342]},"faces":{"north":{"uv":[5.33333,11.33333,6,12.16667],"texture":"#1"},"east":{"uv":[11.33333,5.33333,12,6.16667],"texture":"#1"},"south":{"uv":[6,11.33333,6.66667,12.16667],"texture":"#1"},"west":{"uv":[11.33333,6.66667,12,7.5],"texture":"#1"},"down":{"uv":[0.66667,12.66667,0,13.33333],"texture":"#1"}}},{"from":[7.671,18.03724,9.13435],"to":[8.329,18.93145,9.79236],"rotation":{"angle":0,"axis":"x","origin":[8,18.31334,9.49185]},"faces":{"north":{"uv":[10.66667,12.66667,11.16667,13.33333],"texture":"#1"},"east":{"uv":[11.33333,12.66667,11.83333,13.33333],"texture":"#1"},"south":{"uv":[12.66667,11.33333,13.16667,12],"texture":"#1"},"west":{"uv":[12,12.66667,12.5,13.33333],"texture":"#1"},"down":{"uv":[4.5,13.33333,4,13.83333],"texture":"#1"}}},{"from":[7.5554,20.99773,11.32308],"to":[8.4446,22.20613,12.21228],"rotation":{"angle":22.5,"axis":"x","origin":[8,22.02998,11.72804]},"faces":{"north":{"uv":[11.33333,9.33333,12,10.16667],"texture":"#1"},"east":{"uv":[11.33333,10.66667,12,11.5],"texture":"#1"},"south":{"uv":[12,0,12.66667,0.83333],"texture":"#1"},"west":{"uv":[0.66667,12,1.33333,12.83333],"texture":"#1"},"up":{"uv":[13.33333,0.66667,12.66667,0],"texture":"#1"}}},{"from":[7.671,21.9935,11.49772],"to":[8.329,22.88772,12.15573],"rotation":{"angle":0,"axis":"x","origin":[8,22.02998,11.72804]},"faces":{"north":{"uv":[12.66667,12,13.16667,12.66667],"texture":"#1"},"east":{"uv":[12.66667,12.66667,13.16667,13.33333],"texture":"#1"},"south":{"uv":[0,13.33333,0.5,14],"texture":"#1"},"west":{"uv":[13.33333,0,13.83333,0.66667],"texture":"#1"},"up":{"uv":[13.83333,4.5,13.33333,4],"texture":"#1"}}},{"from":[7.5,9.5,7.5],"to":[8.5,15.5,8.5],"rotation":{"angle":0,"axis":"y","origin":[7.5,7,7.5]},"faces":{"north":{"uv":[0,5.33333,0.66667,9.33333],"texture":"#1"},"east":{"uv":[0.66667,5.33333,1.33333,9.33333],"texture":"#1"},"south":{"uv":[1.33333,5.33333,2,9.33333],"texture":"#1"},"west":{"uv":[2,5.33333,2.66667,9.33333],"texture":"#1"},"down":{"uv":[13.33333,0.66667,12.66667,1.33333],"texture":"#1"}}},{"from":[7.75,20.5,7],"to":[8.25,25.5,9],"rotation":{"angle":0,"axis":"y","origin":[8.25,23.5,8]},"faces":{"north":{"uv":[6.66667,8.66667,7,12],"texture":"#1"},"east":{"uv":[3.33333,0,4.66667,3.33333],"texture":"#1"},"south":{"uv":[0,9.33333,0.33333,12.66667],"texture":"#1"},"west":{"uv":[3.33333,3.33333,4.66667,6.66667],"texture":"#1"},"up":{"uv":[3.66667,14,3.33333,12.66667],"texture":"#1"},"down":{"uv":[13,3.33333,12.66667,4.66667],"texture":"#1"}}},{"from":[7.7375,24.90659,7],"to":[8.2625,26.33159,8.425],"rotation":{"angle":-45,"axis":"x","origin":[8.0125,25.90659,8]},"faces":{"north":{"uv":[0.66667,13.33333,1,14.33333],"texture":"#1"},"east":{"uv":[10,2.66667,11,3.66667],"texture":"#1"},"south":{"uv":[13.33333,0.66667,13.66667,1.66667],"texture":"#1"},"west":{"uv":[10,5.33333,11,6.33333],"texture":"#1"},"up":{"uv":[1.66667,14.33333,1.33333,13.33333],"texture":"#1"},"down":{"uv":[2.33333,13.33333,2,14.33333],"texture":"#1"}}},{"from":[8,20.5,5.875],"to":[8,28.5,10.125],"rotation":{"angle":0,"axis":"y","origin":[8,20.5,5.875]},"faces":{"north":{"uv":[0,0,0,5.33333],"texture":"#1"},"east":{"uv":[2.83333,0,0,5.33333],"texture":"#1"},"south":{"uv":[0,0,0,5.33333],"texture":"#1"},"west":{"uv":[0,0,2.83333,5.33333],"texture":"#1"},"up":{"uv":[0,2.83333,0,0],"texture":"#1"},"down":{"uv":[0,0,0,2.83333],"texture":"#1"}}},{"from":[5.5,17.7,8.05],"to":[10.5,22.7,8.05],"rotation":{"angle":-45,"axis":"y","origin":[8,20.4,8.05]},"faces":{"north":{"uv":[6.66667,0,0,6.66667],"texture":"#2"},"east":{"uv":[0,0,0,3.33333],"texture":"#2"},"south":{"uv":[0,0,6.66667,6.66667],"texture":"#2"},"west":{"uv":[0,0,0,3.33333],"texture":"#2"},"up":{"uv":[3.33333,0,0,0],"texture":"#2"},"down":{"uv":[3.33333,0,0,0],"texture":"#2"}}},{"from":[5.5,17.7,8.05],"to":[10.5,22.7,8.05],"rotation":{"angle":45,"axis":"y","origin":[8,20.4,8.05]},"faces":{"north":{"uv":[0,0,6.66667,6.66667],"texture":"#2"},"east":{"uv":[0,0,0,3.33333],"texture":"#2"},"south":{"uv":[6.66667,0,0,6.66667],"texture":"#2"},"west":{"uv":[0,0,0,3.33333],"texture":"#2"},"up":{"uv":[3.33333,0,0,0],"rotation":180,"texture":"#2"},"down":{"uv":[3.33333,0,0,0],"rotation":180,"texture":"#2"}}}],"gui_light":"front","display":{"thirdperson_righthand":{"translation":[0,-1.5,1]},"thirdperson_lefthand":{"translation":[0,-1.5,1]},"firstperson_righthand":{"rotation":[-10,0,0],"translation":[-1.75,-2.75,2.5]},"firstperson_lefthand":{"rotation":[-10,0,0],"translation":[-1.75,-2.75,2.5]},"ground":{"translation":[0,9.25,0]},"gui":{"rotation":[90,-45,90],"translation":[2.75,-2.75,0],"scale":[0.75391,0.75391,0.75391]},"head":{"scale":[0,0,0]},"fixed":{"rotation":[0,90,0],"translation":[0,-10.25,-2],"scale":[2.50781,2.50781,2.50781]}}}