{"credit":"Made by PolygonMC","texture_size":[12,12],"textures":{"1":"malikaset:item/staff","2":"malikaset:item/animations_1","3":"malikaset:item/gems1","particle":"malikaset:item/animations_1"},"elements":[{"from":[7.5,0,7.5],"to":[8.5,1,8.5],"rotation":{"angle":0,"axis":"y","origin":[7.5,0,7.5]},"faces":{"north":{"uv":[6.4,7.2,7.2,8],"texture":"#1"},"east":{"uv":[8,2.4,8.8,3.2],"texture":"#1"},"south":{"uv":[4,8.8,4.8,9.6],"texture":"#1"},"west":{"uv":[9.6,1.6,10.4,2.4],"texture":"#1"},"up":{"uv":[12.8,6.4,12,5.6],"texture":"#1"},"down":{"uv":[13.6,8.8,12.8,9.6],"texture":"#1"}}},{"from":[7.5,4.5,7.5],"to":[8.5,5.5,8.5],"rotation":{"angle":0,"axis":"y","origin":[7.5,4.5,7.5]},"faces":{"north":{"uv":[13.6,3.2,14.4,4],"texture":"#1"},"east":{"uv":[13.6,4,14.4,4.8],"texture":"#1"},"south":{"uv":[13.6,4.8,14.4,5.6],"texture":"#1"},"west":{"uv":[13.6,5.6,14.4,6.4],"texture":"#1"},"up":{"uv":[7.2,14.4,6.4,13.6],"texture":"#1"},"down":{"uv":[14.4,6.4,13.6,7.2],"texture":"#1"}}},{"from":[7.5,2.225,7.5],"to":[8.5,3.225,8.5],"rotation":{"angle":-45,"axis":"x","origin":[8,2.725,8]},"faces":{"north":{"uv":[7.2,13.6,8,14.4],"texture":"#1"},"east":{"uv":[13.6,7.2,14.4,8],"texture":"#1"},"south":{"uv":[8,13.6,8.8,14.4],"texture":"#1"},"west":{"uv":[13.6,8,14.4,8.8],"texture":"#1"},"up":{"uv":[9.6,14.4,8.8,13.6],"texture":"#1"},"down":{"uv":[14.4,8.8,13.6,9.6],"texture":"#1"}}},{"from":[7.5,12.475,7.5],"to":[8.5,13.475,8.5],"rotation":{"angle":-45,"axis":"x","origin":[8,12.975,8]},"faces":{"north":{"uv":[3.2,14.4,4,15.2],"texture":"#1"},"east":{"uv":[14.4,3.2,15.2,4],"texture":"#1"},"south":{"uv":[4,14.4,4.8,15.2],"texture":"#1"},"west":{"uv":[14.4,4,15.2,4.8],"texture":"#1"},"up":{"uv":[5.6,15.2,4.8,14.4],"texture":"#1"},"down":{"uv":[15.2,4.8,14.4,5.6],"texture":"#1"}}},{"from":[7.4,17.225,7],"to":[8.6,19.225,9],"rotation":{"angle":-45,"axis":"x","origin":[8,18.225,8]},"faces":{"north":{"uv":[10.4,1.6,11.4,3.2],"texture":"#1"},"east":{"uv":[5.6,0,7.2,1.6],"texture":"#1"},"south":{"uv":[2.4,10.4,3.4,12],"texture":"#1"},"west":{"uv":[2.4,5.6,4,7.2],"texture":"#1"},"up":{"uv":[11.4,4.8,10.4,3.2],"texture":"#1"},"down":{"uv":[11.4,4.8,10.4,6.4],"texture":"#1"}}},{"from":[7.15,17.475,7.25],"to":[8.85,18.975,8.75],"rotation":{"angle":-45,"axis":"x","origin":[8,18.225,8]},"faces":{"north":{"uv":[8.8,4.8,10.2,6],"texture":"#1"},"east":{"uv":[8,10.4,9.2,11.6],"texture":"#1"},"south":{"uv":[8.8,6.4,10.2,7.6],"texture":"#1"},"west":{"uv":[10.4,9.6,11.6,10.8],"texture":"#1"},"up":{"uv":[11,1.2,9.6,0],"texture":"#1"},"down":{"uv":[5.4,9.6,4,10.8],"texture":"#1"}}},{"from":[7.5,-1.275,7.5],"to":[8.5,-0.275,8.5],"rotation":{"angle":-45,"axis":"x","origin":[8,-0.775,8]},"faces":{"north":{"uv":[13.6,9.6,14.4,10.4],"texture":"#1"},"east":{"uv":[13.6,10.4,14.4,11.2],"texture":"#1"},"south":{"uv":[13.6,11.2,14.4,12],"texture":"#1"},"west":{"uv":[13.6,12,14.4,12.8],"texture":"#1"},"up":{"uv":[14.4,13.6,13.6,12.8],"texture":"#1"},"down":{"uv":[14.4,13.6,13.6,14.4],"texture":"#1"}}},{"from":[7.6,1,7.6],"to":[8.4,4.5,8.4],"rotation":{"angle":0,"axis":"y","origin":[7.5,1,7.5]},"faces":{"north":{"uv":[1.6,8,2.2,10.8],"texture":"#1"},"east":{"uv":[5.6,9.6,6.2,12.4],"texture":"#1"},"south":{"uv":[9.6,8,10.2,10.8],"texture":"#1"},"west":{"uv":[0,10.4,0.6,13.2],"texture":"#1"}}},{"from":[7.6,5.5,7.6],"to":[8.4,9.5,8.4],"rotation":{"angle":-45,"axis":"y","origin":[8,7.5,8]},"faces":{"north":{"uv":[4,5.6,4.6,8.8],"texture":"#1"},"east":{"uv":[7.2,0,7.8,3.2],"texture":"#1"},"south":{"uv":[2.4,7.2,3,10.4],"texture":"#1"},"west":{"uv":[3.2,7.2,3.8,10.4],"texture":"#1"},"up":{"uv":[2.2,15.8,1.6,15.2],"texture":"#1"},"down":{"uv":[15.8,1.6,15.2,2.2],"texture":"#1"}}},{"from":[7.25,-0.5,7.25],"to":[8.75,0,8.75],"rotation":{"angle":0,"axis":"y","origin":[7.5,-1,7.5]},"faces":{"north":{"uv":[5.6,14.4,6.8,14.8],"texture":"#1"},"east":{"uv":[14.4,5.6,15.6,6],"texture":"#1"},"south":{"uv":[14.4,6.4,15.6,6.8],"texture":"#1"},"west":{"uv":[7.2,14.4,8.4,14.8],"texture":"#1"},"up":{"uv":[12.4,1.2,11.2,0],"texture":"#1"},"down":{"uv":[5.2,11.2,4,12.4],"texture":"#1"}}},{"from":[7.5,17.75,5.25],"to":[8.5,18.75,7.25],"rotation":{"angle":22.5,"axis":"x","origin":[8,18.25,6.25]},"faces":{"east":{"uv":[3.2,2.4,4.8,3.2],"texture":"#1"},"south":{"uv":[14.4,0,15.2,0.8],"texture":"#1"},"west":{"uv":[5.6,1.6,7.2,2.4],"texture":"#1"},"up":{"uv":[2.4,12.8,1.6,11.2],"texture":"#1"},"down":{"uv":[10.4,11.2,9.6,12.8],"texture":"#1"}}},{"from":[7.43,17.33581,4.77438],"to":[8.57,19.61581,5.91438],"rotation":{"angle":-45,"axis":"x","origin":[8,18.47581,5.34438]},"faces":{"north":{"uv":[7.2,3.2,8.2,5],"texture":"#1"},"east":{"uv":[4.8,7.2,5.8,9],"texture":"#1"},"south":{"uv":[7.2,5.6,8.2,7.4],"texture":"#1"},"west":{"uv":[0,8,1,9.8],"texture":"#1"},"up":{"uv":[9,13,8,12],"texture":"#1"},"down":{"uv":[13,9.6,12,10.6],"texture":"#1"}}},{"from":[7.5554,16.9149,6.08448],"to":[8.4446,18.1233,6.97368],"rotation":{"angle":-22.5,"axis":"x","origin":[8,16.8636,6.95658]},"faces":{"north":{"uv":[1.6,12.8,2.4,13.8],"texture":"#1"},"east":{"uv":[2.4,12.8,3.2,13.8],"texture":"#1"},"south":{"uv":[12.8,2.4,13.6,3.4],"texture":"#1"},"west":{"uv":[3.2,12.8,4,13.8],"texture":"#1"},"down":{"uv":[15.2,0.8,14.4,1.6],"texture":"#1"}}},{"from":[7.671,16.03724,6.20764],"to":[8.329,16.93145,6.86565],"rotation":{"angle":0,"axis":"x","origin":[8,16.31334,6.50815]},"faces":{"north":{"uv":[14.4,7.2,15,8],"texture":"#1"},"east":{"uv":[14.4,8,15,8.8],"texture":"#1"},"south":{"uv":[8.8,14.4,9.4,15.2],"texture":"#1"},"west":{"uv":[14.4,8.8,15,9.6],"texture":"#1"},"down":{"uv":[3,15.2,2.4,15.8],"texture":"#1"}}},{"from":[7.5554,18.99773,3.78772],"to":[8.4446,20.20613,4.67692],"rotation":{"angle":-22.5,"axis":"x","origin":[8,20.02998,4.27196]},"faces":{"north":{"uv":[4,12.8,4.8,13.8],"texture":"#1"},"east":{"uv":[12.8,4,13.6,5],"texture":"#1"},"south":{"uv":[4.8,12.8,5.6,13.8],"texture":"#1"},"west":{"uv":[5.6,12.8,6.4,13.8],"texture":"#1"},"up":{"uv":[2.4,15.2,1.6,14.4],"texture":"#1"}}},{"from":[7.671,19.9935,3.84427],"to":[8.329,20.88772,4.50228],"rotation":{"angle":0,"axis":"x","origin":[8,20.02998,4.27196]},"faces":{"north":{"uv":[9.6,14.4,10.2,15.2],"texture":"#1"},"east":{"uv":[14.4,9.6,15,10.4],"texture":"#1"},"south":{"uv":[10.4,14.4,11,15.2],"texture":"#1"},"west":{"uv":[14.4,10.4,15,11.2],"texture":"#1"},"up":{"uv":[15.8,3,15.2,2.4],"texture":"#1"}}},{"from":[7.75,13.85,7],"to":[8.25,17.85,9],"rotation":{"angle":0,"axis":"y","origin":[8.25,16.95,8]},"faces":{"north":{"uv":[10.4,11.2,10.8,14.4],"texture":"#1"},"east":{"uv":[0,0,1.6,3.2],"texture":"#1"},"south":{"uv":[11.2,11.2,11.6,14.4],"texture":"#1"},"west":{"uv":[1.6,0,3.2,3.2],"texture":"#1"}}},{"from":[7.7375,13.01841,7],"to":[8.2625,14.44341,8.425],"rotation":{"angle":45,"axis":"x","origin":[7.9875,13.44341,8]},"faces":{"north":{"uv":[11.2,14.4,11.6,15.6],"texture":"#1"},"east":{"uv":[11.2,6.4,12.4,7.6],"texture":"#1"},"south":{"uv":[14.4,11.2,14.8,12.4],"texture":"#1"},"west":{"uv":[11.2,8,12.4,9.2],"texture":"#1"},"up":{"uv":[12.4,15.6,12,14.4],"texture":"#1"},"down":{"uv":[13.2,14.4,12.8,15.6],"texture":"#1"}}},{"from":[7.5,17.75,8.75],"to":[8.5,18.75,10.75],"rotation":{"angle":-22.5,"axis":"x","origin":[8,18.25,9.75]},"faces":{"north":{"uv":[14.4,1.6,15.2,2.4],"texture":"#1"},"east":{"uv":[12,1.6,13.6,2.4],"texture":"#1"},"west":{"uv":[2.4,12,4,12.8],"texture":"#1"},"up":{"uv":[12.8,4,12,2.4],"texture":"#1"},"down":{"uv":[12.8,4,12,5.6],"texture":"#1"}}},{"from":[7.43,17.33581,10.08562],"to":[8.57,19.61581,11.22562],"rotation":{"angle":45,"axis":"x","origin":[8,18.47581,10.65562]},"faces":{"north":{"uv":[8,0,9,1.8],"texture":"#1"},"east":{"uv":[6.4,8,7.4,9.8],"texture":"#1"},"south":{"uv":[8,8,9,9.8],"texture":"#1"},"west":{"uv":[8.8,2.4,9.8,4.2],"texture":"#1"},"up":{"uv":[13,12.2,12,11.2],"texture":"#1"},"down":{"uv":[13.8,0,12.8,1],"texture":"#1"}}},{"from":[7.5554,16.9149,9.02632],"to":[8.4446,18.1233,9.91552],"rotation":{"angle":22.5,"axis":"x","origin":[8,16.8636,9.04342]},"faces":{"north":{"uv":[12.8,5.6,13.6,6.6],"texture":"#1"},"east":{"uv":[12.8,7.2,13.6,8.2],"texture":"#1"},"south":{"uv":[9.6,12.8,10.4,13.8],"texture":"#1"},"west":{"uv":[12,12.8,12.8,13.8],"texture":"#1"},"down":{"uv":[3.2,14.4,2.4,15.2],"texture":"#1"}}},{"from":[7.671,16.03724,9.13435],"to":[8.329,16.93145,9.79236],"rotation":{"angle":0,"axis":"x","origin":[8,16.31334,9.49185]},"faces":{"north":{"uv":[14.4,12.8,15,13.6],"texture":"#1"},"east":{"uv":[13.6,14.4,14.2,15.2],"texture":"#1"},"south":{"uv":[14.4,13.6,15,14.4],"texture":"#1"},"west":{"uv":[14.4,14.4,15,15.2],"texture":"#1"},"down":{"uv":[3.8,15.2,3.2,15.8],"texture":"#1"}}},{"from":[7.5554,18.99773,11.32308],"to":[8.4446,20.20613,12.21228],"rotation":{"angle":22.5,"axis":"x","origin":[8,20.02998,11.72804]},"faces":{"north":{"uv":[12.8,12.8,13.6,13.8],"texture":"#1"},"east":{"uv":[0,13.6,0.8,14.6],"texture":"#1"},"south":{"uv":[0.8,13.6,1.6,14.6],"texture":"#1"},"west":{"uv":[13.6,1.6,14.4,2.6],"texture":"#1"},"up":{"uv":[15.2,3.2,14.4,2.4],"texture":"#1"}}},{"from":[7.671,19.9935,11.49772],"to":[8.329,20.88772,12.15573],"rotation":{"angle":0,"axis":"x","origin":[8,20.02998,11.72804]},"faces":{"north":{"uv":[0,15.2,0.6,16],"texture":"#1"},"east":{"uv":[15.2,0,15.8,0.8],"texture":"#1"},"south":{"uv":[0.8,15.2,1.4,16],"texture":"#1"},"west":{"uv":[15.2,0.8,15.8,1.6],"texture":"#1"},"up":{"uv":[15.8,3.8,15.2,3.2],"texture":"#1"}}},{"from":[7.6,9.5,7.6],"to":[8.4,12.75,8.4],"rotation":{"angle":0,"axis":"y","origin":[7.5,11,6.93431]},"faces":{"north":{"uv":[0.8,10.4,1.4,13],"texture":"#1"},"east":{"uv":[6.4,10.4,7,13],"texture":"#1"},"south":{"uv":[10.4,6.4,11,9],"texture":"#1"},"west":{"uv":[7.2,10.4,7.8,13],"texture":"#1"},"up":{"uv":[4.6,15.8,4,15.2],"texture":"#1"},"down":{"uv":[15.8,4,15.2,4.6],"texture":"#1"}}},{"from":[6.8992,20.8992,6.8992],"to":[9.1008,23.1008,9.1008],"rotation":{"angle":-45,"axis":"x","origin":[8,22,8]},"faces":{"north":{"uv":[0,0,3,3],"texture":"#3"},"east":{"uv":[0,4,3,7],"texture":"#3"},"south":{"uv":[4,0,7,3],"texture":"#3"},"west":{"uv":[4,4,7,7],"texture":"#3"},"up":{"uv":[3,11,0,8],"texture":"#3"},"down":{"uv":[11,0,8,3],"texture":"#3"}}},{"from":[4.7,18.9,8.05],"to":[11.3,25.5,8.05],"rotation":{"angle":-45,"axis":"y","origin":[8,22.464,8.05]},"faces":{"north":{"uv":[6.66667,0,0,6.66667],"texture":"#2"},"east":{"uv":[0,0,0,4],"texture":"#2"},"south":{"uv":[0,0,6.66667,6.66667],"texture":"#2"},"west":{"uv":[0,0,0,4],"texture":"#2"},"up":{"uv":[4,0,0,0],"texture":"#2"},"down":{"uv":[4,0,0,0],"texture":"#2"}}},{"from":[4.7,18.9,8.05],"to":[11.3,25.5,8.05],"rotation":{"angle":45,"axis":"y","origin":[8,22.464,8.05]},"faces":{"north":{"uv":[0,0,6.66667,6.66667],"texture":"#2"},"east":{"uv":[0,0,0,4],"texture":"#2"},"south":{"uv":[6.66667,0,0,6.66667],"texture":"#2"},"west":{"uv":[0,0,0,4],"texture":"#2"},"up":{"uv":[4,0,0,0],"rotation":180,"texture":"#2"},"down":{"uv":[4,0,0,0],"rotation":180,"texture":"#2"}}}],"gui_light":"front","display":{"thirdperson_righthand":{"translation":[0,-1.25,1]},"thirdperson_lefthand":{"translation":[0,-1.25,1]},"firstperson_righthand":{"rotation":[-10,0,0],"translation":[-1.75,-0.5,2.75]},"firstperson_lefthand":{"rotation":[-10,0,0],"translation":[-1.75,-0.5,2.75]},"ground":{"translation":[0,9.25,0]},"gui":{"rotation":[90,-45,90],"translation":[2.25,-2.25,0],"scale":[0.88477,0.88477,0.88477]},"head":{"scale":[0,0,0]},"fixed":{"rotation":[0,90,0],"translation":[0,-4.75,-2],"scale":[2.50781,2.50781,2.50781]}}}