{"credit":"MadewithBlockbench","texture_size":[64,64],"textures":{"1":"rankset:mystic/cyber_rod"},"elements":[{"from":[7,-9,7],"to":[9,-2,9],"rotation":{"angle":0,"axis":"y","origin":[0,0,7]},"faces":{"north":{"uv":[4,4,4.5,5.75],"texture":"#1"},"east":{"uv":[4.5,4,5,5.75],"texture":"#1"},"south":{"uv":[0,5,0.5,6.75],"texture":"#1"},"west":{"uv":[5,0,5.5,1.75],"texture":"#1"},"up":{"uv":[7.25,4,6.75,3.5],"texture":"#1"},"down":{"uv":[4.5,6.75,4,7.25],"texture":"#1"}}},{"from":[7,2,7],"to":[9,9,9],"rotation":{"angle":0,"axis":"y","origin":[0,13,7]},"faces":{"north":{"uv":[0.5,5,1,6.75],"texture":"#1"},"east":{"uv":[1,5,1.5,6.75],"texture":"#1"},"south":{"uv":[1.5,5,2,6.75],"texture":"#1"},"west":{"uv":[5,1.75,5.5,3.5],"texture":"#1"},"up":{"uv":[7.25,4.5,6.75,4],"texture":"#1"},"down":{"uv":[7.25,4.5,6.75,5],"texture":"#1"}}},{"from":[7,8.23671,5.1627],"to":[9,14.23671,7.1627],"rotation":{"angle":-22.5,"axis":"x","origin":[8,13.23671,6.1627]},"faces":{"north":{"uv":[2,5,2.5,6.5],"texture":"#1"},"east":{"uv":[2.5,5,3,6.5],"texture":"#1"},"south":{"uv":[3,5,3.5,6.5],"texture":"#1"},"west":{"uv":[3.5,5,4,6.5],"texture":"#1"},"up":{"uv":[7.25,5.5,6.75,5],"texture":"#1"},"down":{"uv":[6,6.75,5.5,7.25],"texture":"#1"}}},{"from":[7,12.3717,1.46126],"to":[9,18.3717,3.46126],"rotation":{"angle":-45,"axis":"x","origin":[8,17.3717,2.46126]},"faces":{"north":{"uv":[5,3.5,5.5,5],"texture":"#1"},"east":{"uv":[5,5,5.5,6.5],"texture":"#1"},"south":{"uv":[5.5,0,6,1.5],"texture":"#1"},"west":{"uv":[5.5,1.5,6,3],"texture":"#1"},"up":{"uv":[3.25,7.5,2.75,7],"texture":"#1"},"down":{"uv":[3.75,7,3.25,7.5],"texture":"#1"}}},{"from":[7.5,18.66127,-2.9668],"to":[8.5,19.66127,3.0332],"rotation":{"angle":22.5,"axis":"x","origin":[9.5,21.16127,-1.9668]},"faces":{"north":{"uv":[7.25,2,7.5,2.25],"texture":"#1"},"east":{"uv":[6.75,1,8.25,1.25],"texture":"#1"},"south":{"uv":[7.25,2.25,7.5,2.5],"texture":"#1"},"west":{"uv":[6.75,1.25,8.25,1.5],"texture":"#1"},"up":{"uv":[5.25,8,5,6.5],"texture":"#1"},"down":{"uv":[5.5,6.5,5.25,8],"texture":"#1"}}},{"from":[6,-2,6],"to":[10,2,10],"rotation":{"angle":0,"axis":"y","origin":[0,-1,7]},"faces":{"north":{"uv":[1,4,2,5],"texture":"#1"},"east":{"uv":[4,1,5,2],"texture":"#1"},"south":{"uv":[2,4,3,5],"texture":"#1"},"west":{"uv":[4,2,5,3],"texture":"#1"},"up":{"uv":[4,5,3,4],"texture":"#1"},"down":{"uv":[5,3,4,4],"texture":"#1"}}},{"from":[2,-0.62132,7.70711],"to":[6,1.37868,9.70711],"rotation":{"angle":-45,"axis":"x","origin":[4,-0.62132,8.70711]},"faces":{"north":{"uv":[2.75,6.5,3.75,7],"texture":"#1"},"east":{"uv":[1.5,6.75,2,7.25],"texture":"#1"},"south":{"uv":[0,6.75,1,7.25],"texture":"#1"},"west":{"uv":[6.75,2,7.25,2.5],"texture":"#1"},"up":{"uv":[7.75,0.5,6.75,0],"texture":"#1"},"down":{"uv":[7.75,0.5,6.75,1],"texture":"#1"}}},{"from":[0,-0.74264,10],"to":[2,0.25736,11],"rotation":{"angle":-45,"axis":"x","origin":[1,-2.74264,8]},"faces":{"north":{"uv":[0,7.25,0.5,7.5],"texture":"#1"},"east":{"uv":[6,5.5,6.25,5.75],"texture":"#1"},"south":{"uv":[0.5,7.25,1,7.5],"texture":"#1"},"west":{"uv":[6,5.75,6.25,6],"texture":"#1"},"up":{"uv":[2,7.5,1.5,7.25],"texture":"#1"},"down":{"uv":[2.5,7.25,2,7.5],"texture":"#1"}}},{"from":[6,-13,6],"to":[10,-9,10],"rotation":{"angle":0,"axis":"y","origin":[0,0,7]},"faces":{"north":{"uv":[3,0,4,1],"texture":"#1"},"east":{"uv":[3,1,4,2],"texture":"#1"},"south":{"uv":[3,2,4,3],"texture":"#1"},"west":{"uv":[3,3,4,4],"texture":"#1"},"up":{"uv":[1,5,0,4],"texture":"#1"},"down":{"uv":[5,0,4,1],"texture":"#1"}}},{"from":[7,-14,7],"to":[9,-13,9],"rotation":{"angle":0,"axis":"y","origin":[0,0,7]},"faces":{"north":{"uv":[6.5,7,7,7.25],"texture":"#1"},"east":{"uv":[7,6.5,7.5,6.75],"texture":"#1"},"south":{"uv":[7,6.75,7.5,7],"texture":"#1"},"west":{"uv":[7,7,7.5,7.25],"texture":"#1"},"up":{"uv":[7.25,3,6.75,2.5],"texture":"#1"},"down":{"uv":[7.25,3,6.75,3.5],"texture":"#1"}}},{"from":[8,5.22059,-4.06835],"to":[8,17.22059,-3.06835],"rotation":{"angle":0,"axis":"y","origin":[-0.5,22.22059,-4.06835]},"faces":{"north":{"uv":[0,0,0,3],"texture":"#1"},"east":{"uv":[5.5,3,5.75,6],"texture":"#1"},"south":{"uv":[0,0,0,3],"texture":"#1"},"west":{"uv":[5.75,3,6,6],"texture":"#1"},"up":{"uv":[0,0.25,0,0],"texture":"#1"},"down":{"uv":[0,0,0,0.25],"texture":"#1"}}},{"from":[8,1.22267,-2.07881],"to":[8,5.22267,-1.07881],"rotation":{"angle":22.5,"axis":"x","origin":[-0.5,10.22267,-2.07881]},"faces":{"north":{"uv":[0,0,0,1],"texture":"#1"},"east":{"uv":[7,5.5,7.25,6.5],"texture":"#1"},"south":{"uv":[0,0,0,1],"texture":"#1"},"west":{"uv":[6.25,7,6.5,8],"texture":"#1"},"up":{"uv":[0,0.25,0,0],"texture":"#1"},"down":{"uv":[0,0,0,0.25],"texture":"#1"}}},{"from":[8,-5.01612,-7.90565],"to":[8,-1.01612,-4.90565],"rotation":{"angle":22.5,"axis":"x","origin":[-0.5,0.98388,-5.90565]},"faces":{"north":{"uv":[0,0,0,1],"texture":"#1"},"east":{"uv":[4,5.75,4.75,6.75],"texture":"#1"},"south":{"uv":[0,0,0,1],"texture":"#1"},"west":{"uv":[6,0,6.75,1],"texture":"#1"},"up":{"uv":[0,0.75,0,0],"texture":"#1"},"down":{"uv":[0,0,0,0.75],"texture":"#1"}}},{"from":[6.501,-2.00361,0.05878],"to":[9.501,0.99639,3.05878],"rotation":{"angle":22.5,"axis":"x","origin":[-0.499,17.99639,0.05878]},"faces":{"north":{"uv":[6,1,6.75,1.75],"texture":"#1"},"east":{"uv":[6,1.75,6.75,2.5],"texture":"#1"},"south":{"uv":[6,2.5,6.75,3.25],"texture":"#1"},"west":{"uv":[6,3.25,6.75,4],"texture":"#1"},"up":{"uv":[6.75,4.75,6,4],"texture":"#1"},"down":{"uv":[6.75,4.75,6,5.5],"texture":"#1"}}},{"from":[8,2,5],"to":[8,9,6],"rotation":{"angle":0,"axis":"y","origin":[0,14,7]},"faces":{"north":{"uv":[0,0,0,1.75],"texture":"#1"},"east":{"uv":[4.75,5.75,5,7.5],"texture":"#1"},"south":{"uv":[0,0,0,1.75],"texture":"#1"},"west":{"uv":[3.75,6.5,4,8.25],"texture":"#1"},"up":{"uv":[0,0.25,0,0],"texture":"#1"},"down":{"uv":[0,0,0,0.25],"texture":"#1"}}},{"from":[8,9.46088,3.31703],"to":[8,13.46088,4.31703],"rotation":{"angle":-22.5,"axis":"x","origin":[8,13.46088,6.31703]},"faces":{"north":{"uv":[0,0,0,1],"texture":"#1"},"east":{"uv":[4.5,6.75,4.75,7.75],"texture":"#1"},"south":{"uv":[0,0,0,1],"texture":"#1"},"west":{"uv":[6,6.75,6.25,7.75],"texture":"#1"},"up":{"uv":[0,0.25,0,0],"texture":"#1"},"down":{"uv":[0,0,0,0.25],"texture":"#1"}}},{"from":[8,12.93816,0.05505],"to":[8,17.93816,1.05505],"rotation":{"angle":-45,"axis":"x","origin":[8,16.93816,3.05505]},"faces":{"north":{"uv":[0,0,0,1.25],"texture":"#1"},"east":{"uv":[1,6.75,1.25,8],"texture":"#1"},"south":{"uv":[0,0,0,1.25],"texture":"#1"},"west":{"uv":[1.25,6.75,1.5,8],"texture":"#1"},"up":{"uv":[0,0.25,0,0],"texture":"#1"},"down":{"uv":[0,0,0,0.25],"texture":"#1"}}},{"from":[8,16.60954,-2.99642],"to":[8,17.60954,2.00358],"rotation":{"angle":22.5,"axis":"x","origin":[8.5,19.60954,-1.99642]},"faces":{"north":{"uv":[0,0,0,0.25],"texture":"#1"},"east":{"uv":[6.75,1.5,8,1.75],"texture":"#1"},"south":{"uv":[0,0,0,0.25],"texture":"#1"},"west":{"uv":[6.75,1.75,8,2],"texture":"#1"},"up":{"uv":[0,1.25,0,0],"texture":"#1"},"down":{"uv":[0,0,0,1.25],"texture":"#1"}}},{"from":[6.45,0,7.775],"to":[9.55,10,11],"rotation":{"angle":0,"axis":"y","origin":[0,-1,7]},"faces":{"north":{"uv":[0,0,0.75,2.5],"texture":"#1"},"east":{"uv":[0.75,0,1.5,2.5],"texture":"#1"},"south":{"uv":[1.5,0,2.25,2.5],"texture":"#1"},"west":{"uv":[2.25,0,3,2.5],"texture":"#1"},"up":{"uv":[6.25,6.75,5.5,6],"texture":"#1"},"down":{"uv":[7,5.5,6.25,6.25],"texture":"#1"}}},{"from":[6.5,8.85403,6.23882],"to":[9.5,14.85403,9.23882],"rotation":{"angle":-22.5,"axis":"x","origin":[8,13.85403,7.23882]},"faces":{"north":{"uv":[0,2.5,0.75,4],"texture":"#1"},"east":{"uv":[0.75,2.5,1.5,4],"texture":"#1"},"south":{"uv":[1.5,2.5,2.25,4],"texture":"#1"},"west":{"uv":[2.25,2.5,3,4],"texture":"#1"},"up":{"uv":[7,7,6.25,6.25],"texture":"#1"},"down":{"uv":[2.75,6.5,2,7.25],"texture":"#1"}}}],"gui_light":"front","display":{"thirdperson_righthand":{"translation":[0,8,2],"scale":[0.75,0.75,0.75]},"thirdperson_lefthand":{"translation":[0,7,2],"scale":[0.6,0.6,0.6]},"firstperson_righthand":{"rotation":[1.75,0,0],"translation":[4.75,5.5,0],"scale":[0.5,0.5,0.5]},"firstperson_lefthand":{"rotation":[1.75,0,0],"translation":[4.75,5.5,0],"scale":[0.5,0.5,0.5]},"ground":{"rotation":[-45,0,0],"translation":[0,6.5,0],"scale":[0.4,0.4,0.4]},"gui":{"rotation":[-90,-67.5,-90],"translation":[-1.5,3.5,0],"scale":[0.5,0.5,0.5]},"fixed":{"rotation":[-90,67,90],"translation":[2,4.5,-0.5],"scale":[0.7,0.7,0.7]}}}