{"display":{"thirdperson_righthand":{"rotation":[70,0,0],"translation":[-5.5,-5,8.5],"scale":[2.5,2.5,2.5]},"thirdperson_lefthand":{"rotation":[70,0,0],"translation":[-5.5,-5,8.5],"scale":[2.5,2.5,2.5]},"firstperson_righthand":{"scale":[0,0,0]},"firstperson_lefthand":{"scale":[0,0,0]},"ground":{"translation":[0,1.75,0],"scale":[0.7,0.7,0.7]},"gui":{"rotation":[0,49,0],"translation":[-1.75,16.75,0],"scale":[4,4,4]},"head":{"translation":[0,-14.25,3.5],"scale":[4,4,4]},"fixed":{"rotation":[0,180,0],"translation":[0,11.5,-0.5],"scale":[3,3,3]}},"textures":{"0":"itemsadder:item/all_black_cat_tail/19","particle":"itemsadder:item/all_black_cat_tail/19"},"elements":[{"from":[7.8,3.23202,8.68008],"to":[8.1,5.73202,8.88008],"rotation":{"angle":-45,"axis":"x","origin":[8.00697,4.23418,8.22385]},"faces":{"north":{"uv":[3.334,0,4.731,5.83],"texture":"#0"},"east":{"uv":[1.334,0,2.731,5.83],"texture":"#0"},"south":{"uv":[0,0,1.398,5.83],"texture":"#0"},"west":{"uv":[2,0,3.398,5.83],"texture":"#0"},"up":{"uv":[0,0,1.398,5.83],"texture":"#0"},"down":{"uv":[0,0,1.398,5.83],"texture":"#0"}}},{"from":[7.8,2.63202,8.98008],"to":[8.1,3.63202,9.18008],"rotation":{"angle":-22.5,"axis":"x","origin":[8.00697,4.23418,8.22385]},"faces":{"north":{"uv":[0,0,1.398,5.83],"texture":"#0"},"east":{"uv":[0,0,1.398,5.83],"texture":"#0"},"south":{"uv":[0,0,1.398,5.83],"texture":"#0"},"west":{"uv":[0,0,1.398,5.83],"texture":"#0"},"up":{"uv":[0,0,1.398,5.83],"texture":"#0"},"down":{"uv":[0,0,1.398,5.83],"texture":"#0"}}},{"from":[7.4,2.23202,9.48008],"to":[7.7,3.23202,9.68008],"rotation":{"angle":22.5,"axis":"z","origin":[8.00697,4.23418,8.22385]},"faces":{"north":{"uv":[0,0,1.398,5.83],"texture":"#0"},"east":{"uv":[0,0,1.398,5.83],"texture":"#0"},"south":{"uv":[0,0,1.398,5.83],"texture":"#0"},"west":{"uv":[0,0,1.398,5.83],"texture":"#0"},"up":{"uv":[0,0,1.398,5.83],"texture":"#0"},"down":{"uv":[0,0,1.398,5.83],"texture":"#0"}}},{"from":[7.4,1.93202,9.48008],"to":[7.7,2.23202,9.68008],"rotation":{"angle":22.5,"axis":"z","origin":[8.00697,4.23418,8.22385]},"faces":{"north":{"uv":[1.334,6.667,2.731,7.83],"texture":"#0"},"east":{"uv":[1.334,6.667,2.731,7.83],"texture":"#0"},"south":{"uv":[1.334,6.667,2.731,7.83],"texture":"#0"},"west":{"uv":[1.334,6.667,2.731,7.83],"texture":"#0"},"up":{"uv":[1.334,6.667,2.731,7.83],"texture":"#0"},"down":{"uv":[1.334,6.667,2.731,7.83],"texture":"#0"}}}]}