{"display":{"thirdperson_righthand":{"rotation":[67.5,0,0],"translation":[-5.5,-4.75,7.75],"scale":[2.5,2.5,2.5]},"thirdperson_lefthand":{"rotation":[70,0,0],"translation":[-5.5,-5,8.5],"scale":[2.5,2.5,2.5]},"firstperson_righthand":{"scale":[0,0,0]},"firstperson_lefthand":{"scale":[0,0,0]},"ground":{"translation":[0,1.75,0],"scale":[0.7,0.7,0.7]},"gui":{"rotation":[25,-45,0],"translation":[1.5,3,0],"scale":[3.7,3.7,3.7]},"head":{"translation":[0,-14.25,3.5],"scale":[4,4,4]},"fixed":{"rotation":[0,180,0],"translation":[0,2,-0.75],"scale":[4,4,4]}},"textures":{"0":"itemsadder:item/black_backpack/27","particle":"itemsadder:item/black_backpack/27"},"elements":[{"from":[6.6,5.8,8],"to":[9.4,9.1,9.2],"faces":{"north":{"uv":[10.286,2.286,15.941,6.727],"texture":"#0"},"east":{"uv":[8,2.286,10.227,6.727],"texture":"#0"},"south":{"uv":[2.286,2.286,7.942,6.728],"texture":"#0"},"west":{"uv":[0,2.286,2.227,6.727],"texture":"#0"},"up":{"uv":[2.286,0,7.941,2.156],"texture":"#0"},"down":{"uv":[8,0,13.656,2.156],"texture":"#0"}}},{"from":[6.8,6,9.2],"to":[9.2,7.3,9.6],"faces":{"north":{"uv":[10.286,2.286,15.941,6.727],"texture":"#missing"},"east":{"uv":[2.286,7.428,3.369,10.155],"texture":"#0"},"south":{"uv":[2.286,7.428,7.941,10.155],"texture":"#0"},"west":{"uv":[2.286,7.428,3.369,10.155],"texture":"#0"},"up":{"uv":[2.286,7.428,7.941,8.441],"texture":"#0"},"down":{"uv":[2.286,0.572,7.941,1.583],"texture":"#0"}}},{"from":[8.9,5.9,7.9],"to":[9.1,9,8.1],"faces":{"north":{"uv":[2.286,3.429,4.513,4],"texture":"#0"},"east":{"uv":[2.286,3.429,4.513,4],"texture":"#0"},"south":{"uv":[2.286,3.429,4.513,4],"texture":"#0"},"west":{"uv":[2.286,3.429,4.513,4],"texture":"#0"},"up":{"uv":[1.714,2.857,3.941,3.428],"texture":"#0"},"down":{"uv":[2.286,3.429,4.513,4],"texture":"#0"}}},{"from":[6.9,5.9,7.9],"to":[7.1,9,8.1],"faces":{"north":{"uv":[2.286,3.429,4.513,4],"texture":"#0"},"east":{"uv":[2.286,3.429,4.513,4],"texture":"#0"},"south":{"uv":[2.286,3.429,4.513,4],"texture":"#0"},"west":{"uv":[2.286,3.429,4.513,4],"texture":"#0"},"up":{"uv":[2.286,3.429,4.513,4],"texture":"#0"},"down":{"uv":[2.286,3.429,4.513,4],"texture":"#0"}}},{"from":[8.9,5.9,7.9],"to":[9.1,9,8.1],"color":5,"faces":{"north":{"uv":[2.286,3.429,4.513,4],"texture":"#missing"},"east":{"uv":[2.286,3.429,4.513,4],"texture":"#missing"},"south":{"uv":[2.286,3.429,4.513,4],"texture":"#missing"},"west":{"uv":[2.286,3.429,4.513,4],"texture":"#missing"},"up":{"uv":[1.714,2.857,3.941,3.428],"texture":"#missing"},"down":{"uv":[2.286,3.429,4.513,4],"texture":"#missing"}}}]}