{"display":{"thirdperson_righthand":{"rotation":[70,0,0],"translation":[-5.5,-5,8.5],"scale":[2.5,2.5,2.5]},"thirdperson_lefthand":{"rotation":[70,0,0],"translation":[-5.5,-5,8.5],"scale":[2.5,2.5,2.5]},"firstperson_righthand":{"scale":[0,0,0]},"firstperson_lefthand":{"scale":[0,0,0]},"ground":{"translation":[0,1.75,0],"scale":[0.7,0.7,0.7]},"gui":{"translation":[0,0.75,0],"scale":[1.3,1.3,1.3]},"head":{"translation":[0,-14.25,3.5],"scale":[4,4,4]},"fixed":{"rotation":[0,180,0],"translation":[0,0,-0.25],"scale":[1.5,1.5,1.5]}},"textures":{"0":"itemsadder:item/demoniac_blue_wings/17","particle":"itemsadder:item/demoniac_blue_wings/17"},"elements":[{"name":"14_map_2","from":[2.96667,3.73333,7.8],"to":[3.3,11.73333,8.13333],"rotation":{"angle":22.5,"axis":"y","origin":[7,7.9,8]},"faces":{"north":{"uv":[1.66667,8.66667,2,0.66667],"rotation":180,"texture":"#0"},"east":{"uv":[1.66667,0.66667,2,8.66667],"texture":"#0"},"south":{"uv":[1.66667,0.66667,2,8.66667],"texture":"#0"},"west":{"uv":[1.66667,0.66667,2,8.66667],"texture":"#0"},"up":{"uv":[2,0.66667,1.66667,1],"rotation":180,"texture":"#0"},"down":{"uv":[1.66667,8.33333,2,8.66667],"texture":"#0"}}},{"name":"14_map_4","from":[2.63333,3.06667,7.8],"to":[2.96667,11.06667,8.13333],"rotation":{"angle":22.5,"axis":"y","origin":[7,7.9,8]},"faces":{"north":{"uv":[1.33333,9.33333,1.66667,1.33333],"rotation":180,"texture":"#0"},"east":{"uv":[1.33333,1.33333,1.66667,9.33333],"texture":"#0"},"south":{"uv":[1.33333,1.33333,1.66667,9.33333],"texture":"#0"},"west":{"uv":[1.33333,1.33333,1.66667,9.33333],"texture":"#0"},"up":{"uv":[1.66667,1.33333,1.33333,1.66667],"rotation":180,"texture":"#0"},"down":{"uv":[1.33333,9,1.66667,9.33333],"texture":"#0"}}},{"name":"14_map_6","from":[2.3,2.73333,7.8],"to":[2.63333,10.73333,8.13333],"rotation":{"angle":22.5,"axis":"y","origin":[7,7.9,8]},"faces":{"north":{"uv":[1,9.66667,1.33333,1.66667],"rotation":180,"texture":"#0"},"east":{"uv":[1,1.66667,1.33333,9.66667],"texture":"#0"},"south":{"uv":[1,1.66667,1.33333,9.66667],"texture":"#0"},"west":{"uv":[1,1.66667,1.33333,9.66667],"texture":"#0"},"up":{"uv":[1.33333,1.66667,1,2],"rotation":180,"texture":"#0"},"down":{"uv":[1,9.33333,1.33333,9.66667],"texture":"#0"}}},{"name":"14_map_8","from":[3.3,4.4,7.8],"to":[3.63333,10.4,8.13333],"rotation":{"angle":22.5,"axis":"y","origin":[7,7.9,8]},"faces":{"north":{"uv":[2,8,2.33333,2],"rotation":180,"texture":"#0"},"east":{"uv":[2,2,2.33333,8],"texture":"#0"},"south":{"uv":[2,2,2.33333,8],"texture":"#0"},"west":{"uv":[2,2,2.33333,8],"texture":"#0"},"up":{"uv":[2.33333,2,2,2.33333],"rotation":180,"texture":"#0"},"down":{"uv":[2,7.66667,2.33333,8],"texture":"#0"}}},{"name":"14_map_10","from":[1.96667,3.06667,7.8],"to":[2.3,10.06667,8.13333],"rotation":{"angle":22.5,"axis":"y","origin":[7,7.9,8]},"faces":{"north":{"uv":[0.66667,9.33333,1,2.33333],"rotation":180,"texture":"#0"},"east":{"uv":[0.66667,2.33333,1,9.33333],"texture":"#0"},"south":{"uv":[0.66667,2.33333,1,9.33333],"texture":"#0"},"west":{"uv":[0.66667,2.33333,1,9.33333],"texture":"#0"},"up":{"uv":[1,2.33333,0.66667,2.66667],"rotation":180,"texture":"#0"},"down":{"uv":[0.66667,9,1,9.33333],"texture":"#0"}}},{"name":"14_map_12","from":[3.63333,4.06667,7.8],"to":[4.3,9.4,8.13333],"rotation":{"angle":22.5,"axis":"y","origin":[7,7.9,8]},"faces":{"north":{"uv":[2.33333,8.33333,3,3],"rotation":180,"texture":"#0"},"east":{"uv":[2.66667,3,3,8.33333],"texture":"#0"},"south":{"uv":[2.33333,3,3,8.33333],"texture":"#0"},"west":{"uv":[2.33333,3,2.66667,8.33333],"texture":"#0"},"up":{"uv":[3,3,2.33333,3.33333],"rotation":180,"texture":"#0"},"down":{"uv":[2.33333,8,3,8.33333],"texture":"#0"}}},{"name":"14_map_14","from":[4.3,4.73333,7.8],"to":[4.96667,9.06667,8.13333],"rotation":{"angle":22.5,"axis":"y","origin":[7,7.9,8]},"faces":{"north":{"uv":[3,7.66667,3.66667,3.33333],"rotation":180,"texture":"#0"},"east":{"uv":[3.33333,3.33333,3.66667,7.66667],"texture":"#0"},"south":{"uv":[3,3.33333,3.66667,7.66667],"texture":"#0"},"west":{"uv":[3,3.33333,3.33333,7.66667],"texture":"#0"},"up":{"uv":[3.66667,3.33333,3,3.66667],"rotation":180,"texture":"#0"},"down":{"uv":[3,7.33333,3.66667,7.66667],"texture":"#0"}}},{"name":"14_map_16","from":[1.63333,4.4,7.8],"to":[1.96667,8.73333,8.13333],"rotation":{"angle":22.5,"axis":"y","origin":[7,7.9,8]},"faces":{"north":{"uv":[0.33333,8,0.66667,3.66667],"rotation":180,"texture":"#0"},"east":{"uv":[0.33333,3.66667,0.66667,8],"texture":"#0"},"south":{"uv":[0.33333,3.66667,0.66667,8],"texture":"#0"},"west":{"uv":[0.33333,3.66667,0.66667,8],"texture":"#0"},"up":{"uv":[0.66667,3.66667,0.33333,4],"rotation":180,"texture":"#0"},"down":{"uv":[0.33333,7.66667,0.66667,8],"texture":"#0"}}},{"name":"14_map_17","from":[4.96667,7.06667,7.8],"to":[6.63333,8.73333,8.13333],"rotation":{"angle":22.5,"axis":"y","origin":[7,7.9,8]},"faces":{"north":{"uv":[3.66667,5.33333,5.33333,3.66667],"rotation":180,"texture":"#0"},"east":{"uv":[5,3.66667,5.33333,5.33333],"texture":"#0"},"south":{"uv":[3.66667,3.66667,5.33333,5.33333],"texture":"#0"},"west":{"uv":[3.66667,3.66667,4,5.33333],"texture":"#0"},"up":{"uv":[5.33333,3.66667,3.66667,4],"rotation":180,"texture":"#0"},"down":{"uv":[3.66667,5,5.33333,5.33333],"texture":"#0"}}},{"name":"14_map_18","from":[6.63333,7.73333,7.8],"to":[7.3,8.73333,8.13333],"rotation":{"angle":22.5,"axis":"y","origin":[7,7.9,8]},"faces":{"north":{"uv":[5.33333,4.66667,6,3.66667],"rotation":180,"texture":"#0"},"east":{"uv":[5.66667,3.66667,6,4.66667],"texture":"#0"},"south":{"uv":[5.33333,3.66667,6,4.66667],"texture":"#0"},"west":{"uv":[5.33333,3.66667,5.66667,4.66667],"texture":"#0"},"up":{"uv":[6,3.66667,5.33333,4],"rotation":180,"texture":"#0"},"down":{"uv":[5.33333,4.33333,6,4.66667],"texture":"#0"}}},{"name":"14_map_19","from":[7.3,8.4,7.8],"to":[7.63333,8.73333,8.13333],"rotation":{"angle":22.5,"axis":"y","origin":[7,7.9,8]},"faces":{"north":{"uv":[6,4,6.33333,3.66667],"rotation":180,"texture":"#0"},"east":{"uv":[6,3.66667,6.33333,4],"texture":"#0"},"south":{"uv":[6,3.66667,6.33333,4],"texture":"#0"},"west":{"uv":[6,3.66667,6.33333,4],"texture":"#0"},"up":{"uv":[6.33333,3.66667,6,4],"rotation":180,"texture":"#0"},"down":{"uv":[6,3.66667,6.33333,4],"texture":"#0"}}},{"name":"14_map_24","from":[4.96667,6.06667,7.8],"to":[5.96667,7.06667,8.13333],"rotation":{"angle":22.5,"axis":"y","origin":[7,7.9,8]},"faces":{"north":{"uv":[3.66667,6.33333,4.66667,5.33333],"rotation":180,"texture":"#0"},"east":{"uv":[4.33333,5.33333,4.66667,6.33333],"texture":"#0"},"south":{"uv":[3.66667,5.33333,4.66667,6.33333],"texture":"#0"},"west":{"uv":[3.66667,5.33333,4,6.33333],"texture":"#0"},"up":{"uv":[4.66667,5.33333,3.66667,5.66667],"rotation":180,"texture":"#0"},"down":{"uv":[3.66667,6,4.66667,6.33333],"texture":"#0"}}},{"name":"14_map_25","from":[5.96667,6.4,7.8],"to":[6.3,7.06667,8.13333],"rotation":{"angle":22.5,"axis":"y","origin":[7,7.9,8]},"faces":{"north":{"uv":[4.66667,6,5,5.33333],"rotation":180,"texture":"#0"},"east":{"uv":[4.66667,5.33333,5,6],"texture":"#0"},"south":{"uv":[4.66667,5.33333,5,6],"texture":"#0"},"west":{"uv":[4.66667,5.33333,5,6],"texture":"#0"},"up":{"uv":[5,5.33333,4.66667,5.66667],"rotation":180,"texture":"#0"},"down":{"uv":[4.66667,5.66667,5,6],"texture":"#0"}}},{"name":"14_map_28","from":[4.96667,5.73333,7.8],"to":[5.3,6.06667,8.13333],"rotation":{"angle":22.5,"axis":"y","origin":[7,7.9,8]},"faces":{"north":{"uv":[3.66667,6.66667,4,6.33333],"rotation":180,"texture":"#0"},"east":{"uv":[3.66667,6.33333,4,6.66667],"texture":"#0"},"south":{"uv":[3.66667,6.33333,4,6.66667],"texture":"#0"},"west":{"uv":[3.66667,6.33333,4,6.66667],"texture":"#0"},"up":{"uv":[4,6.33333,3.66667,6.66667],"rotation":180,"texture":"#0"},"down":{"uv":[3.66667,6.33333,4,6.66667],"texture":"#0"}}},{"name":"14_map_30","from":[4.3,3.73333,7.8],"to":[4.63333,4.73333,8.13333],"rotation":{"angle":22.5,"axis":"y","origin":[7,7.9,8]},"faces":{"north":{"uv":[3,8.66667,3.33333,7.66667],"rotation":180,"texture":"#0"},"east":{"uv":[3,7.66667,3.33333,8.66667],"texture":"#0"},"south":{"uv":[3,7.66667,3.33333,8.66667],"texture":"#0"},"west":{"uv":[3,7.66667,3.33333,8.66667],"texture":"#0"},"up":{"uv":[3.33333,7.66667,3,8],"rotation":180,"texture":"#0"},"down":{"uv":[3,8.33333,3.33333,8.66667],"texture":"#0"}}},{"name":"14_map_0","from":[3.3,11.73333,7.8],"to":[3.63333,12.06667,8.13333],"rotation":{"angle":22.5,"axis":"y","origin":[7,7.9,8]},"faces":{"north":{"uv":[2,0.66667,2.33333,0.33333],"rotation":180,"texture":"#0"},"east":{"uv":[2,0.33333,2.33333,0.66667],"texture":"#0"},"south":{"uv":[2,0.33333,2.33333,0.66667],"texture":"#0"},"west":{"uv":[2,0.33333,2.33333,0.66667],"texture":"#0"},"up":{"uv":[2.33333,0.33333,2,0.66667],"rotation":180,"texture":"#0"},"down":{"uv":[2,0.33333,2.33333,0.66667],"texture":"#0"}}},{"name":"14_map_7","from":[13.3,2.73333,7.8],"to":[13.63333,10.73333,8.13333],"rotation":{"angle":-22.5,"axis":"y","origin":[9,7.9,8]},"faces":{"north":{"uv":[12,9.66667,12.33333,1.66667],"rotation":180,"texture":"#0"},"east":{"uv":[12,1.66667,12.33333,9.66667],"texture":"#0"},"south":{"uv":[12,1.66667,12.33333,9.66667],"texture":"#0"},"west":{"uv":[12,1.66667,12.33333,9.66667],"texture":"#0"},"up":{"uv":[12.33333,1.66667,12,2],"rotation":180,"texture":"#0"},"down":{"uv":[12,9.33333,12.33333,9.66667],"texture":"#0"}}},{"name":"14_map_21","from":[13.96667,4.4,7.8],"to":[14.3,8.73333,8.13333],"rotation":{"angle":-22.5,"axis":"y","origin":[9,7.9,8]},"faces":{"north":{"uv":[12.66667,8,13,3.66667],"rotation":180,"texture":"#0"},"east":{"uv":[12.66667,3.66667,13,8],"texture":"#0"},"south":{"uv":[12.66667,3.66667,13,8],"texture":"#0"},"west":{"uv":[12.66667,3.66667,13,8],"texture":"#0"},"up":{"uv":[13,3.66667,12.66667,4],"rotation":180,"texture":"#0"},"down":{"uv":[12.66667,7.66667,13,8],"texture":"#0"}}},{"name":"14_map_11","from":[13.63333,3.06667,7.8],"to":[13.96667,10.06667,8.13333],"rotation":{"angle":-22.5,"axis":"y","origin":[9,7.9,8]},"faces":{"north":{"uv":[12.33333,9.33333,12.66667,2.33333],"rotation":180,"texture":"#0"},"east":{"uv":[12.33333,2.33333,12.66667,9.33333],"texture":"#0"},"south":{"uv":[12.33333,2.33333,12.66667,9.33333],"texture":"#0"},"west":{"uv":[12.33333,2.33333,12.66667,9.33333],"texture":"#0"},"up":{"uv":[12.66667,2.33333,12.33333,2.66667],"rotation":180,"texture":"#0"},"down":{"uv":[12.33333,9,12.66667,9.33333],"texture":"#0"}}},{"name":"14_map_5","from":[12.96667,3.06667,7.8],"to":[13.3,11.06667,8.13333],"rotation":{"angle":-22.5,"axis":"y","origin":[9,7.9,8]},"faces":{"north":{"uv":[11.66667,9.33333,12,1.33333],"rotation":180,"texture":"#0"},"east":{"uv":[11.66667,1.33333,12,9.33333],"texture":"#0"},"south":{"uv":[11.66667,1.33333,12,9.33333],"texture":"#0"},"west":{"uv":[11.66667,1.33333,12,9.33333],"texture":"#0"},"up":{"uv":[12,1.33333,11.66667,1.66667],"rotation":180,"texture":"#0"},"down":{"uv":[11.66667,9,12,9.33333],"texture":"#0"}}},{"name":"14_map_3","from":[12.63333,3.73333,7.8],"to":[12.96667,11.73333,8.13333],"rotation":{"angle":-22.5,"axis":"y","origin":[9,7.9,8]},"faces":{"north":{"uv":[11.33333,8.66667,11.66667,0.66667],"rotation":180,"texture":"#0"},"east":{"uv":[11.33333,0.66667,11.66667,8.66667],"texture":"#0"},"south":{"uv":[11.33333,0.66667,11.66667,8.66667],"texture":"#0"},"west":{"uv":[11.33333,0.66667,11.66667,8.66667],"texture":"#0"},"up":{"uv":[11.66667,0.66667,11.33333,1],"rotation":180,"texture":"#0"},"down":{"uv":[11.33333,8.33333,11.66667,8.66667],"texture":"#0"}}},{"name":"14_map_9","from":[12.3,4.4,7.8],"to":[12.63333,10.4,8.13333],"rotation":{"angle":-22.5,"axis":"y","origin":[9,7.9,8]},"faces":{"north":{"uv":[11,8,11.33333,2],"rotation":180,"texture":"#0"},"east":{"uv":[11,2,11.33333,8],"texture":"#0"},"south":{"uv":[11,2,11.33333,8],"texture":"#0"},"west":{"uv":[11,2,11.33333,8],"texture":"#0"},"up":{"uv":[11.33333,2,11,2.33333],"rotation":180,"texture":"#0"},"down":{"uv":[11,7.66667,11.33333,8],"texture":"#0"}}},{"name":"14_map_13","from":[11.63333,4.06667,7.8],"to":[12.3,9.4,8.13333],"rotation":{"angle":-22.5,"axis":"y","origin":[9,7.9,8]},"faces":{"north":{"uv":[10.33333,8.33333,11,3],"rotation":180,"texture":"#0"},"east":{"uv":[10.66667,3,11,8.33333],"texture":"#0"},"south":{"uv":[10.33333,3,11,8.33333],"texture":"#0"},"west":{"uv":[10.33333,3,10.66667,8.33333],"texture":"#0"},"up":{"uv":[11,3,10.33333,3.33333],"rotation":180,"texture":"#0"},"down":{"uv":[10.33333,8,11,8.33333],"texture":"#0"}}},{"name":"14_map_31","from":[11.3,3.73333,7.8],"to":[11.63333,4.73333,8.13333],"rotation":{"angle":-22.5,"axis":"y","origin":[9,7.9,8]},"faces":{"north":{"uv":[10,8.66667,10.33333,7.66667],"rotation":180,"texture":"#0"},"east":{"uv":[10,7.66667,10.33333,8.66667],"texture":"#0"},"south":{"uv":[10,7.66667,10.33333,8.66667],"texture":"#0"},"west":{"uv":[10,7.66667,10.33333,8.66667],"texture":"#0"},"up":{"uv":[10.33333,7.66667,10,8],"rotation":180,"texture":"#0"},"down":{"uv":[10,8.33333,10.33333,8.66667],"texture":"#0"}}},{"name":"14_map_15","from":[10.96667,4.73333,7.8],"to":[11.63333,9.06667,8.13333],"rotation":{"angle":-22.5,"axis":"y","origin":[9,7.9,8]},"faces":{"north":{"uv":[9.66667,7.66667,10.33333,3.33333],"rotation":180,"texture":"#0"},"east":{"uv":[10,3.33333,10.33333,7.66667],"texture":"#0"},"south":{"uv":[9.66667,3.33333,10.33333,7.66667],"texture":"#0"},"west":{"uv":[9.66667,3.33333,10,7.66667],"texture":"#0"},"up":{"uv":[10.33333,3.33333,9.66667,3.66667],"rotation":180,"texture":"#0"},"down":{"uv":[9.66667,7.33333,10.33333,7.66667],"texture":"#0"}}},{"name":"14_map_27","from":[9.96667,6.06667,7.8],"to":[10.96667,6.4,8.13333],"rotation":{"angle":-22.5,"axis":"y","origin":[9,7.9,8]},"faces":{"north":{"uv":[8.66667,6.33333,9.66667,6],"rotation":180,"texture":"#0"},"east":{"uv":[9.33333,6,9.66667,6.33333],"texture":"#0"},"south":{"uv":[8.66667,6,9.66667,6.33333],"texture":"#0"},"west":{"uv":[8.66667,6,9,6.33333],"texture":"#0"},"up":{"uv":[9.66667,6,8.66667,6.33333],"rotation":180,"texture":"#0"},"down":{"uv":[8.66667,6,9.66667,6.33333],"texture":"#0"}}},{"name":"14_map_29","from":[10.63333,5.73333,7.8],"to":[10.96667,6.06667,8.13333],"rotation":{"angle":-22.5,"axis":"y","origin":[9,7.9,8]},"faces":{"north":{"uv":[9.33333,6.66667,9.66667,6.33333],"rotation":180,"texture":"#0"},"east":{"uv":[9.33333,6.33333,9.66667,6.66667],"texture":"#0"},"south":{"uv":[9.33333,6.33333,9.66667,6.66667],"texture":"#0"},"west":{"uv":[9.33333,6.33333,9.66667,6.66667],"texture":"#0"},"up":{"uv":[9.66667,6.33333,9.33333,6.66667],"rotation":180,"texture":"#0"},"down":{"uv":[9.33333,6.33333,9.66667,6.66667],"texture":"#0"}}},{"name":"14_map_26","from":[9.63333,6.4,7.8],"to":[10.96667,7.06667,8.13333],"rotation":{"angle":-22.5,"axis":"y","origin":[9,7.9,8]},"faces":{"north":{"uv":[8.33333,6,9.66667,5.33333],"rotation":180,"texture":"#0"},"east":{"uv":[9.33333,5.33333,9.66667,6],"texture":"#0"},"south":{"uv":[8.33333,5.33333,9.66667,6],"texture":"#0"},"west":{"uv":[8.33333,5.33333,8.66667,6],"texture":"#0"},"up":{"uv":[9.66667,5.33333,8.33333,5.66667],"rotation":180,"texture":"#0"},"down":{"uv":[8.33333,5.66667,9.66667,6],"texture":"#0"}}},{"name":"14_map_23","from":[9.3,7.06667,7.8],"to":[10.96667,7.73333,8.13333],"rotation":{"angle":-22.5,"axis":"y","origin":[9,7.9,8]},"faces":{"north":{"uv":[8,5.33333,9.66667,4.66667],"rotation":180,"texture":"#0"},"east":{"uv":[9.33333,4.66667,9.66667,5.33333],"texture":"#0"},"south":{"uv":[8,4.66667,9.66667,5.33333],"texture":"#0"},"west":{"uv":[8,4.66667,8.33333,5.33333],"texture":"#0"},"up":{"uv":[9.66667,4.66667,8,5],"rotation":180,"texture":"#0"},"down":{"uv":[8,5,9.66667,5.33333],"texture":"#0"}}},{"name":"14_map_20","from":[8.3,8.4,7.8],"to":[10.96667,8.73333,8.13333],"rotation":{"angle":-22.5,"axis":"y","origin":[9,7.9,8]},"faces":{"north":{"uv":[7,4,9.66667,3.66667],"rotation":180,"texture":"#0"},"east":{"uv":[9.33333,3.66667,9.66667,4],"texture":"#0"},"south":{"uv":[7,3.66667,9.66667,4],"texture":"#0"},"west":{"uv":[7,3.66667,7.33333,4],"texture":"#0"},"up":{"uv":[9.66667,3.66667,7,4],"rotation":180,"texture":"#0"},"down":{"uv":[7,3.66667,9.66667,4],"texture":"#0"}}},{"name":"14_map_22","from":[8.63333,7.73333,7.8],"to":[10.96667,8.4,8.13333],"rotation":{"angle":-22.5,"axis":"y","origin":[9,7.9,8]},"faces":{"north":{"uv":[7.33333,4.66667,9.66667,4],"rotation":180,"texture":"#0"},"east":{"uv":[9.33333,4,9.66667,4.66667],"texture":"#0"},"south":{"uv":[7.33333,4,9.66667,4.66667],"texture":"#0"},"west":{"uv":[7.33333,4,7.66667,4.66667],"texture":"#0"},"up":{"uv":[9.66667,4,7.33333,4.33333],"rotation":180,"texture":"#0"},"down":{"uv":[7.33333,4.33333,9.66667,4.66667],"texture":"#0"}}},{"name":"14_map_1","from":[12.3,11.73333,7.8],"to":[12.63333,12.06667,8.13333],"rotation":{"angle":-22.5,"axis":"y","origin":[9,7.9,8]},"faces":{"north":{"uv":[11,0.66667,11.33333,0.33333],"rotation":180,"texture":"#0"},"east":{"uv":[11,0.33333,11.33333,0.66667],"texture":"#0"},"south":{"uv":[11,0.33333,11.33333,0.66667],"texture":"#0"},"west":{"uv":[11,0.33333,11.33333,0.66667],"texture":"#0"},"up":{"uv":[11.33333,0.33333,11,0.66667],"rotation":180,"texture":"#0"},"down":{"uv":[11,0.33333,11.33333,0.66667],"texture":"#0"}}}]}