{"credit":"MadewithBlockbench","texture_size":[64,64],"textures":{"0":"itemy:czapki/ocelothelmet","particle":"itemy:czapki/ocelothelmet"},"elements":[{"name":"ocelot","from":[6.5,9,1],"to":[9.5,11,3],"rotation":{"angle":0,"axis":"y","origin":[14,17,9]},"faces":{"north":{"uv":[0.5,0.5,1.25,1],"texture":"#0"},"east":{"uv":[0,0.5,0.5,1],"texture":"#0"},"south":{"uv":[1.75,0.5,2.5,1],"texture":"#0"},"west":{"uv":[1.25,0.5,1.75,1],"texture":"#0"},"up":{"uv":[1.25,0.5,0.5,0],"texture":"#0"},"down":{"uv":[2,0,1.25,0.5],"texture":"#0"}}},{"name":"ocelot","from":[3,3,3],"to":[13,13,3],"rotation":{"angle":0,"axis":"y","origin":[11,11,11]},"faces":{"north":{"uv":[5,2.5,7.5,5],"texture":"#0"},"east":{"uv":[5,2.5,5,5],"texture":"#0"},"south":{"uv":[7.5,2.5,10,5],"texture":"#0"},"west":{"uv":[7.5,2.5,7.5,5],"texture":"#0"},"up":{"uv":[7.5,2.5,5,2.5],"texture":"#0"},"down":{"uv":[10,2.5,7.5,2.5],"texture":"#0"}}},{"name":"ocelot","from":[3,3,13],"to":[13,13,13],"rotation":{"angle":0,"axis":"y","origin":[11,11,21]},"faces":{"north":{"uv":[5,5,7.5,7.5],"texture":"#0"},"east":{"uv":[5,5,5,7.5],"texture":"#0"},"south":{"uv":[7.5,5,10,7.5],"texture":"#0"},"west":{"uv":[7.5,5,7.5,7.5],"texture":"#0"},"up":{"uv":[7.5,5,5,5],"texture":"#0"},"down":{"uv":[10,5,7.5,5],"texture":"#0"}}},{"name":"ocelot","from":[13,3,3],"to":[13,13,13],"rotation":{"angle":0,"axis":"y","origin":[21,11,11]},"faces":{"north":{"uv":[2.5,5,2.5,7.5],"texture":"#0"},"east":{"uv":[0,5,2.5,7.5],"texture":"#0"},"south":{"uv":[5,5,5,7.5],"texture":"#0"},"west":{"uv":[2.5,5,5,7.5],"texture":"#0"},"up":{"uv":[2.5,5,2.5,2.5],"texture":"#0"},"down":{"uv":[2.5,2.5,2.5,5],"texture":"#0"}}},{"name":"ocelot","from":[3,3,3],"to":[3,13,13],"rotation":{"angle":0,"axis":"y","origin":[11,11,11]},"faces":{"north":{"uv":[2.5,2.5,2.5,5],"texture":"#0"},"east":{"uv":[0,2.5,2.5,5],"texture":"#0"},"south":{"uv":[5,2.5,5,5],"texture":"#0"},"west":{"uv":[2.5,2.5,5,5],"texture":"#0"},"up":{"uv":[2.5,2.5,2.5,0],"texture":"#0"},"down":{"uv":[2.5,0,2.5,2.5],"texture":"#0"}}},{"name":"ocelot","from":[3,13,3],"to":[13,13,13],"rotation":{"angle":0,"axis":"y","origin":[11,21,11]},"faces":{"north":{"uv":[2.5,2.5,5,2.5],"texture":"#0"},"east":{"uv":[0,2.5,2.5,2.5],"texture":"#0"},"south":{"uv":[7.5,2.5,10,2.5],"texture":"#0"},"west":{"uv":[5,2.5,7.5,2.5],"texture":"#0"},"up":{"uv":[5,2.5,2.5,0],"texture":"#0"},"down":{"uv":[7.5,0,5,2.5],"texture":"#0"}}},{"name":"ocelot","from":[4,13,9],"to":[6,15,13],"rotation":{"angle":0,"axis":"y","origin":[12,21,17]},"faces":{"north":{"uv":[4,8.5,4.5,9],"texture":"#0"},"east":{"uv":[3,8.5,4,9],"texture":"#0"},"south":{"uv":[5.5,8.5,6,9],"texture":"#0"},"west":{"uv":[4.5,8.5,5.5,9],"texture":"#0"},"up":{"uv":[4.5,8.5,4,7.5],"texture":"#0"},"down":{"uv":[5,7.5,4.5,8.5],"texture":"#0"}}},{"name":"ocelot","from":[10,13,9],"to":[12,15,13],"rotation":{"angle":0,"axis":"y","origin":[18,21,17]},"faces":{"north":{"uv":[1,8.5,1.5,9],"texture":"#0"},"east":{"uv":[0,8.5,1,9],"texture":"#0"},"south":{"uv":[2.5,8.5,3,9],"texture":"#0"},"west":{"uv":[1.5,8.5,2.5,9],"texture":"#0"},"up":{"uv":[1.5,8.5,1,7.5],"texture":"#0"},"down":{"uv":[2,7.5,1.5,8.5],"texture":"#0"}}}],"display":{"thirdperson_righthand":{"rotation":[90,25,0],"translation":[0,1,1],"scale":[0.4,0.4,0.4]},"thirdperson_lefthand":{"rotation":[90,25,0],"translation":[0,1,1],"scale":[0.4,0.4,0.4]},"firstperson_righthand":{"rotation":[0,120,0],"translation":[1,4,1],"scale":[0.4,0.4,0.4]},"firstperson_lefthand":{"rotation":[0,120,0],"translation":[1,4,1],"scale":[0.4,0.4,0.4]},"ground":{"scale":[0.5,0.5,0.5]},"gui":{"rotation":[16,135,0],"translation":[0,-1,0],"scale":[0.9,0.9,0.9]},"head":{"scale":[1.45,1.45,1.45]}}}