{"display":{"thirdperson_righthand":{"translation":[0,5.5,0]},"thirdperson_lefthand":{"translation":[0,6,0]},"firstperson_righthand":{"translation":[0,6,0]},"firstperson_lefthand":{"translation":[0,6.25,0]},"ground":{"translation":[0,5.5,0]},"gui":{"rotation":[32.75,-27.5,0],"translation":[0.25,5.25,0],"scale":[1.41211,1.41211,1.41211]},"head":{"translation":[0,-0.75,0],"scale":[3.8,3.8,3.8]},"fixed":{"translation":[0,9.25,-1],"scale":[2,2.29,2]}},"texture_size":[32,32],"textures":{"1":"furniturespack:item/pot2furniture"},"elements":[{"from":[5.5,0,5.5],"to":[10.5,4,10.5],"rotation":{"angle":0,"axis":"y","origin":[8,0.125,7.9875]},"faces":{"north":{"uv":[2.5,0,5,2],"texture":"#1"},"east":{"uv":[2.5,2,5,4],"texture":"#1"},"south":{"uv":[2.5,4,5,6],"texture":"#1"},"west":{"uv":[0,5,2.5,7],"texture":"#1"},"up":{"uv":[2.5,2.5,0,0],"texture":"#1"},"down":{"uv":[2.5,2.5,0,5],"texture":"#1"}}},{"from":[3.5,1,8],"to":[5.5,5,8],"rotation":{"angle":0,"axis":"y","origin":[8,0.125,7.9875]},"faces":{"north":{"uv":[5,3,6,5],"texture":"#1"},"east":{"uv":[0,0,0,2],"texture":"#1"},"south":{"uv":[5,5,6,7],"texture":"#1"},"west":{"uv":[0,0,0,2],"texture":"#1"},"up":{"uv":[1,0,0,0],"texture":"#1"},"down":{"uv":[1,0,0,0],"texture":"#1"}}},{"from":[10.5,1,8],"to":[12.5,5,8],"rotation":{"angle":0,"axis":"y","origin":[8,0.125,7.9875]},"faces":{"north":{"uv":[2.5,6,3.5,8],"texture":"#1"},"east":{"uv":[0,0,0,2],"texture":"#1"},"south":{"uv":[6,3,7,5],"texture":"#1"},"west":{"uv":[0,0,0,2],"texture":"#1"},"up":{"uv":[1,0,0,0],"texture":"#1"},"down":{"uv":[1,0,0,0],"texture":"#1"}}},{"from":[6.5,4,6.5],"to":[9.5,6,9.5],"rotation":{"angle":0,"axis":"y","origin":[8,0.125,7.9875]},"faces":{"north":{"uv":[3.5,6,5,7],"texture":"#1"},"east":{"uv":[6.5,2,8,3],"texture":"#1"},"south":{"uv":[0,7,1.5,8],"texture":"#1"},"west":{"uv":[7,3,8.5,4],"texture":"#1"},"up":{"uv":[6.5,1.5,5,0],"texture":"#1"},"down":{"uv":[6.5,1.5,5,3],"texture":"#1"}}},{"from":[7,6,6],"to":[9,8,7],"rotation":{"angle":0,"axis":"y","origin":[8,0.125,7.9875]},"faces":{"north":{"uv":[1.5,7,2.5,8],"texture":"#1"},"east":{"uv":[7.5,7,8,8],"texture":"#1"},"south":{"uv":[3.5,7,4.5,8],"texture":"#1"},"west":{"uv":[0,8,0.5,9],"texture":"#1"},"up":{"uv":[1.5,8.5,0.5,8],"texture":"#1"},"down":{"uv":[2.5,8,1.5,8.5],"texture":"#1"}}},{"from":[7,6,8.95],"to":[9,8,9.95],"rotation":{"angle":0,"axis":"y","origin":[8,0.125,7.9875]},"faces":{"north":{"uv":[7,4,8,5],"texture":"#1"},"east":{"uv":[8,2,8.5,3],"texture":"#1"},"south":{"uv":[4.5,7,5.5,8],"texture":"#1"},"west":{"uv":[2.5,8,3,9],"texture":"#1"},"up":{"uv":[4,8.5,3,8],"texture":"#1"},"down":{"uv":[5,8,4,8.5],"texture":"#1"}}},{"from":[6,6,6],"to":[7,8,9.95],"rotation":{"angle":0,"axis":"y","origin":[8,0.125,7.9875]},"faces":{"north":{"uv":[8,4,8.5,5],"texture":"#1"},"east":{"uv":[6,5,8,6],"texture":"#1"},"south":{"uv":[5,8,5.5,9],"texture":"#1"},"west":{"uv":[6,6,8,7],"texture":"#1"},"up":{"uv":[6,9,5.5,7],"texture":"#1"},"down":{"uv":[6.5,7,6,9],"texture":"#1"}}},{"from":[9,6,6],"to":[10,8,9.95],"rotation":{"angle":0,"axis":"y","origin":[8,0.125,7.9875]},"faces":{"north":{"uv":[8,5,8.5,6],"texture":"#1"},"east":{"uv":[6.5,0,8.5,1],"texture":"#1"},"south":{"uv":[8,6,8.5,7],"texture":"#1"},"west":{"uv":[6.5,1,8.5,2],"texture":"#1"},"up":{"uv":[7,9,6.5,7],"texture":"#1"},"down":{"uv":[7.5,7,7,9],"texture":"#1"}}}]}