{"display":{"thirdperson_righthand":{"translation":[0.75,1.75,0],"scale":[0.54102,0.54102,0.54102]},"thirdperson_lefthand":{"translation":[0.25,1.5,0],"scale":[0.54102,0.54102,0.54102]},"firstperson_righthand":{"translation":[0,3,1.25],"scale":[0.54102,0.54102,0.54102]},"firstperson_lefthand":{"translation":[0,2,0.75],"scale":[0.54102,0.54102,0.54102]},"ground":{"scale":[0.68164,0.68164,0.68164]},"gui":{"rotation":[32.5,-47.25,0],"translation":[0.25,-0.75,0],"scale":[0.5918,0.5918,0.5918]},"head":{"translation":[0.5,-26,-1.25],"scale":[2.5,2.5,2.5]},"fixed":{"translation":[0.5,-4.75,-3.75]}},"texture_size":[64,64],"textures":{"2":"furniturespack:item/propellerfurniture","particle":"item/propellerfurniture"},"elements":[{"from":[5.25,18,6],"to":[10.25,21,11],"rotation":{"angle":0,"axis":"y","origin":[7.75,20.56522,8.5]},"faces":{"north":{"uv":[6,5.5,7.25,6.25],"texture":"#2"},"east":{"uv":[6,6.25,7.25,7],"texture":"#2"},"south":{"uv":[0,6.5,1.25,7.25],"texture":"#2"},"west":{"uv":[1.25,6.5,2.5,7.25],"texture":"#2"},"up":{"uv":[7,1.25,5.75,0],"texture":"#2"},"down":{"uv":[7,1.25,5.75,2.5],"texture":"#2"}}},{"from":[6,8,6.75],"to":[9.5,18,10.25],"rotation":{"angle":0,"axis":"y","origin":[7.75,20.56522,8.5]},"faces":{"north":{"uv":[4,4,5,6.5],"texture":"#2"},"east":{"uv":[4.75,0,5.75,2.5],"texture":"#2"},"south":{"uv":[5,2.5,6,5],"texture":"#2"},"west":{"uv":[5,5,6,7.5],"texture":"#2"},"up":{"uv":[1.75,8.25,0.75,7.25],"texture":"#2"},"down":{"uv":[8.25,5.5,7.25,6.5],"texture":"#2"}}},{"from":[9.5,8,8.5],"to":[11.75,13,8.5],"rotation":{"angle":0,"axis":"y","origin":[7.75,20.56522,8.5]},"faces":{"north":{"uv":[2.5,6.5,3.25,7.75],"texture":"#2"},"east":{"uv":[0,0,0,1.25],"texture":"#2"},"south":{"uv":[3.25,6.5,4,7.75],"texture":"#2"},"west":{"uv":[0,0,0,1.25],"texture":"#2"},"up":{"uv":[0.75,0,0,0],"texture":"#2"},"down":{"uv":[0.75,0,0,0],"texture":"#2"}}},{"from":[3.75,8,8.5],"to":[6,13,8.5],"rotation":{"angle":0,"axis":"y","origin":[7.75,20.56522,8.5]},"faces":{"north":{"uv":[4,6.5,4.75,7.75],"texture":"#2"},"east":{"uv":[0,0,0,1.25],"texture":"#2"},"south":{"uv":[7,0,7.75,1.25],"texture":"#2"},"west":{"uv":[0,0,0,1.25],"texture":"#2"},"up":{"uv":[0.75,0,0,0],"texture":"#2"},"down":{"uv":[0.75,0,0,0],"texture":"#2"}}},{"from":[7.75,8,4.5],"to":[7.75,13,6.75],"rotation":{"angle":0,"axis":"y","origin":[7.75,20.56522,8.5]},"faces":{"north":{"uv":[0,0,0,1.25],"texture":"#2"},"east":{"uv":[7,1.25,7.75,2.5],"texture":"#2"},"south":{"uv":[0,0,0,1.25],"texture":"#2"},"west":{"uv":[6,7,6.75,8.25],"texture":"#2"},"up":{"uv":[0,0.75,0,0],"texture":"#2"},"down":{"uv":[0,0,0,0.75],"texture":"#2"}}},{"from":[7.75,8,10.25],"to":[7.75,13,12.5],"rotation":{"angle":0,"axis":"y","origin":[7.75,20.56522,8.5]},"faces":{"north":{"uv":[0,0,0,1.25],"texture":"#2"},"east":{"uv":[6.75,7,7.5,8.25],"texture":"#2"},"south":{"uv":[0,0,0,1.25],"texture":"#2"},"west":{"uv":[0,7.25,0.75,8.5],"texture":"#2"},"up":{"uv":[0,0.75,0,0],"texture":"#2"},"down":{"uv":[0,0,0,0.75],"texture":"#2"}}},{"from":[3.75,5,4.5],"to":[11.75,8,12.5],"rotation":{"angle":0,"axis":"y","origin":[7.75,20.56522,8.5]},"faces":{"north":{"uv":[6,2.5,8,3.25],"texture":"#2"},"east":{"uv":[6,3.25,8,4],"texture":"#2"},"south":{"uv":[6,4,8,4.75],"texture":"#2"},"west":{"uv":[6,4.75,8,5.5],"texture":"#2"},"up":{"uv":[2,2,0,0],"texture":"#2"},"down":{"uv":[2,2,0,4],"texture":"#2"}}},{"from":[-9.75,6.5,6.5],"to":[0.75,6.5,10.5],"rotation":{"angle":0,"axis":"y","origin":[7.75,20.56522,8.5]},"faces":{"north":{"uv":[0,0,2.75,0],"texture":"#2"},"east":{"uv":[0,0,1,0],"texture":"#2"},"south":{"uv":[0,0,2.75,0],"texture":"#2"},"west":{"uv":[0,0,1,0],"texture":"#2"},"up":{"uv":[4.75,1,2,0],"texture":"#2"},"down":{"uv":[4.75,1,2,2],"texture":"#2"}}},{"from":[0.75,6,6.5],"to":[3.75,7,10.5],"rotation":{"angle":0,"axis":"y","origin":[7.75,20.56522,8.5]},"faces":{"north":{"uv":[8,4,8.75,4.25],"texture":"#2"},"east":{"uv":[3.25,7.75,4.25,8],"texture":"#2"},"south":{"uv":[8,4.25,8.75,4.5],"texture":"#2"},"west":{"uv":[8,2.5,9,2.75],"texture":"#2"},"up":{"uv":[2.5,8.25,1.75,7.25],"texture":"#2"},"down":{"uv":[5.5,7.5,4.75,8.5],"texture":"#2"}}},{"from":[5.75,6,1.5],"to":[9.75,7,4.5],"rotation":{"angle":0,"axis":"y","origin":[7.75,20.56522,8.5]},"faces":{"north":{"uv":[8,2.75,9,3],"texture":"#2"},"east":{"uv":[8,4.5,8.75,4.75],"texture":"#2"},"south":{"uv":[8,3,9,3.25],"texture":"#2"},"west":{"uv":[8,4.75,8.75,5],"texture":"#2"},"up":{"uv":[8.5,7.25,7.5,6.5],"texture":"#2"},"down":{"uv":[8.5,7.25,7.5,8],"texture":"#2"}}},{"from":[5.75,6.5,-8.5],"to":[9.75,6.5,1.5],"rotation":{"angle":0,"axis":"y","origin":[7.75,20.56522,8.5]},"faces":{"north":{"uv":[0,0,1,0],"texture":"#2"},"east":{"uv":[0,0,2.5,0],"texture":"#2"},"south":{"uv":[0,0,1,0],"texture":"#2"},"west":{"uv":[0,0,2.5,0],"texture":"#2"},"up":{"uv":[1,6.5,0,4],"texture":"#2"},"down":{"uv":[2,4,1,6.5],"texture":"#2"}}},{"from":[5.75,6.5,15.5],"to":[9.75,6.5,25.5],"rotation":{"angle":0,"axis":"y","origin":[7.75,20.56522,8.5]},"faces":{"north":{"uv":[0,0,1,0],"texture":"#2"},"east":{"uv":[0,0,2.5,0],"texture":"#2"},"south":{"uv":[0,0,1,0],"texture":"#2"},"west":{"uv":[0,0,2.5,0],"texture":"#2"},"up":{"uv":[3,6.5,2,4],"texture":"#2"},"down":{"uv":[4,4,3,6.5],"texture":"#2"}}},{"from":[5.75,6,12.5],"to":[9.75,7,15.5],"rotation":{"angle":0,"axis":"y","origin":[7.75,20.56522,8.5]},"faces":{"north":{"uv":[3.25,8,4.25,8.25],"texture":"#2"},"east":{"uv":[8,5,8.75,5.25],"texture":"#2"},"south":{"uv":[8,3.25,9,3.5],"texture":"#2"},"west":{"uv":[8,5.25,8.75,5.5],"texture":"#2"},"up":{"uv":[8.75,0.75,7.75,0],"texture":"#2"},"down":{"uv":[8.75,0.75,7.75,1.5],"texture":"#2"}}},{"from":[11.75,6,6.5],"to":[14.75,7,10.5],"rotation":{"angle":0,"axis":"y","origin":[7.75,20.56522,8.5]},"faces":{"north":{"uv":[7.5,8,8.25,8.25],"texture":"#2"},"east":{"uv":[8,3.5,9,3.75],"texture":"#2"},"south":{"uv":[0.75,8.25,1.5,8.5],"texture":"#2"},"west":{"uv":[8,3.75,9,4],"texture":"#2"},"up":{"uv":[8.5,2.5,7.75,1.5],"texture":"#2"},"down":{"uv":[3.25,7.75,2.5,8.75],"texture":"#2"}}},{"from":[14.75,6.5,6.5],"to":[25.25,6.5,10.5],"rotation":{"angle":0,"axis":"y","origin":[7.75,20.56522,8.5]},"faces":{"north":{"uv":[0,0,2.75,0],"texture":"#2"},"east":{"uv":[0,0,1,0],"texture":"#2"},"south":{"uv":[0,0,2.75,0],"texture":"#2"},"west":{"uv":[0,0,1,0],"texture":"#2"},"up":{"uv":[4.75,3,2,2],"texture":"#2"},"down":{"uv":[4.75,3,2,4],"texture":"#2"}}}]}