{"credit":"MadebyPolygonMC","texture_size":[20,20],"textures":{"0":"deceaseset:item/animation_1","1":"deceaseset:item/spear","particle":"deceaseset:item/animation_1"},"elements":[{"from":[7.44,-0.06,7.44],"to":[8.56,1.06,8.56],"rotation":{"angle":-45,"axis":"x","origin":[8,0.5,8]},"faces":{"north":{"uv":[2.4,12,3.2,12.8],"texture":"#1"},"east":{"uv":[5.6,12,6.4,12.8],"texture":"#1"},"south":{"uv":[6.4,12,7.2,12.8],"texture":"#1"},"west":{"uv":[7.2,12,8,12.8],"texture":"#1"},"up":{"uv":[8.8,12.8,8,12],"texture":"#1"},"down":{"uv":[9.6,12,8.8,12.8],"texture":"#1"}}},{"from":[7.5,0.7,7.5],"to":[8.5,1.7,8.5],"rotation":{"angle":0,"axis":"x","origin":[8,1.2,8]},"faces":{"north":{"uv":[9.6,12,10.4,12.8],"texture":"#1"},"east":{"uv":[12,9.6,12.8,10.4],"texture":"#1"},"south":{"uv":[12,10.4,12.8,11.2],"texture":"#1"},"west":{"uv":[12,11.2,12.8,12],"texture":"#1"},"up":{"uv":[12.8,12.8,12,12],"texture":"#1"},"down":{"uv":[13.6,0,12.8,0.8],"texture":"#1"}}},{"from":[7.5,4.7,7.5],"to":[8.5,5.7,8.5],"rotation":{"angle":0,"axis":"x","origin":[8,1.2,8]},"faces":{"north":{"uv":[12.8,0.8,13.6,1.6],"texture":"#1"},"east":{"uv":[12.8,1.6,13.6,2.4],"texture":"#1"},"south":{"uv":[2.4,12.8,3.2,13.6],"texture":"#1"},"west":{"uv":[12.8,2.4,13.6,3.2],"texture":"#1"},"up":{"uv":[4,13.6,3.2,12.8],"texture":"#1"},"down":{"uv":[13.6,3.2,12.8,4],"texture":"#1"}}},{"from":[7.5,8.7,7.5],"to":[8.5,9.7,8.5],"rotation":{"angle":0,"axis":"x","origin":[8,-0.8,8]},"faces":{"north":{"uv":[4,12.8,4.8,13.6],"texture":"#1"},"east":{"uv":[12.8,4,13.6,4.8],"texture":"#1"},"south":{"uv":[4.8,12.8,5.6,13.6],"texture":"#1"},"west":{"uv":[12.8,4.8,13.6,5.6],"texture":"#1"},"up":{"uv":[6.4,13.6,5.6,12.8],"texture":"#1"},"down":{"uv":[13.6,5.6,12.8,6.4],"texture":"#1"}}},{"from":[7.5,17.7,7.5],"to":[8.5,18.7,8.5],"rotation":{"angle":0,"axis":"x","origin":[8,-0.8,8]},"faces":{"north":{"uv":[11.2,12.8,12,13.6],"texture":"#1"},"east":{"uv":[12,12.8,12.8,13.6],"texture":"#1"},"south":{"uv":[12.8,12,13.6,12.8],"texture":"#1"},"west":{"uv":[12.8,12.8,13.6,13.6],"texture":"#1"},"up":{"uv":[0.8,14.4,0,13.6],"texture":"#1"},"down":{"uv":[14.4,0,13.6,0.8],"texture":"#1"}}},{"from":[7.5,2.7,7.5],"to":[8.5,3.7,8.5],"rotation":{"angle":0,"axis":"x","origin":[8,3.2,8]},"faces":{"north":{"uv":[6.4,12.8,7.2,13.6],"texture":"#1"},"east":{"uv":[12.8,6.4,13.6,7.2],"texture":"#1"},"south":{"uv":[7.2,12.8,8,13.6],"texture":"#1"},"west":{"uv":[12.8,7.2,13.6,8],"texture":"#1"},"up":{"uv":[8.8,13.6,8,12.8],"texture":"#1"},"down":{"uv":[13.6,8,12.8,8.8],"texture":"#1"}}},{"from":[7.4,18.58341,10.34531],"to":[8.6,20.58341,12.34531],"rotation":{"angle":-45,"axis":"x","origin":[8,16.23809,8]},"faces":{"north":{"uv":[8,5.6,9,7.2],"texture":"#1"},"east":{"uv":[3.2,6.4,4.8,8],"texture":"#1"},"south":{"uv":[8,7.2,9,8.8],"texture":"#1"},"west":{"uv":[6.4,3.2,8,4.8],"texture":"#1"},"up":{"uv":[7.4,10.4,6.4,8.8],"texture":"#1"},"down":{"uv":[9,8.8,8,10.4],"texture":"#1"}}},{"from":[7.2,20.21908,7.25],"to":[8.8,21.71908,8.75],"rotation":{"angle":45,"axis":"x","origin":[8,20.96908,8]},"faces":{"north":{"uv":[9.6,0,10.8,1.2],"texture":"#1"},"east":{"uv":[9.6,1.6,10.8,2.8],"texture":"#1"},"south":{"uv":[9.6,3.2,10.8,4.4],"texture":"#1"},"west":{"uv":[9.6,4.8,10.8,6],"texture":"#1"},"up":{"uv":[10.8,7.6,9.6,6.4],"texture":"#1"},"down":{"uv":[10.8,8,9.6,9.2],"texture":"#1"}}},{"from":[7.6,1.7,7.6],"to":[8.4,4.7,8.4],"rotation":{"angle":0,"axis":"x","origin":[8,2.2,8]},"faces":{"north":{"uv":[9.6,9.6,10.2,12],"texture":"#1"},"east":{"uv":[3.2,10.4,3.8,12.8],"texture":"#1"},"south":{"uv":[4,10.4,4.6,12.8],"texture":"#1"},"west":{"uv":[4.8,10.4,5.4,12.8],"texture":"#1"},"up":{"uv":[3,14.2,2.4,13.6],"texture":"#1"},"down":{"uv":[14.2,2.4,13.6,3],"texture":"#1"}}},{"from":[8,-1.1,6],"to":[8,0.9,10],"rotation":{"angle":0,"axis":"y","origin":[8,-0.5,6]},"faces":{"north":{"uv":[0,0,0,1.6],"texture":"#1"},"east":{"uv":[6.4,0,9.6,1.6],"texture":"#1"},"south":{"uv":[0,0,0,1.6],"texture":"#1"},"west":{"uv":[6.4,1.6,9.6,3.2],"texture":"#1"},"up":{"uv":[0,3.2,0,0],"texture":"#1"},"down":{"uv":[0,0,0,3.2],"texture":"#1"}}},{"from":[7.41,19.77263,6.37432],"to":[8.59,21.54263,7.55432],"rotation":{"angle":0,"axis":"x","origin":[8,22.40032,6.30431]},"faces":{"north":{"uv":[5.6,10.4,6.6,11.8],"texture":"#1"},"east":{"uv":[7.2,10.4,8.2,11.8],"texture":"#1"},"south":{"uv":[10.4,9.6,11.4,11],"texture":"#1"},"west":{"uv":[11.2,0,12.2,1.4],"texture":"#1"},"up":{"uv":[12.2,2.6,11.2,1.6],"texture":"#1"},"down":{"uv":[12.2,3.2,11.2,4.2],"texture":"#1"}}},{"from":[7.4985,21.11415,6.08823],"to":[8.5015,22.53015,7.09123],"rotation":{"angle":-22.5,"axis":"x","origin":[8,22.40032,6.30431]},"faces":{"north":{"uv":[8.8,10.4,9.6,11.6],"texture":"#1"},"east":{"uv":[0,12,0.8,13.2],"texture":"#1"},"south":{"uv":[0.8,12,1.6,13.2],"texture":"#1"},"west":{"uv":[1.6,12,2.4,13.2],"texture":"#1"},"up":{"uv":[9.6,13.6,8.8,12.8],"texture":"#1"}}},{"from":[7.587,22.31316,5.40978],"to":[8.413,23.13916,6.47178],"rotation":{"angle":45,"axis":"x","origin":[8,22.40032,6.30431]},"faces":{"north":{"uv":[3.2,13.6,3.8,14.2],"texture":"#1"},"east":{"uv":[0.8,13.6,1.6,14.2],"texture":"#1"},"west":{"uv":[13.6,0.8,14.4,1.4],"texture":"#1"},"up":{"uv":[2.2,14.4,1.6,13.6],"texture":"#1"},"down":{"uv":[14.2,1.6,13.6,2.4],"texture":"#1"}}},{"from":[7.646,23.17956,5.90359],"to":[8.354,24.00556,6.61159],"rotation":{"angle":-22.5,"axis":"x","origin":[8,22.40032,6.30431]},"faces":{"north":{"uv":[13.6,3.2,14.2,3.8],"texture":"#1"},"east":{"uv":[4,13.6,4.6,14.2],"texture":"#1"},"south":{"uv":[13.6,4,14.2,4.6],"texture":"#1"},"west":{"uv":[4.8,13.6,5.4,14.2],"texture":"#1"},"up":{"uv":[14.2,5.4,13.6,4.8],"texture":"#1"}}},{"from":[7.705,23.73001,5.3493],"to":[8.295,24.55601,5.9393],"rotation":{"angle":0,"axis":"x","origin":[8,22.40032,6.30431]},"faces":{"north":{"uv":[5.6,13.6,6,14.2],"texture":"#1"},"east":{"uv":[13.6,5.6,14,6.2],"texture":"#1"},"south":{"uv":[6.4,13.6,6.8,14.2],"texture":"#1"},"west":{"uv":[13.6,6.4,14,7],"texture":"#1"},"up":{"uv":[7.6,14,7.2,13.6],"texture":"#1"}}},{"from":[7.41,19.77263,8.44568],"to":[8.59,21.54263,9.62568],"rotation":{"angle":0,"axis":"x","origin":[8,22.40032,9.69569]},"faces":{"north":{"uv":[11.4,9.6,10.4,11],"texture":"#1"},"east":{"uv":[8.2,10.4,7.2,11.8],"texture":"#1"},"south":{"uv":[6.6,10.4,5.6,11.8],"texture":"#1"},"west":{"uv":[12.2,0,11.2,1.4],"texture":"#1"},"up":{"uv":[12.2,1.6,11.2,2.6],"texture":"#1"},"down":{"uv":[12.2,4.2,11.2,3.2],"texture":"#1"}}},{"from":[7.4985,21.11415,8.90877],"to":[8.5015,22.53015,9.91177],"rotation":{"angle":22.5,"axis":"x","origin":[8,22.40032,9.69569]},"faces":{"north":{"uv":[1.6,12,0.8,13.2],"texture":"#1"},"east":{"uv":[0.8,12,0,13.2],"texture":"#1"},"south":{"uv":[9.6,10.4,8.8,11.6],"texture":"#1"},"west":{"uv":[2.4,12,1.6,13.2],"texture":"#1"},"up":{"uv":[9.6,12.8,8.8,13.6],"texture":"#1"}}},{"from":[7.587,22.31316,9.52822],"to":[8.413,23.13916,10.59022],"rotation":{"angle":-45,"axis":"x","origin":[8,22.40032,9.69569]},"faces":{"east":{"uv":[1.6,13.6,0.8,14.2],"texture":"#1"},"south":{"uv":[3.8,13.6,3.2,14.2],"texture":"#1"},"west":{"uv":[14.4,0.8,13.6,1.4],"texture":"#1"},"up":{"uv":[2.2,13.6,1.6,14.4],"texture":"#1"},"down":{"uv":[14.2,2.4,13.6,1.6],"texture":"#1"}}},{"from":[7.646,23.17956,9.38841],"to":[8.354,24.00556,10.09641],"rotation":{"angle":22.5,"axis":"x","origin":[8,22.40032,9.69569]},"faces":{"north":{"uv":[14.2,4,13.6,4.6],"texture":"#1"},"east":{"uv":[4.6,13.6,4,14.2],"texture":"#1"},"south":{"uv":[14.2,3.2,13.6,3.8],"texture":"#1"},"west":{"uv":[5.4,13.6,4.8,14.2],"texture":"#1"},"up":{"uv":[14.2,4.8,13.6,5.4],"texture":"#1"}}},{"from":[7.705,23.73001,10.0607],"to":[8.295,24.55601,10.6507],"rotation":{"angle":0,"axis":"x","origin":[8,22.40032,9.69569]},"faces":{"north":{"uv":[6.8,13.6,6.4,14.2],"texture":"#1"},"east":{"uv":[14,5.6,13.6,6.2],"texture":"#1"},"south":{"uv":[6,13.6,5.6,14.2],"texture":"#1"},"west":{"uv":[14,6.4,13.6,7],"texture":"#1"},"up":{"uv":[7.6,13.6,7.2,14],"texture":"#1"}}},{"from":[7.75,17.52777,9.28968],"to":[8.25,19.52777,11.28968],"rotation":{"angle":-45,"axis":"x","origin":[8,16.23809,8]},"faces":{"north":{"uv":[12.8,8.8,13.2,10.4],"texture":"#1"},"east":{"uv":[4.8,6.4,6.4,8],"texture":"#1"},"south":{"uv":[9.6,12.8,10,14.4],"texture":"#1"},"west":{"uv":[6.4,4.8,8,6.4],"texture":"#1"},"up":{"uv":[10.8,14.4,10.4,12.8],"texture":"#1"},"down":{"uv":[13.2,10.4,12.8,12],"texture":"#1"}}},{"from":[7.4,5.7,7.4],"to":[8.6,8.7,8.6],"rotation":{"angle":0,"axis":"y","origin":[7,3.4,7]},"faces":{"north":{"uv":[6.4,6.4,7.4,8.8],"texture":"#1"},"east":{"uv":[3.2,8,4.2,10.4],"texture":"#1"},"south":{"uv":[8,3.2,9,5.6],"texture":"#1"},"west":{"uv":[4.8,8,5.8,10.4],"texture":"#1"},"up":{"uv":[12.2,5.8,11.2,4.8],"texture":"#1"},"down":{"uv":[12.2,6.4,11.2,7.4],"texture":"#1"}}},{"from":[7.4,9.7,7.4],"to":[8.6,17.7,8.6],"rotation":{"angle":0,"axis":"y","origin":[7,11.4,7]},"faces":{"north":{"uv":[0,5.6,1,12],"texture":"#1"},"east":{"uv":[0,5.6,1,12],"texture":"#1"},"south":{"uv":[0,5.6,1,12],"texture":"#1"},"west":{"uv":[0,5.6,1,12],"texture":"#1"},"up":{"uv":[12.2,9,11.2,8],"texture":"#1"},"down":{"uv":[11.4,11.2,10.4,12.2],"texture":"#1"}}},{"from":[8,21,6.05],"to":[8,28,9.95],"rotation":{"angle":0,"axis":"y","origin":[8,5,6.25]},"faces":{"north":{"uv":[0,0,0,5.6],"texture":"#1"},"east":{"uv":[3.2,0,0,5.6],"texture":"#1"},"south":{"uv":[0,0,0,5.6],"texture":"#1"},"west":{"uv":[0,0,3.2,5.6],"texture":"#1"},"up":{"uv":[0,3.2,0,0],"texture":"#1"},"down":{"uv":[0,0,0,3.2],"texture":"#1"}}},{"from":[7.1,17.4,4.5],"to":[7.1,24.4,11.5],"rotation":{"angle":0,"axis":"y","origin":[8,0,4.5]},"faces":{"north":{"uv":[0,0,0,14],"texture":"#0"},"south":{"uv":[0,0,0,14],"texture":"#0"},"west":{"uv":[0,0,14,14],"texture":"#0"},"up":{"uv":[0,14,0,0],"texture":"#0"},"down":{"uv":[0,0,0,14],"texture":"#0"}}},{"from":[8.9,17.4,4.5],"to":[8.9,24.4,11.5],"rotation":{"angle":0,"axis":"y","origin":[8,0,4.5]},"faces":{"north":{"uv":[0,0,0,14],"texture":"#0"},"east":{"uv":[14,0,0,14],"texture":"#0"},"south":{"uv":[0,0,0,14],"texture":"#0"},"up":{"uv":[0,14,0,0],"texture":"#0"},"down":{"uv":[0,0,0,14],"texture":"#0"}}}],"gui_light":"front","display":{"thirdperson_righthand":{"translation":[0,-6.25,1.5]},"thirdperson_lefthand":{"translation":[0,-6.25,1.5]},"firstperson_righthand":{"rotation":[-33,26,0],"translation":[-2,0.5,5.25]},"firstperson_lefthand":{"rotation":[-33,26,0],"translation":[-2,0.5,5.25]},"ground":{"translation":[0,9.5,0]},"gui":{"rotation":[90,-135,90],"translation":[-3,-2.75,0],"scale":[0.80273,0.80273,0.80273]},"head":{"scale":[0,0,0]},"fixed":{"rotation":[0,-90,0],"translation":[0,-6.25,-1.5],"scale":[1.73633,1.73633,1.73633]}}}