{"credit":"MadebyPolygonMC","texture_size":[24,24],"textures":{"0":"deceaseset:item/animation_1","1":"deceaseset:item/wings","particle":"deceaseset:item/animation_1"},"elements":[{"from":[9.29173,4.70827,7.4],"to":[11.29173,6.70827,8.6],"rotation":{"angle":-45,"axis":"z","origin":[8,8,8]},"faces":{"north":{"uv":[2.66667,12,4,13.33333],"texture":"#1"},"east":{"uv":[4,12,4.83333,13.33333],"texture":"#1"},"south":{"uv":[1.33333,12,2.66667,13.33333],"texture":"#1"},"west":{"uv":[5.33333,12,6.16667,13.33333],"texture":"#1"},"up":{"uv":[7.5,13.33333,6.66667,12],"rotation":90,"texture":"#1"},"down":{"uv":[8.83333,12,8,13.33333],"rotation":270,"texture":"#1"}}},{"from":[9.54173,4.95827,7.2],"to":[11.04173,6.45827,8.8],"rotation":{"angle":-45,"axis":"z","origin":[8,8,8]},"faces":{"north":{"uv":[1.33333,13.33333,2.33333,14.33333],"texture":"#1"},"east":{"uv":[9.33333,12,10.33333,13],"texture":"#1"},"south":{"uv":[10.66667,12,11.66667,13],"texture":"#1"},"west":{"uv":[12,12,13,13],"texture":"#1"},"up":{"uv":[3.66667,14.33333,2.66667,13.33333],"rotation":90,"texture":"#1"},"down":{"uv":[5,13.33333,4,14.33333],"rotation":270,"texture":"#1"}}},{"from":[9.33654,5.31931,7.41],"to":[11.10654,6.49931,8.59],"rotation":{"angle":-22.5,"axis":"z","origin":[8,8,8]},"faces":{"north":{"uv":[6.66667,13.33333,7.83333,14.16667],"texture":"#1"},"east":{"uv":[14,0,14.83333,0.83333],"texture":"#1"},"south":{"uv":[5.33333,13.33333,6.5,14.16667],"texture":"#1"},"west":{"uv":[14,1.33333,14.83333,2.16667],"texture":"#1"},"up":{"uv":[8.83333,14.5,8,13.33333],"rotation":90,"texture":"#1"},"down":{"uv":[10.16667,13.33333,9.33333,14.5],"rotation":270,"texture":"#1"}}},{"from":[9.8288,4.37426,7.4985],"to":[11.2448,5.37726,8.5015],"rotation":{"angle":0,"axis":"x","origin":[8,8,8]},"faces":{"north":{"uv":[14,3.33333,15,4],"texture":"#1"},"east":{"uv":[14,13.33333,14.66667,14],"texture":"#1"},"south":{"uv":[14,2.66667,15,3.33333],"texture":"#1"},"up":{"uv":[13.33333,14.33333,12.66667,13.33333],"rotation":90,"texture":"#1"},"down":{"uv":[14.66667,4,14,5],"rotation":270,"texture":"#1"}}},{"from":[9.62402,3.44639,7.587],"to":[10.68602,4.27239,8.413],"rotation":{"angle":22.5,"axis":"z","origin":[8,8,8]},"faces":{"north":{"uv":[0,14.66667,0.66667,15.16667],"texture":"#1"},"east":{"uv":[2,14.66667,2.5,15.16667],"texture":"#1"},"south":{"uv":[14,14,14.66667,14.5],"texture":"#1"},"up":{"uv":[1.16667,15.33333,0.66667,14.66667],"rotation":90,"texture":"#1"},"down":{"uv":[1.83333,14.66667,1.33333,15.33333],"rotation":270,"texture":"#1"}}},{"from":[11.89421,4.85391,7.646],"to":[12.72021,5.56191,8.354],"rotation":{"angle":0,"axis":"x","origin":[8,8,8]},"faces":{"north":{"uv":[4,14.66667,4.5,15.16667],"texture":"#1"},"east":{"uv":[2.66667,14.66667,3.16667,15.16667],"texture":"#1"},"south":{"uv":[3.33333,14.66667,3.83333,15.16667],"texture":"#1"},"up":{"uv":[15.16667,4.5,14.66667,4],"rotation":90,"texture":"#1"},"down":{"uv":[5.16667,14.66667,4.66667,15.16667],"rotation":270,"texture":"#1"}}},{"from":[13.29392,6.93435,7.705],"to":[14.11992,7.52435,8.295],"rotation":{"angle":-22.5,"axis":"z","origin":[8,8,8]},"faces":{"north":{"uv":[14.66667,12,15.16667,12.33333],"texture":"#1"},"east":{"uv":[13.33333,14.66667,13.66667,15],"texture":"#1"},"south":{"uv":[14.66667,11.33333,15.16667,11.66667],"texture":"#1"},"up":{"uv":[13,15.16667,12.66667,14.66667],"rotation":90,"texture":"#1"},"down":{"uv":[15,12.66667,14.66667,13.16667],"rotation":270,"texture":"#1"}}},{"from":[8.25289,5.60601,7.75],"to":[9.25289,6.60601,8.25],"rotation":{"angle":0,"axis":"x","origin":[8,8,8]},"faces":{"north":{"uv":[14.66667,6,14,6.66667],"rotation":270,"texture":"#1"},"east":{"uv":[15,5.33333,14.66667,6],"rotation":180,"texture":"#1"},"south":{"uv":[14.66667,5.33333,14,6],"rotation":90,"texture":"#1"},"west":{"uv":[6.33333,15.33333,6,14.66667],"texture":"#1"},"up":{"uv":[15,4.66667,14.66667,5.33333],"rotation":90,"texture":"#1"},"down":{"uv":[5.66667,14.66667,5.33333,15.33333],"rotation":90,"texture":"#1"}}},{"from":[8.25289,6.60601,7.75],"to":[10.25289,7.60601,8.25],"rotation":{"angle":0,"axis":"x","origin":[8,8,8]},"faces":{"north":{"uv":[12,13.33333,11.33333,14.66667],"rotation":270,"texture":"#1"},"east":{"uv":[15,6,14.66667,6.66667],"rotation":180,"texture":"#1"},"south":{"uv":[11.33333,13.33333,10.66667,14.66667],"rotation":90,"texture":"#1"},"west":{"uv":[7,15.33333,6.66667,14.66667],"texture":"#1"},"up":{"uv":[14.33333,6.66667,14,8],"rotation":90,"texture":"#1"},"down":{"uv":[14.33333,8,14,9.33333],"rotation":90,"texture":"#1"}}},{"from":[9.54794,5.84998,7.755],"to":[10.54794,6.84998,8.245],"rotation":{"angle":22.5,"axis":"z","origin":[8,8,8]},"faces":{"north":{"uv":[14.66667,10,14,10.66667],"rotation":270,"texture":"#1"},"east":{"uv":[15,7.33333,14.66667,8],"rotation":180,"texture":"#1"},"south":{"uv":[14.66667,9.33333,14,10],"rotation":90,"texture":"#1"},"west":{"uv":[8.33333,15.33333,8,14.66667],"texture":"#1"},"up":{"uv":[15,6.66667,14.66667,7.33333],"rotation":90,"texture":"#1"},"down":{"uv":[7.66667,14.66667,7.33333,15.33333],"rotation":90,"texture":"#1"}}},{"from":[11.8527,11.97689,7.755],"to":[12.8527,12.97689,8.245],"rotation":{"angle":-22.5,"axis":"z","origin":[8,8,8]},"faces":{"north":{"uv":[14.66667,11.33333,14,12],"texture":"#1"},"east":{"uv":[9,14.66667,8.66667,15.33333],"texture":"#1"},"south":{"uv":[14.66667,10.66667,14,11.33333],"texture":"#1"},"west":{"uv":[15,8,14.66667,8.66667],"texture":"#1"},"up":{"uv":[15,8.66667,14.66667,9.33333],"rotation":90,"texture":"#1"},"down":{"uv":[9.66667,15.33333,9.33333,14.66667],"rotation":270,"texture":"#1"}}},{"from":[13.38788,10.741,7.75],"to":[14.38788,11.741,8.25],"rotation":{"angle":0,"axis":"x","origin":[8,8,8]},"faces":{"north":{"uv":[14.66667,12.66667,14,13.33333],"rotation":270,"texture":"#1"},"east":{"uv":[15,10,14.66667,10.66667],"rotation":180,"texture":"#1"},"south":{"uv":[14.66667,12,14,12.66667],"rotation":90,"texture":"#1"},"west":{"uv":[11,15.33333,10.66667,14.66667],"texture":"#1"},"up":{"uv":[15,9.33333,14.66667,10],"rotation":90,"texture":"#1"},"down":{"uv":[10.33333,14.66667,10,15.33333],"rotation":90,"texture":"#1"}}},{"from":[9.96142,9.53121,7.76],"to":[10.96142,13.53121,8.24],"rotation":{"angle":-45,"axis":"z","origin":[8,8,8]},"faces":{"north":{"uv":[1.33333,12,0.66667,14.66667],"texture":"#1"},"east":{"uv":[13.66667,12,13.33333,14.66667],"texture":"#1"},"south":{"uv":[0.66667,12,0,14.66667],"texture":"#1"},"west":{"uv":[12.33333,13.33333,12,16],"texture":"#1"},"up":{"uv":[15,10.66667,14.66667,11.33333],"rotation":90,"texture":"#1"},"down":{"uv":[11.66667,15.33333,11.33333,14.66667],"rotation":270,"texture":"#1"}}},{"from":[8.725,-0.62311,8],"to":[29.725,17.37689,8],"rotation":{"angle":0,"axis":"y","origin":[8,8,8]},"faces":{"north":{"uv":[0,0,14,12],"texture":"#1"},"east":{"uv":[0,0,0,12],"texture":"#1"},"south":{"uv":[14,0,0,12],"texture":"#1"},"west":{"uv":[0,0,0,12],"texture":"#1"},"up":{"uv":[0,14,0,0],"rotation":90,"texture":"#1"},"down":{"uv":[0,0,0,14],"rotation":270,"texture":"#1"}}},{"from":[4.89346,5.31931,7.41],"to":[6.66346,6.49931,8.59],"rotation":{"angle":22.5,"axis":"z","origin":[8,8,8]},"faces":{"north":{"uv":[7.83333,13.33333,6.66667,14.16667],"texture":"#1"},"east":{"uv":[14.83333,1.33333,14,2.16667],"texture":"#1"},"south":{"uv":[6.5,13.33333,5.33333,14.16667],"texture":"#1"},"west":{"uv":[14.83333,0,14,0.83333],"texture":"#1"},"up":{"uv":[8.83333,13.33333,8,14.5],"rotation":90,"texture":"#1"},"down":{"uv":[10.16667,14.5,9.33333,13.33333],"rotation":270,"texture":"#1"}}},{"from":[4.7552,4.37426,7.4985],"to":[6.1712,5.37726,8.5015],"rotation":{"angle":0,"axis":"x","origin":[8,8,8]},"faces":{"north":{"uv":[15,3.33333,14,4],"texture":"#1"},"south":{"uv":[15,2.66667,14,3.33333],"texture":"#1"},"west":{"uv":[14.66667,13.33333,14,14],"texture":"#1"},"up":{"uv":[13.33333,13.33333,12.66667,14.33333],"rotation":90,"texture":"#1"},"down":{"uv":[14.66667,5,14,4],"rotation":270,"texture":"#1"}}},{"from":[5.31398,3.44639,7.587],"to":[6.37598,4.27239,8.413],"rotation":{"angle":-22.5,"axis":"z","origin":[8,8,8]},"faces":{"north":{"uv":[0.66667,14.66667,0,15.16667],"texture":"#1"},"south":{"uv":[14.66667,14,14,14.5],"texture":"#1"},"west":{"uv":[2.5,14.66667,2,15.16667],"texture":"#1"},"up":{"uv":[1.16667,14.66667,0.66667,15.33333],"rotation":90,"texture":"#1"},"down":{"uv":[1.83333,15.33333,1.33333,14.66667],"rotation":270,"texture":"#1"}}},{"from":[3.27979,4.85391,7.646],"to":[4.10579,5.56191,8.354],"rotation":{"angle":0,"axis":"x","origin":[8,8,8]},"faces":{"north":{"uv":[4.5,14.66667,4,15.16667],"texture":"#1"},"south":{"uv":[3.83333,14.66667,3.33333,15.16667],"texture":"#1"},"west":{"uv":[3.16667,14.66667,2.66667,15.16667],"texture":"#1"},"up":{"uv":[15.16667,4,14.66667,4.5],"rotation":90,"texture":"#1"},"down":{"uv":[5.16667,15.16667,4.66667,14.66667],"rotation":270,"texture":"#1"}}},{"from":[1.88008,6.93435,7.705],"to":[2.70608,7.52435,8.295],"rotation":{"angle":22.5,"axis":"z","origin":[8,8,8]},"faces":{"north":{"uv":[15.16667,12,14.66667,12.33333],"texture":"#1"},"south":{"uv":[15.16667,11.33333,14.66667,11.66667],"texture":"#1"},"west":{"uv":[13.66667,14.66667,13.33333,15],"texture":"#1"},"up":{"uv":[13,14.66667,12.66667,15.16667],"rotation":90,"texture":"#1"},"down":{"uv":[15,13.16667,14.66667,12.66667],"rotation":270,"texture":"#1"}}},{"from":[5.74711,6.60601,7.75],"to":[7.74711,7.60601,8.25],"rotation":{"angle":0,"axis":"x","origin":[8,8,8]},"faces":{"north":{"uv":[12,14.66667,11.33333,13.33333],"rotation":270,"texture":"#1"},"east":{"uv":[6.66667,15.33333,7,14.66667],"texture":"#1"},"south":{"uv":[11.33333,14.66667,10.66667,13.33333],"rotation":90,"texture":"#1"},"west":{"uv":[14.66667,6,15,6.66667],"rotation":180,"texture":"#1"},"up":{"uv":[14.33333,8,14,6.66667],"rotation":90,"texture":"#1"},"down":{"uv":[14.33333,9.33333,14,8],"rotation":90,"texture":"#1"}}},{"from":[5.45206,5.84998,7.755],"to":[6.45206,6.84998,8.245],"rotation":{"angle":-22.5,"axis":"z","origin":[8,8,8]},"faces":{"north":{"uv":[14.66667,10.66667,14,10],"rotation":270,"texture":"#1"},"east":{"uv":[8,15.33333,8.33333,14.66667],"texture":"#1"},"south":{"uv":[14.66667,10,14,9.33333],"rotation":90,"texture":"#1"},"west":{"uv":[14.66667,7.33333,15,8],"rotation":180,"texture":"#1"},"up":{"uv":[15,7.33333,14.66667,6.66667],"rotation":90,"texture":"#1"},"down":{"uv":[7.66667,15.33333,7.33333,14.66667],"rotation":90,"texture":"#1"}}},{"from":[3.1473,11.97689,7.755],"to":[4.1473,12.97689,8.245],"rotation":{"angle":22.5,"axis":"z","origin":[8,8,8]},"faces":{"north":{"uv":[14,11.33333,14.66667,12],"texture":"#1"},"east":{"uv":[14.66667,8,15,8.66667],"texture":"#1"},"south":{"uv":[14,10.66667,14.66667,11.33333],"texture":"#1"},"west":{"uv":[8.66667,14.66667,9,15.33333],"texture":"#1"},"up":{"uv":[15,9.33333,14.66667,8.66667],"rotation":90,"texture":"#1"},"down":{"uv":[9.66667,14.66667,9.33333,15.33333],"rotation":270,"texture":"#1"}}},{"from":[1.61212,10.741,7.75],"to":[2.61212,11.741,8.25],"rotation":{"angle":0,"axis":"x","origin":[8,8,8]},"faces":{"north":{"uv":[14.66667,13.33333,14,12.66667],"rotation":270,"texture":"#1"},"east":{"uv":[10.66667,15.33333,11,14.66667],"texture":"#1"},"south":{"uv":[14.66667,12.66667,14,12],"rotation":90,"texture":"#1"},"west":{"uv":[14.66667,10,15,10.66667],"rotation":180,"texture":"#1"},"up":{"uv":[15,10,14.66667,9.33333],"rotation":90,"texture":"#1"},"down":{"uv":[10.33333,15.33333,10,14.66667],"rotation":90,"texture":"#1"}}},{"from":[5.03858,9.53121,7.76],"to":[6.03858,13.53121,8.24],"rotation":{"angle":45,"axis":"z","origin":[8,8,8]},"faces":{"north":{"uv":[0.66667,12,1.33333,14.66667],"texture":"#1"},"east":{"uv":[12,13.33333,12.33333,16],"texture":"#1"},"south":{"uv":[0,12,0.66667,14.66667],"texture":"#1"},"west":{"uv":[13.33333,12,13.66667,14.66667],"texture":"#1"},"up":{"uv":[15,11.33333,14.66667,10.66667],"rotation":90,"texture":"#1"},"down":{"uv":[11.66667,14.66667,11.33333,15.33333],"rotation":270,"texture":"#1"}}},{"from":[-13.725,-0.62311,8],"to":[7.275,17.37689,8],"rotation":{"angle":0,"axis":"y","origin":[8,8,8]},"faces":{"north":{"uv":[14,0,0,12],"texture":"#1"},"east":{"uv":[0,0,0,12],"texture":"#1"},"south":{"uv":[0,0,14,12],"texture":"#1"},"west":{"uv":[0,0,0,12],"texture":"#1"},"up":{"uv":[0,0,0,14],"rotation":90,"texture":"#1"},"down":{"uv":[0,14,0,0],"rotation":270,"texture":"#1"}}},{"from":[6.74711,5.60601,7.75],"to":[7.74711,6.60601,8.25],"rotation":{"angle":0,"axis":"x","origin":[8,8,8]},"faces":{"north":{"uv":[14.66667,6.66667,14,6],"rotation":270,"texture":"#1"},"east":{"uv":[6,15.33333,6.33333,14.66667],"texture":"#1"},"south":{"uv":[14.66667,6,14,5.33333],"rotation":90,"texture":"#1"},"west":{"uv":[14.66667,5.33333,15,6],"rotation":180,"texture":"#1"},"up":{"uv":[15,5.33333,14.66667,4.66667],"rotation":90,"texture":"#1"},"down":{"uv":[5.66667,15.33333,5.33333,14.66667],"rotation":90,"texture":"#1"}}},{"from":[4.5,1.3,7.1],"to":[11.5,8.3,7.1],"rotation":{"angle":0,"axis":"y","origin":[8,11.5,8]},"faces":{"north":{"uv":[0,0,14,14],"texture":"#0"},"east":{"uv":[0,0,0,14],"texture":"#0"},"west":{"uv":[0,0,0,14],"texture":"#0"},"up":{"uv":[0,14,0,0],"rotation":90,"texture":"#0"},"down":{"uv":[0,0,0,14],"rotation":270,"texture":"#0"}}},{"from":[4.5,1.3,8.9],"to":[11.5,8.3,8.9],"rotation":{"angle":0,"axis":"y","origin":[8,11.5,8]},"faces":{"east":{"uv":[0,0,0,14],"texture":"#0"},"south":{"uv":[14,0,0,14],"texture":"#0"},"west":{"uv":[0,0,0,14],"texture":"#0"},"up":{"uv":[0,14,0,0],"rotation":90,"texture":"#0"},"down":{"uv":[0,0,0,14],"rotation":270,"texture":"#0"}}}],"gui_light":"front","display":{"thirdperson_righthand":{"rotation":[34,0,0],"translation":[0,1,0.25],"scale":[0.38867,0.38867,0.38867]},"thirdperson_lefthand":{"rotation":[67.75,0,0],"translation":[-5.5,-5.5,12],"scale":[1.29102,1.29102,1.29102]},"firstperson_righthand":{"translation":[-0.5,2.25,0.75],"scale":[0.59375,0.59375,0.59375]},"firstperson_lefthand":{"rotation":[-10,0,0],"translation":[0,2,0],"scale":[0,0,0]},"ground":{"rotation":[45,0,0],"translation":[0,4,0],"scale":[0.62695,0.62695,0.62695]},"gui":{"translation":[0,-0.25,0],"scale":[0.42578,0.42578,0.42578]},"head":{"translation":[0,-8.25,6],"scale":[2.21289,2.21289,2.21289]},"fixed":{"translation":[0,3,-1.75],"scale":[2.16016,2.16016,2.16016]}}}