{"parent":"minecraft:block/black_stained_glass","overrides":[{"predicate":{"custom_model_data":1},"model":"blockus:auto_generated/beveled_glass"},{"predicate":{"custom_model_data":2},"model":"blockus:auto_generated/black_beveled_glass"},{"predicate":{"custom_model_data":3},"model":"blockus:auto_generated/blue_beveled_glass"},{"predicate":{"custom_model_data":4},"model":"blockus:auto_generated/brown_beveled_glass"},{"predicate":{"custom_model_data":5},"model":"blockus:auto_generated/cyan_beveled_glass"},{"predicate":{"custom_model_data":6},"model":"blockus:auto_generated/gray_beveled_glass"},{"predicate":{"custom_model_data":7},"model":"blockus:auto_generated/green_beveled_glass"},{"predicate":{"custom_model_data":8},"model":"blockus:auto_generated/light_blue_beveled_glass"},{"predicate":{"custom_model_data":9},"model":"blockus:auto_generated/light_gray_beveled_glass"},{"predicate":{"custom_model_data":10},"model":"blockus:auto_generated/lime_beveled_glass"},{"predicate":{"custom_model_data":11},"model":"blockus:auto_generated/magenta_beveled_glass"},{"predicate":{"custom_model_data":12},"model":"blockus:auto_generated/orange_beveled_glass"},{"predicate":{"custom_model_data":13},"model":"blockus:auto_generated/pink_beveled_glass"},{"predicate":{"custom_model_data":14},"model":"blockus:auto_generated/purple_beveled_glass"},{"predicate":{"custom_model_data":15},"model":"blockus:auto_generated/red_beveled_glass"},{"predicate":{"custom_model_data":16},"model":"blockus:auto_generated/white_beveled_glass"},{"predicate":{"custom_model_data":17},"model":"blockus:auto_generated/yellow_beveled_glass"},{"predicate":{"custom_model_data":18},"model":"minecraft:item/black_stained_glass"},{"predicate":{"custom_model_data":2200520},"model":"slimefun:slimefun/energy/carbon_press"},{"predicate":{"custom_model_data":2200521},"model":"slimefun:slimefun/energy/carbon_press_2"},{"predicate":{"custom_model_data":2200522},"model":"slimefun:slimefun/energy/carbon_press_3"}]}