{"display":{"thirdperson_righthand":{"rotation":[0,-90,55],"translation":[0,0.5217,0.5],"scale":[0.5,0.5,0.5]},"thirdperson_lefthand":{"rotation":[0,-90,55],"translation":[0,0.5217,0.5],"scale":[0.5,0.5,0.5]},"firstperson_righthand":{"rotation":[0,-90,25],"translation":[1.13,3.2,1.13],"scale":[0.3,0.3,0.3]},"firstperson_lefthand":{"rotation":[0,-90,25],"translation":[1.13,3.2,1.13],"scale":[0.3,0.3,0.3]},"gui":{"rotation":[3,152,0],"scale":[0.4,0.4,0.4]},"head":{"translation":[-2.088,-16,2.7811],"scale":[4,4,4]},"ground":{"translation":[-1.391,13.912,2.0854]},"fixed":{"rotation":[-90,0,0],"translation":[-0.001,3.4763,-27.12],"scale":[4,4,4]}},"textures":{"blazingsunanima":"item/blazingsunanima"},"elements":[{"faces":{"down":{"uv":[3.625,0.625,3.25,2],"texture":"#blazingsunanima","rotation":90},"up":{"uv":[3.25,0.625,3.625,2],"texture":"#blazingsunanima","rotation":90},"north":{"uv":[8.75,9.125,10.125,10.5],"texture":"#blazingsunanima"},"south":{"uv":[8.75,7.75,10.125,9.125],"texture":"#blazingsunanima"},"west":{"uv":[14.75,14.625,15.125,16],"texture":"#blazingsunanima","rotation":180},"east":{"uv":[3.25,0.625,3.625,2],"texture":"#blazingsunanima","rotation":180}},"from":[2.335,5.206,12.338],"to":[13.3942,16.2652,15.794]},{"faces":{"down":{"uv":[1.625,2,3.25,3.625],"texture":"#blazingsunanima"},"up":{"uv":[1.625,2,3.25,3.625],"texture":"#blazingsunanima"},"north":{"uv":[1.625,2,3.25,3.625],"texture":"#blazingsunanima"},"south":{"uv":[1.625,2,3.25,3.625],"texture":"#blazingsunanima"},"west":{"uv":[1.625,2,3.25,3.625],"texture":"#blazingsunanima"},"east":{"uv":[1.625,2,3.25,3.625],"texture":"#blazingsunanima"}},"from":[1.16,3.478,0.6567],"to":[14.984,17.302,14.4807]},{"faces":{"down":{"uv":[12.875,8.75,14.25,8.375],"texture":"#blazingsunanima","rotation":270},"up":{"uv":[14.25,9.75,15.625,10.125],"texture":"#blazingsunanima","rotation":270},"north":{"uv":[3.25,0.625,3.625,2],"texture":"#blazingsunanima","rotation":180},"south":{"uv":[14.75,14.625,15.125,16],"texture":"#blazingsunanima","rotation":180},"west":{"uv":[11.5,7.75,12.875,9.125],"texture":"#blazingsunanima","rotation":90},"east":{"uv":[8.75,7.75,10.125,9.125],"texture":"#blazingsunanima"}},"from":[13.7398,4.5148,1.97],"to":[17.1958,15.574,13.0292]},{"faces":{"down":{"uv":[8.75,7.75,10.125,9.125],"texture":"#blazingsunanima"},"up":{"uv":[12.875,9.125,14.25,10.5],"texture":"#blazingsunanima"},"north":{"uv":[14.25,9.75,15.625,10.125],"texture":"#blazingsunanima"},"south":{"uv":[14.25,9.75,15.625,10.125],"texture":"#blazingsunanima"},"west":{"uv":[14.25,9.75,15.625,10.125],"texture":"#blazingsunanima"},"east":{"uv":[14.25,9.75,15.625,10.125],"texture":"#blazingsunanima"}},"from":[2.335,1.75,1.97],"to":[13.3942,5.206,13.0292]},{"faces":{"down":{"uv":[15.125,14.625,14.75,16],"texture":"#blazingsunanima","rotation":90},"up":{"uv":[14.75,14.625,15.125,16],"texture":"#blazingsunanima","rotation":90},"north":{"uv":[8.75,7.75,10.125,9.125],"texture":"#blazingsunanima"},"south":{"uv":[10.125,9.125,11.5,10.5],"texture":"#blazingsunanima"},"west":{"uv":[3.25,0.625,3.625,2],"texture":"#blazingsunanima","rotation":180},"east":{"uv":[14.75,14.625,15.125,16],"texture":"#blazingsunanima","rotation":180}},"from":[2.335,5.206,-1.486],"to":[13.3942,16.2652,1.97]},{"faces":{"down":{"uv":[10.125,7.75,11.5,9.125],"texture":"#blazingsunanima"},"up":{"uv":[8.75,7.75,10.125,9.125],"texture":"#blazingsunanima"},"north":{"uv":[12.875,8.375,14.25,8.75],"texture":"#blazingsunanima"},"south":{"uv":[12.875,8.375,14.25,8.75],"texture":"#blazingsunanima"},"west":{"uv":[12.875,8.375,14.25,8.75],"texture":"#blazingsunanima"},"east":{"uv":[12.875,8.375,14.25,8.75],"texture":"#blazingsunanima"}},"from":[2.335,15.574,1.97],"to":[13.3942,19.03,13.0292]},{"faces":{"down":{"uv":[14.25,10.125,15.625,9.75],"texture":"#blazingsunanima","rotation":270},"up":{"uv":[12.875,8.375,14.25,8.75],"texture":"#blazingsunanima","rotation":270},"north":{"uv":[14.75,14.625,15.125,16],"texture":"#blazingsunanima","rotation":180},"south":{"uv":[3.25,0.625,3.625,2],"texture":"#blazingsunanima","rotation":180},"west":{"uv":[8.75,7.75,10.125,9.125],"texture":"#blazingsunanima"},"east":{"uv":[8.75,10.5,10.125,11.875],"texture":"#blazingsunanima","rotation":270}},"from":[-1.121,4.5148,1.97],"to":[2.335,15.574,13.0292]},{"faces":{"north":{"uv":[0,11.875,4.375,16],"texture":"#blazingsunanima"},"south":{"uv":[4.375,11.875,0,16],"texture":"#blazingsunanima"}},"from":[-4.375,-5,19.1241],"to":[30.725,28.75,19.125],"rotation":{"origin":[-4.375,-5,19.125],"axis":"y","angle":45}},{"faces":{"west":{"uv":[0,3.625,4.375,7.75],"texture":"#blazingsunanima"},"east":{"uv":[4.375,3.625,0,7.75],"texture":"#blazingsunanima"}},"from":[7.7625,-5,-9.099999],"to":[7.7634,28.75,26]},{"faces":{"west":{"uv":[8.75,11.875,13.125,16],"texture":"#blazingsunanima"},"east":{"uv":[8.75,11.875,13.125,16],"texture":"#blazingsunanima"}},"from":[-4.7375,-5,-4.975],"to":[-4.736599,28.75,30.125],"rotation":{"origin":[-4.7375,-5,-4.975],"axis":"y","angle":45}}]}