{"parent":"minecraft:item/generated","textures":{"layer0":"minecraft:item/diamond_boots"},"overrides":[{"predicate":{"custom_model_data":1},"model":"terraecustom:auto_generated/angelic_boots"},{"predicate":{"custom_model_data":2},"model":"terraecustom:auto_generated/demonic_boots"},{"predicate":{"custom_model_data":3},"model":"terraecustom:auto_generated/galactic_boots"},{"predicate":{"custom_model_data":5},"model":"terraecustom:auto_generated/superman_boots"},{"predicate":{"custom_model_data":6},"model":"terraecustom:auto_generated/wonderwoman_boots"},{"predicate":{"custom_model_data":7},"model":"terraecustom:auto_generated/uwu_boots"},{"predicate":{"custom_model_data":10000},"model":"terraecustom:auto_generated/earth_boots"},{"predicate":{"custom_model_data":10001},"model":"terraecustom:auto_generated/halloween_boots"},{"predicate":{"custom_model_data":10002},"model":"minecraft:item/diamond_boots"},{"predicate":{"custom_model_data":2200282},"model":"slimefun:slimefun/magical_armor/soulbound_armor/boots"},{"predicate":{"custom_model_data":2200283},"model":"item/diamond_boots"}]}