{"parent":"minecraft:item/handheld","textures":{"layer0":"minecraft:item/diamond_pickaxe"},"overrides":[{"predicate":{"custom_model_data":1},"model":"itemsadder:auto_generated/astral_pickaxe"},{"predicate":{"custom_model_data":1},"model":"itemsadder:ia_auto_gen/astral_pickaxe"},{"predicate":{"custom_model_data":1},"model":"itemsadder:ia_auto_gen/astral_pickaxe"},{"predicate":{"custom_model_data":2},"model":"itemsadder:auto_generated/diamond_hammer"},{"predicate":{"custom_model_data":3},"model":"itemsadder:auto_generated/demoniac_pickaxe"},{"predicate":{"custom_model_data":4},"model":"itemsadder:auto_generated/ruby_pickaxe"},{"predicate":{"custom_model_data":5},"model":"itemsadder:auto_generated/spinel_pickaxe"},{"predicate":{"custom_model_data":6},"model":"itemsadder:auto_generated/turquoise_pickaxe"},{"predicate":{"custom_model_data":7},"model":"itemsadder:auto_generated/aqua_pickaxe"},{"predicate":{"custom_model_data":8},"model":"itemsadder:auto_generated/amethyst_pickaxe"},{"predicate":{"custom_model_data":9},"model":"itemsadder:auto_generated/bronze_pickaxe"},{"predicate":{"custom_model_data":10},"model":"itemsadder:auto_generated/demoniac_hammer"},{"predicate":{"custom_model_data":11},"model":"minecraft:item/diamond_pickaxe"},{"predicate":{"custom_model_data":12},"model":"item/diamond_pickaxe"},{"predicate":{"custom_model_data":2200163},"model":"slimefun:slimefun/tools/smelter_pickaxe"},{"predicate":{"custom_model_data":2200241},"model":"slimefun:slimefun/tools/explosive_pickaxe"},{"predicate":{"custom_model_data":2200245},"model":"slimefun:slimefun/basic_machines/advanced_industrial_miner"},{"predicate":{"custom_model_data":2200247},"model":"slimefun:slimefun/tools/seeker_pickaxe"},{"predicate":{"custom_model_data":2200271},"model":"slimefun:slimefun/tools/vein_pickaxe"},{"predicate":{"custom_model_data":2200275},"model":"slimefun:slimefun/tools/soulbound_pickaxe"},{"predicate":{"custom_model_data":2201281},"model":"fluffymachines:diamond_paxel"},{"predicate":{"custom_model_data":2201282},"model":"item/diamond_pickaxe"}]}