{"parent":"minecraft:item/handheld","textures":{"layer0":"minecraft:item/diamond_axe"},"overrides":[{"predicate":{"custom_model_data":1},"model":"itemsadder:auto_generated/ruby_axe"},{"predicate":{"custom_model_data":2},"model":"itemsadder:auto_generated/spinel_axe"},{"predicate":{"custom_model_data":3},"model":"itemsadder:auto_generated/turquoise_axe"},{"predicate":{"custom_model_data":4},"model":"itemsadder:auto_generated/aqua_aura_axe"},{"predicate":{"custom_model_data":5},"model":"itemsadder:auto_generated/amethyst_axe"},{"predicate":{"custom_model_data":6},"model":"itemsadder:auto_generated/bronze_axe"},{"predicate":{"custom_model_data":7},"model":"minecraft:item/diamond_axe"},{"predicate":{"custom_model_data":10004},"model":"campingpack:item/campingaxe"},{"predicate":{"custom_model_data":10005},"model":"item/diamond_axe"},{"predicate":{"custom_model_data":2200197},"model":"slimefun:slimefun/tools/lumber_axe"},{"predicate":{"custom_model_data":2200276},"model":"slimefun:slimefun/tools/soulbound_axe"},{"predicate":{"custom_model_data":2200277},"model":"item/diamond_axe"}]}