{"parent":"item/generated","textures":{"layer0":"item/leather_helmet","layer1":"item/leather_helmet_overlay"},"overrides":[{"predicate":{"custom_model_data":1},"model":"itemsadder:auto_generated/ruby_head"},{"predicate":{"custom_model_data":2},"model":"itemsadder:auto_generated/spinel_head"},{"predicate":{"custom_model_data":3},"model":"itemsadder:auto_generated/turquoise_head"},{"predicate":{"custom_model_data":4},"model":"itemsadder:auto_generated/aqua_head"},{"predicate":{"custom_model_data":5},"model":"itemsadder:auto_generated/amethyst_head"},{"predicate":{"custom_model_data":6},"model":"itemsadder:auto_generated/emerald_head"},{"predicate":{"custom_model_data":7},"model":"itemsadder:auto_generated/obsidian_head"},{"predicate":{"custom_model_data":8},"model":"itemsadder:auto_generated/bronze_head"},{"predicate":{"custom_model_data":9},"model":"minecraft:item/leather_helmet"},{"predicate":{"custom_model_data":10000},"model":"elitecreatures:ia_auto_gen/easterbunny_animated_weapon_set_helmet"},{"predicate":{"custom_model_data":10000},"model":"elitecreatures:ia_auto_gen/easterbunny_animated_weapon_set_helmet"},{"predicate":{"custom_model_data":10002},"model":"valerieset:ia_auto_gen/valeriehelmet"},{"predicate":{"custom_model_data":10003},"model":"sweetheartset:ia_auto_gen/sweethearthat"},{"predicate":{"custom_model_data":10004},"model":"discordnitroset:ia_auto_gen/discordnitro_helmet_icon"},{"predicate":{"custom_model_data":10005},"model":"protocalset:ia_auto_gen/protocalhat"},{"predicate":{"custom_model_data":10006},"model":"summerset:ia_auto_gen/summerhelmet"},{"predicate":{"custom_model_data":10007},"model":"elitecreatures:ia_auto_gen/bahamut_animated_weapon_set_helmet_2"},{"predicate":{"custom_model_data":10008},"model":"fiendskullset:ia_auto_gen/fiendskullhelmet"},{"predicate":{"custom_model_data":10010},"model":"rankset:ia_auto_gen/legend_helmet"},{"predicate":{"custom_model_data":10011},"model":"rankset:ia_auto_gen/divine_helmet"},{"predicate":{"custom_model_data":10012},"model":"rankset:ia_auto_gen/vip_helmet"},{"predicate":{"custom_model_data":10013},"model":"rankset:ia_auto_gen/mystic_helmet"},{"predicate":{"custom_model_data":10014},"model":"rankset:ia_auto_gen/immortal_helmet"},{"predicate":{"custom_model_data":10015},"model":"rankset:ia_auto_gen/hero_helmet"},{"predicate":{"custom_model_data":2200037},"model":"slimefun:slimefun/magical_armor/ender_amor/helmet"},{"predicate":{"custom_model_data":2200044},"model":"slimefun:slimefun/magical_armor/slime_armor/helmet"},{"predicate":{"custom_model_data":2200061},"model":"slimefun:slimefun/magical_armor/glowstone_armor/helmet"},{"predicate":{"custom_model_data":2200073},"model":"slimefun:slimefun/armor/cactus_armor/helmet"},{"predicate":{"custom_model_data":2200207},"model":"slimefun:slimefun/armor/hazmat_suit/helmet"},{"predicate":{"custom_model_data":2200229},"model":"slimefun:slimefun/technical_gadgets/night_vision_goggles"},{"predicate":{"custom_model_data":2201211},"model":"extra_gear:armor/copper/copper_helmet"},{"predicate":{"custom_model_data":2201212},"model":"item/leather_helmet"}]}