{"parent":"minecraft:item/handheld","textures":{"layer0":"minecraft:item/netherite_pickaxe"},"overrides":[{"predicate":{"custom_model_data":1},"model":"terraecustom:auto_generated/angelic_pickaxe"},{"predicate":{"custom_model_data":2},"model":"terraecustom:auto_generated/demonic_pickaxe"},{"predicate":{"custom_model_data":10000},"model":"terraecustom:auto_generated/galactic_pickaxe"},{"predicate":{"custom_model_data":10001},"model":"terraecustom:auto_generated/uwu_pickaxe"},{"predicate":{"custom_model_data":10002},"model":"terraecustom:auto_generated/earth_pickaxe"},{"predicate":{"custom_model_data":10003},"model":"terraecustom:auto_generated/halloween_pickaxe"},{"predicate":{"custom_model_data":10004},"model":"terraecustom:auto_generated/lizard_pickaxe"},{"predicate":{"custom_model_data":10005},"model":"terraecustom:auto_generated/firework_pickaxe"},{"predicate":{"custom_model_data":10006},"model":"terraecustom:auto_generated/valentines_pickaxe"},{"predicate":{"custom_model_data":10007},"model":"terraecustom:auto_generated/pday_pickaxe"},{"predicate":{"custom_model_data":10008},"model":"terraecustom:auto_generated/raven_pickaxe"},{"predicate":{"custom_model_data":10009},"model":"minecraft:item/netherite_pickaxe"}]}