{"parent":"minecraft:item/handheld","textures":{"layer0":"minecraft:item/netherite_axe"},"overrides":[{"predicate":{"custom_model_data":1},"model":"terraecustom:auto_generated/angelic_axe"},{"predicate":{"custom_model_data":1},"model":"terraecustom:ia_auto_gen/angelic_axe"},{"predicate":{"custom_model_data":1},"model":"terraecustom:ia_auto_gen/angelic_axe"},{"predicate":{"custom_model_data":2},"model":"terraecustom:auto_generated/demonic_axe"},{"predicate":{"custom_model_data":2},"model":"terraecustom:ia_auto_gen/demonic_axe"},{"predicate":{"custom_model_data":2},"model":"terraecustom:ia_auto_gen/demonic_axe"},{"predicate":{"custom_model_data":3},"model":"littlesharkset:axe"},{"predicate":{"custom_model_data":10000},"model":"terraecustom:auto_generated/galactic_axe"},{"predicate":{"custom_model_data":10000},"model":"terraecustom:ia_auto_gen/galactic_axe"},{"predicate":{"custom_model_data":10000},"model":"terraecustom:ia_auto_gen/galactic_axe"},{"predicate":{"custom_model_data":10001},"model":"terraecustom:auto_generated/uwu_axe"},{"predicate":{"custom_model_data":10001},"model":"terraecustom:ia_auto_gen/uwu_axe"},{"predicate":{"custom_model_data":10001},"model":"terraecustom:ia_auto_gen/uwu_axe"},{"predicate":{"custom_model_data":10002},"model":"terraecustom:auto_generated/earth_axe"},{"predicate":{"custom_model_data":10002},"model":"terraecustom:ia_auto_gen/earth_axe"},{"predicate":{"custom_model_data":10002},"model":"terraecustom:ia_auto_gen/earth_axe"},{"predicate":{"custom_model_data":10003},"model":"terraecustom:auto_generated/halloween_axe"},{"predicate":{"custom_model_data":10003},"model":"terraecustom:ia_auto_gen/halloween_axe"},{"predicate":{"custom_model_data":10003},"model":"terraecustom:ia_auto_gen/halloween_axe"},{"predicate":{"custom_model_data":10004},"model":"terraecustom:auto_generated/lizard_axe"},{"predicate":{"custom_model_data":10004},"model":"terraecustom:ia_auto_gen/lizard_axe"},{"predicate":{"custom_model_data":10004},"model":"terraecustom:ia_auto_gen/lizard_axe"},{"predicate":{"custom_model_data":10005},"model":"terraecustom:auto_generated/firework_axe"},{"predicate":{"custom_model_data":10005},"model":"terraecustom:ia_auto_gen/firework_axe"},{"predicate":{"custom_model_data":10005},"model":"terraecustom:ia_auto_gen/firework_axe"},{"predicate":{"custom_model_data":10006},"model":"terraecustom:auto_generated/valentines_axe"},{"predicate":{"custom_model_data":10006},"model":"terraecustom:ia_auto_gen/valentines_axe"},{"predicate":{"custom_model_data":10006},"model":"terraecustom:ia_auto_gen/valentines_axe"},{"predicate":{"custom_model_data":10007},"model":"terraecustom:auto_generated/pday_axe"},{"predicate":{"custom_model_data":10007},"model":"terraecustom:ia_auto_gen/pday_axe"},{"predicate":{"custom_model_data":10007},"model":"terraecustom:ia_auto_gen/pday_axe"},{"predicate":{"custom_model_data":10009},"model":"yungwilder:halloween_pack/machete_bloody"},{"predicate":{"custom_model_data":10009},"model":"yungwilder:halloween_pack/machete_bloody"},{"predicate":{"custom_model_data":10009},"model":"yungwilder:halloween_pack/machete_bloody"},{"predicate":{"custom_model_data":10010},"model":"xmasset:axe"},{"predicate":{"custom_model_data":10010},"model":"xmasset:axe"},{"predicate":{"custom_model_data":10010},"model":"xmasset:axe"},{"predicate":{"custom_model_data":10011},"model":"minecraft:item/netherite_axe"},{"predicate":{"custom_model_data":10011},"model":"elitecreatures:easterbunny_animated_weapon_set/axe"},{"predicate":{"custom_model_data":10011},"model":"elitecreatures:easterbunny_animated_weapon_set/axe"},{"predicate":{"custom_model_data":10012},"model":"elitecreatures:easterbunny_animated_weapon_set/hammer"},{"predicate":{"custom_model_data":10012},"model":"elitecreatures:easterbunny_animated_weapon_set/hammer"},{"predicate":{"custom_model_data":10013},"model":"elitecreatures:easterbunny_animated_weapon_set/mace"},{"predicate":{"custom_model_data":10013},"model":"elitecreatures:easterbunny_animated_weapon_set/mace"},{"predicate":{"custom_model_data":10014},"model":"akiraset:item/axe"},{"predicate":{"custom_model_data":10015},"model":"deceaseset:item/axe"},{"predicate":{"custom_model_data":10016},"model":"camillaset:axe"},{"predicate":{"custom_model_data":10017},"model":"dragonsoulset:axe"},{"predicate":{"custom_model_data":10018},"model":"evergreenset:axe"},{"predicate":{"custom_model_data":10019},"model":"lunarset:axe"},{"predicate":{"custom_model_data":10020},"model":"discordnitroset:axe"},{"predicate":{"custom_model_data":10021},"model":"thunderboltset:item/axe"},{"predicate":{"custom_model_data":10022},"model":"noraset:item/axe"},{"predicate":{"custom_model_data":10023},"model":"protocalset:axe"},{"predicate":{"custom_model_data":10024},"model":"sweetheartset:axe"},{"predicate":{"custom_model_data":10025},"model":"valerieset:axe"},{"predicate":{"custom_model_data":10026},"model":"malikaset:axe"},{"predicate":{"custom_model_data":10027},"model":"lunar_studios:maks_art/summer_v2/items/racquet_axe"},{"predicate":{"custom_model_data":10028},"model":"summerset:axe"},{"predicate":{"custom_model_data":10029},"model":"elitecreatures:bahamut_animated_weapon_set/axe"},{"predicate":{"custom_model_data":10030},"model":"elitecreatures:bahamut_animated_weapon_set/hammer"},{"predicate":{"custom_model_data":10031},"model":"elitecreatures:bahamut_animated_weapon_set/mace"},{"predicate":{"custom_model_data":10032},"model":"fiendskullset:axe"},{"predicate":{"custom_model_data":10034},"model":"rankset:legend/cyber_axe"},{"predicate":{"custom_model_data":10035},"model":"rankset:divine/cyber_axe"},{"predicate":{"custom_model_data":10036},"model":"rankset:vip/cyber_axe"},{"predicate":{"custom_model_data":10037},"model":"rankset:mystic/cyber_axe"},{"predicate":{"custom_model_data":10038},"model":"rankset:immortal/cyber_axe"},{"predicate":{"custom_model_data":10039},"model":"rankset:hero/cyber_axe"},{"predicate":{"custom_model_data":2200650},"model":"infinityexpansion:tools/nature_ruin"},{"predicate":{"custom_model_data":2200651},"model":"item/netherite_axe"}]}