{"parent":"minecraft:item/handheld","textures":{"layer0":"minecraft:item/netherite_shovel"},"overrides":[{"predicate":{"custom_model_data":1},"model":"terraecustom:auto_generated/angelic_shovel"},{"predicate":{"custom_model_data":2},"model":"terraecustom:auto_generated/demonic_shovel"},{"predicate":{"custom_model_data":10000},"model":"terraecustom:auto_generated/galactic_shovel"},{"predicate":{"custom_model_data":10001},"model":"terraecustom:auto_generated/uwu_shovel"},{"predicate":{"custom_model_data":10002},"model":"terraecustom:auto_generated/earth_shovel"},{"predicate":{"custom_model_data":10003},"model":"terraecustom:auto_generated/halloween_shovel"},{"predicate":{"custom_model_data":10004},"model":"terraecustom:auto_generated/lizard_shovel"},{"predicate":{"custom_model_data":10005},"model":"terraecustom:auto_generated/firework_shovel"},{"predicate":{"custom_model_data":10006},"model":"terraecustom:auto_generated/valentines_shovel"},{"predicate":{"custom_model_data":10007},"model":"terraecustom:auto_generated/pday_shovel"},{"predicate":{"custom_model_data":10008},"model":"terraecustom:auto_generated/zombie_arm_shovel"},{"predicate":{"custom_model_data":10009},"model":"minecraft:item/netherite_shovel"}]}