{"parent":"minecraft:item/generated","textures":{"layer0":"minecraft:item/netherite_helmet"},"overrides":[{"predicate":{"custom_model_data":1},"model":"terraecustom:auto_generated/angelic_helmet"},{"predicate":{"custom_model_data":1},"model":"terraecustom:ia_auto_gen/angelic_helmet"},{"predicate":{"custom_model_data":1},"model":"terraecustom:ia_auto_gen/angelic_helmet"},{"predicate":{"custom_model_data":2},"model":"terraecustom:auto_generated/demonic_helmet"},{"predicate":{"custom_model_data":2},"model":"terraecustom:ia_auto_gen/demonic_helmet"},{"predicate":{"custom_model_data":2},"model":"terraecustom:ia_auto_gen/demonic_helmet"},{"predicate":{"custom_model_data":10000},"model":"terraecustom:auto_generated/galactic_helmet"},{"predicate":{"custom_model_data":10000},"model":"terraecustom:ia_auto_gen/galactic_helmet"},{"predicate":{"custom_model_data":10000},"model":"terraecustom:ia_auto_gen/galactic_helmet"},{"predicate":{"custom_model_data":10001},"model":"terraecustom:auto_generated/earth_helmet"},{"predicate":{"custom_model_data":10001},"model":"terraecustom:ia_auto_gen/earth_helmet"},{"predicate":{"custom_model_data":10001},"model":"terraecustom:ia_auto_gen/earth_helmet"},{"predicate":{"custom_model_data":10002},"model":"terraecustom:auto_generated/halloween_helmet"},{"predicate":{"custom_model_data":10002},"model":"terraecustom:ia_auto_gen/halloween_helmet"},{"predicate":{"custom_model_data":10002},"model":"terraecustom:ia_auto_gen/halloween_helmet"},{"predicate":{"custom_model_data":10003},"model":"terraecustom:auto_generated/wonderwoman_helmet"},{"predicate":{"custom_model_data":10003},"model":"terraecustom:ia_auto_gen/wonderwoman_helmet"},{"predicate":{"custom_model_data":10003},"model":"terraecustom:ia_auto_gen/wonderwoman_helmet"},{"predicate":{"custom_model_data":10004},"model":"terraecustom:auto_generated/uwu_helmet"},{"predicate":{"custom_model_data":10004},"model":"terraecustom:ia_auto_gen/uwu_helmet"},{"predicate":{"custom_model_data":10004},"model":"terraecustom:ia_auto_gen/uwu_helmet"},{"predicate":{"custom_model_data":10005},"model":"terraecustom:auto_generated/firework_helmet"},{"predicate":{"custom_model_data":10005},"model":"terraecustom:ia_auto_gen/firework_helmet"},{"predicate":{"custom_model_data":10005},"model":"terraecustom:ia_auto_gen/firework_helmet"},{"predicate":{"custom_model_data":10006},"model":"terraecustom:auto_generated/lizard_helmet"},{"predicate":{"custom_model_data":10006},"model":"terraecustom:ia_auto_gen/lizard_helmet"},{"predicate":{"custom_model_data":10006},"model":"terraecustom:ia_auto_gen/lizard_helmet"},{"predicate":{"custom_model_data":10024},"model":"terraecustom:auto_generated/valentines_helmet"},{"predicate":{"custom_model_data":10024},"model":"terraecustom:ia_auto_gen/valentines_helmet"},{"predicate":{"custom_model_data":10024},"model":"terraecustom:ia_auto_gen/valentines_helmet"},{"predicate":{"custom_model_data":10025},"model":"terraecustom:auto_generated/pday_helmet"},{"predicate":{"custom_model_data":10025},"model":"terraecustom:ia_auto_gen/pday_helmet"},{"predicate":{"custom_model_data":10025},"model":"terraecustom:ia_auto_gen/pday_helmet"},{"predicate":{"custom_model_data":10026},"model":"terraecustom:auto_generated/warden_helmet"},{"predicate":{"custom_model_data":10026},"model":"terraecustom:ia_auto_gen/warden_helmet"},{"predicate":{"custom_model_data":10026},"model":"terraecustom:ia_auto_gen/warden_helmet"},{"predicate":{"custom_model_data":10028},"model":"yungwilder:halloween_pack/spooky_helmet"},{"predicate":{"custom_model_data":10028},"model":"yungwilder:halloween_pack/spooky_helmet"},{"predicate":{"custom_model_data":10028},"model":"yungwilder:halloween_pack/spooky_helmet"},{"predicate":{"custom_model_data":10029},"model":"xmasset:auto_generated/spooky_helmet"},{"predicate":{"custom_model_data":10030},"model":"xmasset:hat"},{"predicate":{"custom_model_data":10031},"model":"xmasset:hat"},{"predicate":{"custom_model_data":10032},"model":"minecraft:item/netherite_helmet"},{"predicate":{"custom_model_data":2200645},"model":"infinityexpansion:armor/infinity_crown"},{"predicate":{"custom_model_data":2200646},"model":"item/netherite_helmet"}]}