{"parent":"minecraft:item/template_skull","overrides":[{"predicate":{"custom_model_data":10002},"model":"iainternal:entity/player/phead_0"},{"predicate":{"custom_model_data":10002},"model":"iainternal:entity/player/phead_0"},{"predicate":{"custom_model_data":10003},"model":"iainternal:entity/player/parm_left_3"},{"predicate":{"custom_model_data":10003},"model":"iainternal:entity/player/parm_left_3"},{"predicate":{"custom_model_data":10004},"model":"iainternal:entity/player/pbody_2"},{"predicate":{"custom_model_data":10004},"model":"iainternal:entity/player/pbody_2"},{"predicate":{"custom_model_data":10005},"model":"iainternal:entity/player/pleg_left_1"},{"predicate":{"custom_model_data":10005},"model":"iainternal:entity/player/pleg_left_1"},{"predicate":{"custom_model_data":10006},"model":"iainternal:entity/player/pleg_right_5"},{"predicate":{"custom_model_data":10006},"model":"iainternal:entity/player/pleg_right_5"},{"predicate":{"custom_model_data":10007},"model":"iainternal:entity/player/parm_right_4"},{"predicate":{"custom_model_data":10007},"model":"iainternal:entity/player/parm_right_4"},{"predicate":{"custom_model_data":10008},"model":"minecraft:item/player_head"},{"predicate":{"custom_model_data":2200006},"model":"slimefun:slimefun/gui/slimefun_guide"},{"predicate":{"custom_model_data":2200013},"model":"slimefun:slimefun/items/portable_craftingtabble"},{"predicate":{"custom_model_data":2200018},"model":"slimefun:slimefun/items/portable_dustbin"},{"predicate":{"custom_model_data":2200036},"model":"slimefun:slimefun/magical_gadgets/backpack_ender"},{"predicate":{"custom_model_data":2200060},"model":"slimefun:slimefun/technical_components/battery"},{"predicate":{"custom_model_data":2200089},"model":"slimefun:slimefun/resources/valuables/synthetic_sapphire"},{"predicate":{"custom_model_data":2200091},"model":"slimefun:slimefun/resources/valuables/raw_carbon"},{"predicate":{"custom_model_data":2200094},"model":"slimefun:slimefun/resources/valuables/carbonado"},{"predicate":{"custom_model_data":2200113},"model":"slimefun:slimefun/resources/valuables/carbon"},{"predicate":{"custom_model_data":2200116},"model":"slimefun:slimefun/resources/valuables/compressed_carbon"},{"predicate":{"custom_model_data":2200117},"model":"slimefun:slimefun/resources/valuables/carbon_chunk"},{"predicate":{"custom_model_data":2200119},"model":"slimefun:slimefun/technical_components/powered_crystal"},{"predicate":{"custom_model_data":2200155},"model":"slimefun:slimefun/miscellaneous/stone_chunk"},{"predicate":{"custom_model_data":2200159},"model":"slimefun:slimefun/magical_items/lava_crystal"},{"predicate":{"custom_model_data":2200200},"model":"slimefun:slimefun/miscellaneous/cheese"},{"predicate":{"custom_model_data":2200201},"model":"slimefun:slimefun/miscellaneous/butter"},{"predicate":{"custom_model_data":2200206},"model":"slimefun:slimefun/technical_components/reinforced_cloth"},{"predicate":{"custom_model_data":2200214},"model":"slimefun:slimefun/miscellaneous/tiny_pile_of_uranium"},{"predicate":{"custom_model_data":2200215},"model":"slimefun:slimefun/miscellaneous/small_chunk_of_uranium"},{"predicate":{"custom_model_data":2200216},"model":"slimefun:slimefun/resources/radioactive_materials/uranium"},{"predicate":{"custom_model_data":2200226},"model":"slimefun:slimefun/miscellaneous/tin_can"},{"predicate":{"custom_model_data":2200248},"model":"slimefun:slimefun/items/backpack_small"},{"predicate":{"custom_model_data":2200249},"model":"slimefun:slimefun/items/backpack"},{"predicate":{"custom_model_data":2200250},"model":"slimefun:slimefun/items/backpack_large"},{"predicate":{"custom_model_data":2200251},"model":"slimefun:slimefun/items/backpack_woven"},{"predicate":{"custom_model_data":2200253},"model":"slimefun:slimefun/items/backpack_gilded"},{"predicate":{"custom_model_data":2200254},"model":"slimefun:slimefun/items/backpack_radiant"},{"predicate":{"custom_model_data":2200255},"model":"slimefun:slimefun/items/restored_backpack"},{"predicate":{"custom_model_data":2200256},"model":"slimefun:slimefun/technical_components/magnet"},{"predicate":{"custom_model_data":2200257},"model":"slimefun:slimefun/magical_gadgets/infused_magnet"},{"predicate":{"custom_model_data":2200259},"model":"slimefun:slimefun/magical_items/necrotic_skull"},{"predicate":{"custom_model_data":2200261},"model":"slimefun:slimefun/magical_gadgets/backpack_soulbound"},{"predicate":{"custom_model_data":2200262},"model":"slimefun:slimefun/technical_gadgets/duralumin_jetboots"},{"predicate":{"custom_model_data":2200305},"model":"slimefun:slimefun/technical_components/electromagnet"},{"predicate":{"custom_model_data":2200306},"model":"slimefun:slimefun/technical_components/electric_motor"},{"predicate":{"custom_model_data":2200307},"model":"slimefun:slimefun/technical_components/heating_coil"},{"predicate":{"custom_model_data":2200328},"model":"slimefun:slimefun/seasonal/christmas/christmas_present"},{"predicate":{"custom_model_data":2200331},"model":"slimefun:slimefun/seasonal/easter/easter_egg"},{"predicate":{"custom_model_data":2200334},"model":"slimefun:slimefun/technical_components/cooling_unit"},{"predicate":{"custom_model_data":2200335},"model":"slimefun:slimefun/items/cooler"},{"predicate":{"custom_model_data":2200339},"model":"slimefun:slimefun/energy/energy_regulator"},{"predicate":{"custom_model_data":2200340},"model":"slimefun:slimefun/miscellaneous/duct_tape"},{"predicate":{"custom_model_data":2200341},"model":"slimefun:slimefun/energy/small_energy_capacitor"},{"predicate":{"custom_model_data":2200342},"model":"slimefun:slimefun/energy/medium_energy_capacitor"},{"predicate":{"custom_model_data":2200343},"model":"slimefun:slimefun/energy/big_energy_capacitor"},{"predicate":{"custom_model_data":2200344},"model":"slimefun:slimefun/energy/large_energy_capacitor"},{"predicate":{"custom_model_data":2200345},"model":"slimefun:slimefun/energy/carbonado_edged_energy_capacitor"},{"predicate":{"custom_model_data":2200371},"model":"slimefun:slimefun/energy/coal_generator"},{"predicate":{"custom_model_data":2200372},"model":"slimefun:slimefun/energy/coal_generator2"},{"predicate":{"custom_model_data":2200376},"model":"slimefun:slimefun/energy/electric_press"},{"predicate":{"custom_model_data":2200377},"model":"slimefun:slimefun/energy/electric_press2"},{"predicate":{"custom_model_data":2200379},"model":"slimefun:slimefun/energy/magnesium_generator"},{"predicate":{"custom_model_data":2200386},"model":"slimefun:slimefun/technical_components/android_memory_core"},{"predicate":{"custom_model_data":2200387},"model":"slimefun:slimefun/gps/gps_transmitter"},{"predicate":{"custom_model_data":2200388},"model":"slimefun:slimefun/gps/gps_transmitter_advanced"},{"predicate":{"custom_model_data":2200389},"model":"slimefun:slimefun/gps/gps_transmitter_carbonado"},{"predicate":{"custom_model_data":2200390},"model":"slimefun:slimefun/gps/gps_transmitter_energized"},{"predicate":{"custom_model_data":2200391},"model":"slimefun:slimefun/gps/gps_control_panel"},{"predicate":{"custom_model_data":2200393},"model":"slimefun:slimefun/gps/gps_emergency_transmitter"},{"predicate":{"custom_model_data":2200396},"model":"slimefun:slimefun/androids/android/normal"},{"predicate":{"custom_model_data":2200397},"model":"slimefun:slimefun/androids/android/miner"},{"predicate":{"custom_model_data":2200398},"model":"slimefun:slimefun/androids/android/farmer"},{"predicate":{"custom_model_data":2200399},"model":"slimefun:slimefun/androids/android/woodcutter"},{"predicate":{"custom_model_data":2200400},"model":"slimefun:slimefun/androids/android/fisherman"},{"predicate":{"custom_model_data":2200401},"model":"slimefun:slimefun/androids/android/butcher"},{"predicate":{"custom_model_data":2200402},"model":"slimefun:slimefun/androids/android2/normal"},{"predicate":{"custom_model_data":2200403},"model":"slimefun:slimefun/androids/android2/fisherman"},{"predicate":{"custom_model_data":2200404},"model":"slimefun:slimefun/androids/android2/butcher"},{"predicate":{"custom_model_data":2200405},"model":"slimefun:slimefun/androids/android2/farmer"},{"predicate":{"custom_model_data":2200406},"model":"slimefun:slimefun/androids/android3/normal"},{"predicate":{"custom_model_data":2200407},"model":"slimefun:slimefun/androids/android3/fisherman"},{"predicate":{"custom_model_data":2200408},"model":"slimefun:slimefun/androids/android3/butcher"},{"predicate":{"custom_model_data":2200450},"model":"slimefun:slimefun/gps/gps_geo_scanner"},{"predicate":{"custom_model_data":2200452},"model":"slimefun:slimefun/gps/oil_pump"},{"predicate":{"custom_model_data":2200453},"model":"slimefun:slimefun/gps/geo_miner"},{"predicate":{"custom_model_data":2200454},"model":"slimefun:slimefun/resources/fuel/oil"},{"predicate":{"custom_model_data":2200455},"model":"slimefun:slimefun/resources/fuel/fuel"},{"predicate":{"custom_model_data":2200456},"model":"slimefun:slimefun/resources/valuables/nether_ice"},{"predicate":{"custom_model_data":2200458},"model":"slimefun:slimefun/energy/lava_generator"},{"predicate":{"custom_model_data":2200459},"model":"slimefun:slimefun/energy/lava_generator2"},{"predicate":{"custom_model_data":2200460},"model":"slimefun:slimefun/energy/combustion_reactor"},{"predicate":{"custom_model_data":2200469},"model":"slimefun:slimefun/resources/valuables/enriched_nether_ice"},{"predicate":{"custom_model_data":2200473},"model":"slimefun:slimefun/miscellaneous/organic_food/wheat"},{"predicate":{"custom_model_data":2200474},"model":"slimefun:slimefun/miscellaneous/organic_food/carrots"},{"predicate":{"custom_model_data":2200475},"model":"slimefun:slimefun/miscellaneous/organic_food/potatoes"},{"predicate":{"custom_model_data":2200476},"model":"slimefun:slimefun/miscellaneous/organic_food/seeds"},{"predicate":{"custom_model_data":2200477},"model":"slimefun:slimefun/miscellaneous/organic_food/beetroot"},{"predicate":{"custom_model_data":2200478},"model":"slimefun:slimefun/miscellaneous/organic_food/melon"},{"predicate":{"custom_model_data":2200479},"model":"slimefun:slimefun/miscellaneous/organic_food/apple"},{"predicate":{"custom_model_data":2200480},"model":"slimefun:slimefun/miscellaneous/organic_food/sweet_berries"},{"predicate":{"custom_model_data":2200481},"model":"slimefun:slimefun/miscellaneous/organic_food/dried_kelp"},{"predicate":{"custom_model_data":2200482},"model":"slimefun:slimefun/miscellaneous/organic_food/cocoa_beans"},{"predicate":{"custom_model_data":2200486},"model":"slimefun:slimefun/energy/exp_collector"},{"predicate":{"custom_model_data":2200489},"model":"slimefun:slimefun/miscellaneous/organic_fertilizer/wheat"},{"predicate":{"custom_model_data":2200490},"model":"slimefun:slimefun/miscellaneous/organic_fertilizer/carrots"},{"predicate":{"custom_model_data":2200491},"model":"slimefun:slimefun/miscellaneous/organic_fertilizer/potatoes"},{"predicate":{"custom_model_data":2200492},"model":"slimefun:slimefun/miscellaneous/organic_fertilizer/seeds"},{"predicate":{"custom_model_data":2200493},"model":"slimefun:slimefun/miscellaneous/organic_fertilizer/beetroot"},{"predicate":{"custom_model_data":2200494},"model":"slimefun:slimefun/miscellaneous/organic_fertilizer/melon"},{"predicate":{"custom_model_data":2200495},"model":"slimefun:slimefun/miscellaneous/organic_fertilizer/apple"},{"predicate":{"custom_model_data":2200496},"model":"slimefun:slimefun/miscellaneous/organic_fertilizer/sweet_berries"},{"predicate":{"custom_model_data":2200497},"model":"slimefun:slimefun/miscellaneous/organic_fertilizer/dried_kelp"},{"predicate":{"custom_model_data":2200498},"model":"slimefun:slimefun/miscellaneous/organic_fertilizer/cocoa_beans"},{"predicate":{"custom_model_data":2200503},"model":"slimefun:slimefun/technical_components/reactor_coolant_cell"},{"predicate":{"custom_model_data":2200504},"model":"slimefun:slimefun/technical_components/nether_ice_coolant_cell"},{"predicate":{"custom_model_data":2200505},"model":"slimefun:slimefun/resources/radioactive_materials/neptunium"},{"predicate":{"custom_model_data":2200506},"model":"slimefun:slimefun/resources/radioactive_materials/plutonium"},{"predicate":{"custom_model_data":2200507},"model":"slimefun:slimefun/resources/radioactive_materials/boosted_uranium"},{"predicate":{"custom_model_data":2200508},"model":"slimefun:slimefun/energy/nuclear_reactor"},{"predicate":{"custom_model_data":2200509},"model":"slimefun:slimefun/energy/nether_star_reactor"},{"predicate":{"custom_model_data":2200510},"model":"slimefun:slimefun/cargo/motor"},{"predicate":{"custom_model_data":2200511},"model":"slimefun:slimefun/cargo/manager"},{"predicate":{"custom_model_data":2200512},"model":"slimefun:slimefun/cargo/connector"},{"predicate":{"custom_model_data":2200513},"model":"slimefun:slimefun/cargo/input"},{"predicate":{"custom_model_data":2200514},"model":"slimefun:slimefun/cargo/output"},{"predicate":{"custom_model_data":2200515},"model":"slimefun:slimefun/cargo/output2"},{"predicate":{"custom_model_data":2200516},"model":"slimefun:slimefun/energy/automated_crafting_chamber"},{"predicate":{"custom_model_data":2200519},"model":"slimefun:slimefun/cargo/trash"},{"predicate":{"custom_model_data":2200527},"model":"slimefun:slimefun/items/tape_measure"},{"predicate":{"custom_model_data":2200537},"model":"slimefun:slimefun/energy/energized_capacitor"},{"predicate":{"custom_model_data":2200538},"model":"slimefun:slimefun/energy/energy_connector"},{"predicate":{"custom_model_data":2200539},"model":"slimefun:slimefun/cargo/crafting_motor"},{"predicate":{"custom_model_data":2200540},"model":"slimefun:slimefun/cargo/vanilla_auto_crafter"},{"predicate":{"custom_model_data":2200541},"model":"slimefun:slimefun/cargo/enhanced_auto_crafter"},{"predicate":{"custom_model_data":2200542},"model":"slimefun:slimefun/cargo/armor_auto_crafter"},{"predicate":{"custom_model_data":2200548},"model":"slimefun:slimefun/miscellaneous/organic_food/seagrass"},{"predicate":{"custom_model_data":2200549},"model":"slimefun:slimefun/miscellaneous/organic_fertilizer/seagrass"},{"predicate":{"custom_model_data":2200652},"model":"infinityexpansion:machines/infinity_capacitor"},{"predicate":{"custom_model_data":2200800},"model":"slimy_tree_taps:materials/amber"},{"predicate":{"custom_model_data":2200823},"model":"litexpansion:materials/thorium"},{"predicate":{"custom_model_data":2200846},"model":"exotic_garden:drinks/hot_chocolate"},{"predicate":{"custom_model_data":2200857},"model":"exotic_garden:drinks/pinacolada"},{"predicate":{"custom_model_data":2200868},"model":"exotic_garden:drinks/sweetened_tea"},{"predicate":{"custom_model_data":2200872},"model":"exotic_garden:foods/apple_pear_cake"},{"predicate":{"custom_model_data":2200873},"model":"exotic_garden:foods/oak_apple_pie"},{"predicate":{"custom_model_data":2200874},"model":"exotic_garden:foods/bacon"},{"predicate":{"custom_model_data":2200875},"model":"exotic_garden:foods/bacon_burger"},{"predicate":{"custom_model_data":2200876},"model":"exotic_garden:foods/bacon_cheeseburger"},{"predicate":{"custom_model_data":2200877},"model":"exotic_garden:foods/bacon_sandwich"},{"predicate":{"custom_model_data":2200878},"model":"exotic_garden:foods/bagel"},{"predicate":{"custom_model_data":2200879},"model":"exotic_garden:foods/biscuit"},{"predicate":{"custom_model_data":2200880},"model":"exotic_garden:foods/biscuits_and_country_gravy"},{"predicate":{"custom_model_data":2200881},"model":"exotic_garden:foods/blackberry_cobbler"},{"predicate":{"custom_model_data":2200882},"model":"exotic_garden:foods/blackberry_jelly_sandwich"},{"predicate":{"custom_model_data":2200883},"model":"exotic_garden:foods/blackberry_pie"},{"predicate":{"custom_model_data":2200884},"model":"exotic_garden:foods/blt_sandwich"},{"predicate":{"custom_model_data":2200885},"model":"exotic_garden:foods/blueberry_cheesecake"},{"predicate":{"custom_model_data":2200886},"model":"exotic_garden:foods/blueberry_jelly_sandwich"},{"predicate":{"custom_model_data":2200887},"model":"exotic_garden:foods/blueberry_muffin"},{"predicate":{"custom_model_data":2200888},"model":"exotic_garden:foods/blueberry_pancakes"},{"predicate":{"custom_model_data":2200889},"model":"exotic_garden:foods/blueberry_pie"},{"predicate":{"custom_model_data":2200890},"model":"exotic_garden:foods/boston_cream_pie"},{"predicate":{"custom_model_data":2200891},"model":"exotic_garden:foods/burrito"},{"predicate":{"custom_model_data":2200892},"model":"exotic_garden:foods/carrot_cake"},{"predicate":{"custom_model_data":2200893},"model":"exotic_garden:foods/cheeseburger"},{"predicate":{"custom_model_data":2200894},"model":"exotic_garden:foods/cheesecake"},{"predicate":{"custom_model_data":2200895},"model":"exotic_garden:foods/cherry_cheesecake"},{"predicate":{"custom_model_data":2200896},"model":"exotic_garden:foods/cherry_pie"},{"predicate":{"custom_model_data":2200897},"model":"exotic_garden:foods/chicken_burrito"},{"predicate":{"custom_model_data":2200898},"model":"exotic_garden:foods/chicken_cheeseburger"},{"predicate":{"custom_model_data":2200899},"model":"exotic_garden:foods/chicken_curry"},{"predicate":{"custom_model_data":2200900},"model":"exotic_garden:foods/chicken_pot_pie"},{"predicate":{"custom_model_data":2200901},"model":"exotic_garden:foods/chicken_sandwich"},{"predicate":{"custom_model_data":2200902},"model":"exotic_garden:foods/chickenburger"},{"predicate":{"custom_model_data":2200903},"model":"exotic_garden:foods/chocolate_bar"},{"predicate":{"custom_model_data":2200904},"model":"exotic_garden:foods/chocolate_cake"},{"predicate":{"custom_model_data":2200905},"model":"exotic_garden:foods/chocolate_chip_muffin"},{"predicate":{"custom_model_data":2200906},"model":"exotic_garden:foods/chocolate_pear_cake"},{"predicate":{"custom_model_data":2200907},"model":"exotic_garden:foods/chocolate_strawberry"},{"predicate":{"custom_model_data":2200908},"model":"exotic_garden:foods/club_sandwich"},{"predicate":{"custom_model_data":2200909},"model":"exotic_garden:foods/coconut_chicken_curry"},{"predicate":{"custom_model_data":2200911},"model":"exotic_garden:foods/cowberry_jelly_sandwich"},{"predicate":{"custom_model_data":2200912},"model":"exotic_garden:foods/cowberry_pie"},{"predicate":{"custom_model_data":2200913},"model":"exotic_garden:foods/cranberry_jelly_sandwich"},{"predicate":{"custom_model_data":2200914},"model":"exotic_garden:foods/cranberry_pie"},{"predicate":{"custom_model_data":2200915},"model":"exotic_garden:foods/cream_cookie"},{"predicate":{"custom_model_data":2200916},"model":"exotic_garden:foods/creamed_corn"},{"predicate":{"custom_model_data":2200917},"model":"exotic_garden:foods/deluxe_cheeseburger"},{"predicate":{"custom_model_data":2200918},"model":"exotic_garden:foods/dragon_fruit_pie"},{"predicate":{"custom_model_data":2200919},"model":"exotic_garden:foods/egg_salad"},{"predicate":{"custom_model_data":2200920},"model":"exotic_garden:foods/elderberry_sandwich"},{"predicate":{"custom_model_data":2200921},"model":"exotic_garden:foods/elderberry_pie"},{"predicate":{"custom_model_data":2200922},"model":"exotic_garden:foods/fish_sandwich"},{"predicate":{"custom_model_data":2200923},"model":"exotic_garden:foods/fish_taco"},{"predicate":{"custom_model_data":2200924},"model":"exotic_garden:foods/fries"},{"predicate":{"custom_model_data":2200925},"model":"exotic_garden:foods/garlic_bread"},{"predicate":{"custom_model_data":2200926},"model":"exotic_garden:foods/garlic_cheese_bread"},{"predicate":{"custom_model_data":2200927},"model":"exotic_garden:foods/grape_jelly_sandwich"},{"predicate":{"custom_model_data":2200928},"model":"exotic_garden:foods/grape_pie"},{"predicate":{"custom_model_data":2200929},"model":"exotic_garden:foods/grape_salad"},{"predicate":{"custom_model_data":2200930},"model":"exotic_garden:foods/grilled_sandwich"},{"predicate":{"custom_model_data":2200931},"model":"exotic_garden:foods/hamburger"},{"predicate":{"custom_model_data":2200932},"model":"exotic_garden:foods/hot_dog"},{"predicate":{"custom_model_data":2200933},"model":"exotic_garden:foods/hot_dog_bacon_wrapped_cheese_filled"},{"predicate":{"custom_model_data":2200934},"model":"exotic_garden:foods/hot_dog_bbq_bacon_wrapped"},{"predicate":{"custom_model_data":2200935},"model":"exotic_garden:foods/hot_dog_bbq_double_bacon_wrapped_in_a_tortilla_with_cheese"},{"predicate":{"custom_model_data":2200936},"model":"exotic_garden:foods/ice_cream"},{"predicate":{"custom_model_data":2200937},"model":"exotic_garden:foods/jammy_dodger"},{"predicate":{"custom_model_data":2200938},"model":"exotic_garden:foods/lamington"},{"predicate":{"custom_model_data":2200939},"model":"exotic_garden:foods/lasagna"},{"predicate":{"custom_model_data":2200940},"model":"exotic_garden:foods/leafy_chicken_sandwich"},{"predicate":{"custom_model_data":2200941},"model":"exotic_garden:foods/leafy_fish_sandwich"},{"predicate":{"custom_model_data":2200942},"model":"exotic_garden:foods/lemon_pie"},{"predicate":{"custom_model_data":2200943},"model":"exotic_garden:foods/lime_pie"},{"predicate":{"custom_model_data":2200944},"model":"exotic_garden:foods/orange_pie"},{"predicate":{"custom_model_data":2200945},"model":"exotic_garden:foods/pancakes"},{"predicate":{"custom_model_data":2200946},"model":"exotic_garden:foods/pavlova"},{"predicate":{"custom_model_data":2200947},"model":"exotic_garden:foods/peach_pie"},{"predicate":{"custom_model_data":2200948},"model":"exotic_garden:foods/pear_pie"},{"predicate":{"custom_model_data":2200949},"model":"exotic_garden:foods/plum_pie"},{"predicate":{"custom_model_data":2200950},"model":"exotic_garden:foods/pomegranate_pie"},{"predicate":{"custom_model_data":2200951},"model":"exotic_garden:foods/popcorn"},{"predicate":{"custom_model_data":2200952},"model":"exotic_garden:foods/popcorn_salty"},{"predicate":{"custom_model_data":2200953},"model":"exotic_garden:foods/popcorn_sweet"},{"predicate":{"custom_model_data":2200954},"model":"exotic_garden:foods/potato_salad"},{"predicate":{"custom_model_data":2200955},"model":"exotic_garden:foods/pumpkin_bread"},{"predicate":{"custom_model_data":2200956},"model":"exotic_garden:foods/pumpkin_cheesecake"},{"predicate":{"custom_model_data":2200957},"model":"exotic_garden:foods/pumpkin_muffin"},{"predicate":{"custom_model_data":2200958},"model":"exotic_garden:foods/raspberry_jelly_sandwich"},{"predicate":{"custom_model_data":2200959},"model":"exotic_garden:foods/raspberry_pie"},{"predicate":{"custom_model_data":2200960},"model":"exotic_garden:foods/sandwich"},{"predicate":{"custom_model_data":2200961},"model":"exotic_garden:foods/shepards_pie"},{"predicate":{"custom_model_data":2200962},"model":"exotic_garden:foods/strawberry_jelly_sandwich"},{"predicate":{"custom_model_data":2200963},"model":"exotic_garden:foods/strawberry_pie"},{"predicate":{"custom_model_data":2200964},"model":"exotic_garden:foods/strawberry_salad"},{"predicate":{"custom_model_data":2200965},"model":"exotic_garden:foods/sweet_berry_pancakes"},{"predicate":{"custom_model_data":2200966},"model":"exotic_garden:foods/sweetened_pear_cheesecake"},{"predicate":{"custom_model_data":2200967},"model":"exotic_garden:foods/taco"},{"predicate":{"custom_model_data":2200968},"model":"exotic_garden:foods/tiramisu"},{"predicate":{"custom_model_data":2200969},"model":"exotic_garden:foods/tiramisu_with_blackberries"},{"predicate":{"custom_model_data":2200970},"model":"exotic_garden:foods/tiramisu_with_raspberries"},{"predicate":{"custom_model_data":2200971},"model":"exotic_garden:foods/tiramisu_with_strawberries"},{"predicate":{"custom_model_data":2200972},"model":"exotic_garden:foods/tomato_soup"},{"predicate":{"custom_model_data":2200973},"model":"exotic_garden:foods/waffles"},{"predicate":{"custom_model_data":2200974},"model":"exotic_garden:fruits/apple"},{"predicate":{"custom_model_data":2200976},"model":"exotic_garden:fruits/black_pepper"},{"predicate":{"custom_model_data":2200978},"model":"exotic_garden:fruits/blackberry"},{"predicate":{"custom_model_data":2200980},"model":"exotic_garden:fruits/blueberry"},{"predicate":{"custom_model_data":2200982},"model":"exotic_garden:fruits/cabbage"},{"predicate":{"custom_model_data":2200984},"model":"exotic_garden:fruits/cherry"},{"predicate":{"custom_model_data":2200986},"model":"exotic_garden:fruits/cilantro"},{"predicate":{"custom_model_data":2200988},"model":"exotic_garden:fruits/coconut"},{"predicate":{"custom_model_data":2200990},"model":"exotic_garden:fruits/corn"},{"predicate":{"custom_model_data":2200992},"model":"exotic_garden:fruits/cowberry"},{"predicate":{"custom_model_data":2200994},"model":"exotic_garden:fruits/cranberry"},{"predicate":{"custom_model_data":2200996},"model":"exotic_garden:fruits/curry_leaf"},{"predicate":{"custom_model_data":2200998},"model":"exotic_garden:fruits/dragon_fruit"},{"predicate":{"custom_model_data":2201000},"model":"exotic_garden:fruits/elderberry"},{"predicate":{"custom_model_data":2201002},"model":"exotic_garden:fruits/garlic"},{"predicate":{"custom_model_data":2201004},"model":"exotic_garden:fruits/grape"},{"predicate":{"custom_model_data":2201007},"model":"exotic_garden:fruits/lemon"},{"predicate":{"custom_model_data":2201009},"model":"exotic_garden:fruits/lettuce"},{"predicate":{"custom_model_data":2201011},"model":"exotic_garden:fruits/lime"},{"predicate":{"custom_model_data":2201013},"model":"exotic_garden:fruits/mustard_seed"},{"predicate":{"custom_model_data":2201015},"model":"exotic_garden:fruits/onion"},{"predicate":{"custom_model_data":2201017},"model":"exotic_garden:fruits/orange"},{"predicate":{"custom_model_data":2201019},"model":"exotic_garden:fruits/peach"},{"predicate":{"custom_model_data":2201021},"model":"exotic_garden:fruits/pear"},{"predicate":{"custom_model_data":2201023},"model":"exotic_garden:fruits/pineapple"},{"predicate":{"custom_model_data":2201025},"model":"exotic_garden:fruits/plum"},{"predicate":{"custom_model_data":2201027},"model":"exotic_garden:fruits/pomegranate"},{"predicate":{"custom_model_data":2201029},"model":"exotic_garden:fruits/raspberry"},{"predicate":{"custom_model_data":2201031},"model":"exotic_garden:fruits/strawberry"},{"predicate":{"custom_model_data":2201033},"model":"exotic_garden:fruits/sweet_potato"},{"predicate":{"custom_model_data":2201035},"model":"exotic_garden:fruits/tea_leaf"},{"predicate":{"custom_model_data":2201037},"model":"exotic_garden:fruits/tomato"},{"predicate":{"custom_model_data":2201075},"model":"exotic_garden:misc/ice_cube"},{"predicate":{"custom_model_data":2201076},"model":"exotic_garden:misc/mayo"},{"predicate":{"custom_model_data":2201077},"model":"exotic_garden:misc/mustard"},{"predicate":{"custom_model_data":2201294},"model":"fluffymachines:watering_can"},{"predicate":{"custom_model_data":2201295},"model":"item/player_head"}]}