{"parent":"minecraft:item/generated","textures":{"layer0":"minecraft:item/shears"},"overrides":[{"predicate":{"custom_model_data":1},"model":"itemsadder:auto_generated/black_shears"},{"predicate":{"custom_model_data":1},"model":"itemsadder:ia_auto_gen/black_shears"},{"predicate":{"custom_model_data":1},"model":"itemsadder:ia_auto_gen/black_shears"},{"predicate":{"custom_model_data":2},"model":"itemsadder:auto_generated/red_shears"},{"predicate":{"custom_model_data":2},"model":"itemsadder:ia_auto_gen/red_shears"},{"predicate":{"custom_model_data":2},"model":"itemsadder:ia_auto_gen/red_shears"},{"predicate":{"custom_model_data":3},"model":"itemsadder:auto_generated/green_shears"},{"predicate":{"custom_model_data":3},"model":"itemsadder:ia_auto_gen/green_shears"},{"predicate":{"custom_model_data":3},"model":"itemsadder:ia_auto_gen/green_shears"},{"predicate":{"custom_model_data":4},"model":"itemsadder:auto_generated/blue_shears"},{"predicate":{"custom_model_data":4},"model":"itemsadder:ia_auto_gen/blue_shears"},{"predicate":{"custom_model_data":4},"model":"itemsadder:ia_auto_gen/blue_shears"},{"predicate":{"custom_model_data":5},"model":"itemsadder:auto_generated/purple_shears"},{"predicate":{"custom_model_data":5},"model":"itemsadder:ia_auto_gen/purple_shears"},{"predicate":{"custom_model_data":5},"model":"itemsadder:ia_auto_gen/purple_shears"},{"predicate":{"custom_model_data":6},"model":"itemsadder:auto_generated/cyan_shears"},{"predicate":{"custom_model_data":6},"model":"itemsadder:ia_auto_gen/cyan_shears"},{"predicate":{"custom_model_data":6},"model":"itemsadder:ia_auto_gen/cyan_shears"},{"predicate":{"custom_model_data":7},"model":"minecraft:item/shears"},{"predicate":{"custom_model_data":2200136},"model":"slimefun:slimefun/technical_gadgets/duralumin_multi_tool"},{"predicate":{"custom_model_data":2200137},"model":"slimefun:slimefun/technical_gadgets/solder_multi_tool"},{"predicate":{"custom_model_data":2200138},"model":"slimefun:slimefun/technical_gadgets/billon_multi_tool"},{"predicate":{"custom_model_data":2200139},"model":"slimefun:slimefun/technical_gadgets/steel_multi_tool"},{"predicate":{"custom_model_data":2200140},"model":"slimefun:slimefun/technical_gadgets/damascus_steel_multi_tool"},{"predicate":{"custom_model_data":2200141},"model":"slimefun:slimefun/technical_gadgets/reinforced_alloy_multi_tool"},{"predicate":{"custom_model_data":2200142},"model":"slimefun:slimefun/technical_gadgets/carbonado_multi_tool"},{"predicate":{"custom_model_data":2200143},"model":"item/shears"}]}