{"parent":"minecraft:item/generated","textures":{"layer0":"minecraft:item/sugar"},"overrides":[{"predicate":{"custom_model_data":1},"model":"terraecustom:item/angel_wings"},{"predicate":{"custom_model_data":1},"model":"terraecustom:item/angel_wings"},{"predicate":{"custom_model_data":1},"model":"terraecustom:item/angel_wings"},{"predicate":{"custom_model_data":2},"model":"terraecustom:item/angel_wings"},{"predicate":{"custom_model_data":2},"model":"terraecustom:item/angel_wings"},{"predicate":{"custom_model_data":2},"model":"terraecustom:item/angel_wings"},{"predicate":{"custom_model_data":3},"model":"terraecustom:item/bunnyears"},{"predicate":{"custom_model_data":3},"model":"terraecustom:item/bunnyears"},{"predicate":{"custom_model_data":3},"model":"terraecustom:item/bunnyears"},{"predicate":{"custom_model_data":10000},"model":"bakery_pack:item/cookhat"},{"predicate":{"custom_model_data":10001},"model":"terraecustom:item/arthus"},{"predicate":{"custom_model_data":10001},"model":"terraecustom:item/arthus"},{"predicate":{"custom_model_data":10001},"model":"terraecustom:item/arthus"},{"predicate":{"custom_model_data":10002},"model":"terraecustom:item/trollfemale"},{"predicate":{"custom_model_data":10002},"model":"terraecustom:item/trollfemale"},{"predicate":{"custom_model_data":10002},"model":"terraecustom:item/trollfemale"},{"predicate":{"custom_model_data":10003},"model":"terraecustom:item/goblinfemale"},{"predicate":{"custom_model_data":10003},"model":"terraecustom:item/goblinfemale"},{"predicate":{"custom_model_data":10003},"model":"terraecustom:item/goblinfemale"},{"predicate":{"custom_model_data":10004},"model":"terraecustom:item/goblinmage"},{"predicate":{"custom_model_data":10004},"model":"terraecustom:item/goblinmage"},{"predicate":{"custom_model_data":10004},"model":"terraecustom:item/goblinmage"},{"predicate":{"custom_model_data":10005},"model":"terraecustom:item/goblinmale"},{"predicate":{"custom_model_data":10005},"model":"terraecustom:item/goblinmale"},{"predicate":{"custom_model_data":10005},"model":"terraecustom:item/goblinmale"},{"predicate":{"custom_model_data":10006},"model":"terraecustom:item/goblinpirate"},{"predicate":{"custom_model_data":10006},"model":"terraecustom:item/goblinpirate"},{"predicate":{"custom_model_data":10006},"model":"terraecustom:item/goblinpirate"},{"predicate":{"custom_model_data":10007},"model":"terraecustom:item/horus"},{"predicate":{"custom_model_data":10007},"model":"terraecustom:item/horus"},{"predicate":{"custom_model_data":10007},"model":"terraecustom:item/horus"},{"predicate":{"custom_model_data":10008},"model":"terraecustom:item/goblinwarrior"},{"predicate":{"custom_model_data":10008},"model":"terraecustom:item/goblinwarrior"},{"predicate":{"custom_model_data":10008},"model":"terraecustom:item/goblinwarrior"},{"predicate":{"custom_model_data":10009},"model":"terraecustom:item/illidanminion"},{"predicate":{"custom_model_data":10009},"model":"terraecustom:item/illidanminion"},{"predicate":{"custom_model_data":10009},"model":"terraecustom:item/illidanminion"},{"predicate":{"custom_model_data":10010},"model":"terraecustom:item/illidan"},{"predicate":{"custom_model_data":10010},"model":"terraecustom:item/illidan"},{"predicate":{"custom_model_data":10010},"model":"terraecustom:item/illidan"},{"predicate":{"custom_model_data":10011},"model":"terraecustom:item/khepri"},{"predicate":{"custom_model_data":10011},"model":"terraecustom:item/khepri"},{"predicate":{"custom_model_data":10011},"model":"terraecustom:item/khepri"},{"predicate":{"custom_model_data":10012},"model":"terraecustom:item/ogre"},{"predicate":{"custom_model_data":10012},"model":"terraecustom:item/ogre"},{"predicate":{"custom_model_data":10012},"model":"terraecustom:item/ogre"},{"predicate":{"custom_model_data":10013},"model":"terraecustom:item/osiris"},{"predicate":{"custom_model_data":10013},"model":"terraecustom:item/osiris"},{"predicate":{"custom_model_data":10013},"model":"terraecustom:item/osiris"},{"predicate":{"custom_model_data":10014},"model":"terraecustom:item/set"},{"predicate":{"custom_model_data":10014},"model":"terraecustom:item/set"},{"predicate":{"custom_model_data":10014},"model":"terraecustom:item/set"},{"predicate":{"custom_model_data":10015},"model":"terraecustom:item/thoth"},{"predicate":{"custom_model_data":10015},"model":"terraecustom:item/thoth"},{"predicate":{"custom_model_data":10015},"model":"terraecustom:item/thoth"},{"predicate":{"custom_model_data":10016},"model":"terraecustom:item/vinicius"},{"predicate":{"custom_model_data":10016},"model":"terraecustom:item/vinicius"},{"predicate":{"custom_model_data":10016},"model":"terraecustom:item/vinicius"},{"predicate":{"custom_model_data":10017},"model":"terraecustom:item/voljin"},{"predicate":{"custom_model_data":10017},"model":"terraecustom:item/voljin"},{"predicate":{"custom_model_data":10017},"model":"terraecustom:item/voljin"},{"predicate":{"custom_model_data":10018},"model":"xmasset:hat"},{"predicate":{"custom_model_data":10018},"model":"xmasset:hat"},{"predicate":{"custom_model_data":10018},"model":"xmasset:hat"},{"predicate":{"custom_model_data":10019},"model":"xmasset:wings"},{"predicate":{"custom_model_data":10019},"model":"xmasset:wings"},{"predicate":{"custom_model_data":10019},"model":"xmasset:wings"},{"predicate":{"custom_model_data":10020},"model":"minecraft:item/sugar"},{"predicate":{"custom_model_data":2200042},"model":"slimefun:slimefun/food/magic_sugar"},{"predicate":{"custom_model_data":2200099},"model":"slimefun:slimefun/resources/dusts/tin_dust"},{"predicate":{"custom_model_data":2200101},"model":"slimefun:slimefun/resources/dusts/silver_dust"},{"predicate":{"custom_model_data":2200102},"model":"slimefun:slimefun/resources/dusts/aluminum_dust"},{"predicate":{"custom_model_data":2200103},"model":"slimefun:slimefun/resources/dusts/zinc_dust"},{"predicate":{"custom_model_data":2200104},"model":"slimefun:slimefun/resources/dusts/magnesium_dust"},{"predicate":{"custom_model_data":2200114},"model":"slimefun:slimefun/miscellaneous/wheat_flour"},{"predicate":{"custom_model_data":2200198},"model":"slimefun:slimefun/miscellaneous/salt"},{"predicate":{"custom_model_data":2200378},"model":"slimefun:slimefun/resources/valuables/magnesium_salt"},{"predicate":{"custom_model_data":2201074},"model":"exotic_garden:misc/cornmeal"},{"predicate":{"custom_model_data":2201406},"model":"bump:foods/kouxiangtang"},{"predicate":{"custom_model_data":2201416},"model":"bump:magical_items/water_sugar"},{"predicate":{"custom_model_data":2201417},"model":"item/sugar"}]}