{"parent":"minecraft:item/generated","textures":{"layer0":"minecraft:item/totem_of_undying"},"overrides":[{"predicate":{"custom_model_data":7},"model":"animatedtitles:auto_generated/tier1"},{"predicate":{"custom_model_data":8},"model":"animatedtitles:auto_generated/tier2"},{"predicate":{"custom_model_data":9},"model":"animatedtitles:auto_generated/tier3"},{"predicate":{"custom_model_data":10},"model":"animatedtitles:auto_generated/tier4"},{"predicate":{"custom_model_data":11},"model":"animatedtitles:auto_generated/tier5"},{"predicate":{"custom_model_data":12},"model":"animatedtitles:auto_generated/tier6"},{"predicate":{"custom_model_data":13},"model":"animatedtitles:auto_generated/tier7"},{"predicate":{"custom_model_data":14},"model":"animatedtitles:auto_generated/tier8"},{"predicate":{"custom_model_data":15},"model":"animatedtitles:auto_generated/tier9"},{"predicate":{"custom_model_data":16},"model":"animatedtitles:auto_generated/tier10"},{"predicate":{"custom_model_data":17},"model":"animatedtitles:auto_generated/tier11"},{"predicate":{"custom_model_data":18},"model":"animatedtitles:auto_generated/tier12"},{"predicate":{"custom_model_data":19},"model":"animatedtitles:auto_generated/tier13"},{"predicate":{"custom_model_data":20},"model":"animatedtitles:auto_generated/tier14"},{"predicate":{"custom_model_data":21},"model":"animatedtitles:auto_generated/tier15"},{"predicate":{"custom_model_data":22},"model":"animatedtitles:auto_generated/tier16"},{"predicate":{"custom_model_data":23},"model":"animatedtitles:auto_generated/tier17"},{"predicate":{"custom_model_data":24},"model":"animatedtitles:auto_generated/tier18"},{"predicate":{"custom_model_data":25},"model":"animatedtitles:auto_generated/tier19"},{"predicate":{"custom_model_data":26},"model":"animatedtitles:auto_generated/tier20"},{"predicate":{"custom_model_data":27},"model":"animatedtitles:auto_generated/tier21"},{"predicate":{"custom_model_data":28},"model":"animatedtitles:auto_generated/tier22"},{"predicate":{"custom_model_data":29},"model":"animatedtitles:auto_generated/tier23"},{"predicate":{"custom_model_data":30},"model":"animatedtitles:auto_generated/tier24"},{"predicate":{"custom_model_data":31},"model":"animatedtitles:auto_generated/tier25"},{"predicate":{"custom_model_data":32},"model":"animatedtitles:auto_generated/tier26"},{"predicate":{"custom_model_data":33},"model":"animatedtitles:auto_generated/tier27"},{"predicate":{"custom_model_data":34},"model":"animatedtitles:auto_generated/tier28"},{"predicate":{"custom_model_data":35},"model":"animatedtitles:auto_generated/tier29"},{"predicate":{"custom_model_data":36},"model":"animatedtitles:auto_generated/tier30"},{"predicate":{"custom_model_data":37},"model":"animatedtitles:auto_generated/tier31"},{"predicate":{"custom_model_data":38},"model":"animatedtitles:auto_generated/tier32"},{"predicate":{"custom_model_data":39},"model":"animatedtitles:auto_generated/tier33"},{"predicate":{"custom_model_data":40},"model":"animatedtitles:auto_generated/tier34"},{"predicate":{"custom_model_data":41},"model":"animatedtitles:auto_generated/tier35"},{"predicate":{"custom_model_data":42},"model":"animatedtitles:auto_generated/tier36"},{"predicate":{"custom_model_data":43},"model":"animatedtitles:auto_generated/tier37"},{"predicate":{"custom_model_data":44},"model":"animatedtitles:auto_generated/tier38"},{"predicate":{"custom_model_data":45},"model":"animatedtitles:auto_generated/tier39"},{"predicate":{"custom_model_data":46},"model":"animatedtitles:auto_generated/tier40"},{"predicate":{"custom_model_data":47},"model":"animatedtitles:auto_generated/tier41"},{"predicate":{"custom_model_data":48},"model":"animatedtitles:auto_generated/tier42"},{"predicate":{"custom_model_data":49},"model":"animatedtitles:auto_generated/tier43"},{"predicate":{"custom_model_data":50},"model":"animatedtitles:auto_generated/tier44"},{"predicate":{"custom_model_data":51},"model":"animatedtitles:auto_generated/tier45"},{"predicate":{"custom_model_data":52},"model":"animatedtitles:auto_generated/tier46"},{"predicate":{"custom_model_data":53},"model":"animatedtitles:auto_generated/tier47"},{"predicate":{"custom_model_data":54},"model":"animatedtitles:auto_generated/tier48"},{"predicate":{"custom_model_data":55},"model":"animatedtitles:auto_generated/tier49"},{"predicate":{"custom_model_data":56},"model":"animatedtitles:auto_generated/tier50"},{"predicate":{"custom_model_data":57},"model":"animatedtitles:auto_generated/tier51"},{"predicate":{"custom_model_data":58},"model":"animatedtitles:auto_generated/tier52"},{"predicate":{"custom_model_data":59},"model":"animatedtitles:auto_generated/tier53"},{"predicate":{"custom_model_data":60},"model":"animatedtitles:auto_generated/tier54"},{"predicate":{"custom_model_data":61},"model":"animatedtitles:auto_generated/tier55"},{"predicate":{"custom_model_data":62},"model":"animatedtitles:auto_generated/tier56"},{"predicate":{"custom_model_data":63},"model":"animatedtitles:auto_generated/tier57"},{"predicate":{"custom_model_data":64},"model":"animatedtitles:auto_generated/tier58"},{"predicate":{"custom_model_data":65},"model":"animatedtitles:auto_generated/tier59"},{"predicate":{"custom_model_data":66},"model":"animatedtitles:auto_generated/tier60"},{"predicate":{"custom_model_data":67},"model":"animatedtitles:auto_generated/tier61"},{"predicate":{"custom_model_data":68},"model":"animatedtitles:auto_generated/tier62"},{"predicate":{"custom_model_data":69},"model":"animatedtitles:auto_generated/tier63"},{"predicate":{"custom_model_data":70},"model":"animatedtitles:auto_generated/tier64"},{"predicate":{"custom_model_data":71},"model":"animatedtitles:auto_generated/tier65"},{"predicate":{"custom_model_data":72},"model":"animatedtitles:auto_generated/tier66"},{"predicate":{"custom_model_data":73},"model":"animatedtitles:auto_generated/tier67"},{"predicate":{"custom_model_data":74},"model":"animatedtitles:auto_generated/tier68"},{"predicate":{"custom_model_data":75},"model":"animatedtitles:auto_generated/tier69"},{"predicate":{"custom_model_data":76},"model":"animatedtitles:auto_generated/tier70"},{"predicate":{"custom_model_data":77},"model":"animatedtitles:auto_generated/tier71"},{"predicate":{"custom_model_data":78},"model":"animatedtitles:auto_generated/tier72"},{"predicate":{"custom_model_data":79},"model":"animatedtitles:auto_generated/tier73"},{"predicate":{"custom_model_data":80},"model":"animatedtitles:auto_generated/tier74"},{"predicate":{"custom_model_data":81},"model":"animatedtitles:auto_generated/tier75"},{"predicate":{"custom_model_data":82},"model":"animatedtitles:auto_generated/tier76"},{"predicate":{"custom_model_data":83},"model":"animatedtitles:auto_generated/tier77"},{"predicate":{"custom_model_data":84},"model":"animatedtitles:auto_generated/tier78"},{"predicate":{"custom_model_data":85},"model":"animatedtitles:auto_generated/tier79"},{"predicate":{"custom_model_data":86},"model":"animatedtitles:auto_generated/tier80"},{"predicate":{"custom_model_data":87},"model":"animatedtitles:auto_generated/tier81"},{"predicate":{"custom_model_data":88},"model":"animatedtitles:auto_generated/tier82"},{"predicate":{"custom_model_data":89},"model":"animatedtitles:auto_generated/tier83"},{"predicate":{"custom_model_data":90},"model":"animatedtitles:auto_generated/tier84"},{"predicate":{"custom_model_data":91},"model":"animatedtitles:auto_generated/tier85"},{"predicate":{"custom_model_data":92},"model":"animatedtitles:auto_generated/tier86"},{"predicate":{"custom_model_data":93},"model":"animatedtitles:auto_generated/tier87"},{"predicate":{"custom_model_data":94},"model":"animatedtitles:auto_generated/tier88"},{"predicate":{"custom_model_data":95},"model":"animatedtitles:auto_generated/tier89"},{"predicate":{"custom_model_data":96},"model":"animatedtitles:auto_generated/tier90"},{"predicate":{"custom_model_data":97},"model":"animatedtitles:auto_generated/tier91"},{"predicate":{"custom_model_data":98},"model":"animatedtitles:auto_generated/tier92"},{"predicate":{"custom_model_data":99},"model":"animatedtitles:auto_generated/tier93"},{"predicate":{"custom_model_data":100},"model":"animatedtitles:auto_generated/tier94"},{"predicate":{"custom_model_data":101},"model":"animatedtitles:auto_generated/tier95"},{"predicate":{"custom_model_data":102},"model":"animatedtitles:auto_generated/tier96"},{"predicate":{"custom_model_data":103},"model":"animatedtitles:auto_generated/tier97"},{"predicate":{"custom_model_data":104},"model":"animatedtitles:auto_generated/tier98"},{"predicate":{"custom_model_data":105},"model":"animatedtitles:auto_generated/tier99"},{"predicate":{"custom_model_data":106},"model":"animatedtitles:auto_generated/tier100"},{"predicate":{"custom_model_data":108},"model":"animatedtitles:auto_generated/teleportation"},{"predicate":{"custom_model_data":109},"model":"minecraft:item/totem_of_undying"}]}