{"texture_size":[32,32],"textures":{"1":"swordpack:vanilla_swords_pack/emerald_sword"},"elements":[{"from":[6.5,29,7],"to":[9.5,32,9],"rotation":{"angle":45,"axis":"z","origin":[8,30.5,8]},"faces":{"north":{"uv":[8,8,9.5,9.5],"texture":"#1"},"east":{"uv":[7.5,9.5,8.5,11],"texture":"#1"},"south":{"uv":[6,9,7.5,10.5],"texture":"#1"},"west":{"uv":[9.5,8,10.5,9.5],"texture":"#1"},"up":{"uv":[10,10.5,8.5,9.5],"texture":"#1"},"down":{"uv":[1.5,12,0,13],"texture":"#1"}}},{"from":[7,29.5,6.5],"to":[9,31.5,9.5],"rotation":{"angle":45,"axis":"z","origin":[8,30.5,8]},"faces":{"north":{"uv":[5,12,6,13],"texture":"#1"},"east":{"uv":[10,0,11.5,1],"texture":"#1"},"south":{"uv":[10,9.5,11,10.5],"texture":"#1"},"west":{"uv":[10,1,11.5,2],"texture":"#1"},"up":{"uv":[2.5,13.5,1.5,12],"texture":"#1"},"down":{"uv":[11,2,10,3.5],"texture":"#1"}}},{"from":[7.01,21.01,7.01],"to":[8.99,29.99,8.99],"faces":{"north":{"uv":[6,0,7,4.5],"texture":"#1"},"east":{"uv":[6,4.5,7,9],"texture":"#1"},"south":{"uv":[7,0,8,4.5],"texture":"#1"},"west":{"uv":[7,4.5,8,9],"texture":"#1"},"up":{"uv":[3.5,13.5,2.5,12.5],"texture":"#1"},"down":{"uv":[4.5,12.5,3.5,13.5],"texture":"#1"}}},{"from":[4.5,19,7],"to":[11.5,21,9],"rotation":{"angle":0,"axis":"y","origin":[0.5,0,0]},"faces":{"north":{"uv":[8,4,11.5,5],"texture":"#1"},"east":{"uv":[6,10.5,7,11.5],"texture":"#1"},"south":{"uv":[8,5,11.5,6],"texture":"#1"},"west":{"uv":[10.5,8,11.5,9],"texture":"#1"},"up":{"uv":[11.5,7,8,6],"texture":"#1"},"down":{"uv":[11.5,7,8,8],"texture":"#1"}}},{"from":[5.5,-1,7.5],"to":[10.5,19,8.5],"rotation":{"angle":0,"axis":"y","origin":[0,3,0]},"faces":{"north":{"uv":[3.5,0,6,10],"texture":"#1"},"east":{"uv":[3,0,3.5,10],"texture":"#1"},"south":{"uv":[0.5,0,3,10],"texture":"#1"},"west":{"uv":[0,0,0.5,10],"texture":"#1"},"up":{"uv":[6,0.5,3.5,0],"texture":"#1"},"down":{"uv":[12.5,3.5,10,4],"texture":"#1"}}},{"from":[7.999,-3.501,7.499],"to":[11.536,0.036,8.501],"rotation":{"angle":45,"axis":"z","origin":[8,-3.5,7.5]},"faces":{"north":{"uv":[4,10,6,12],"texture":"#1"},"east":{"uv":[4,10,4.5,12],"texture":"#1"},"south":{"uv":[0.5,10,2.5,12],"texture":"#1"},"west":{"uv":[0,10,0.5,12],"texture":"#1"},"up":{"uv":[6,10.5,4,10],"texture":"#1"},"down":{"uv":[6,11.5,4,12],"texture":"#1"}}},{"from":[5.5,-1,7.4985],"to":[6.503,0.003,8.5015],"rotation":{"angle":0,"axis":"y","origin":[5.5015,-0.9985,7.4835]},"faces":{"north":{"uv":[5.5,9.5,6,10],"texture":"#1"},"east":{"uv":[10.5,10.5,11,11],"texture":"#1"},"south":{"uv":[0.5,9.5,1,10],"texture":"#1"},"west":{"uv":[0,9.5,0.5,10],"texture":"#1"},"up":{"uv":[1,11.5,0.5,11],"texture":"#1"},"down":{"uv":[11.5,2,11,2.5],"texture":"#1"}}}],"gui_light":"front","display":{"thirdperson_righthand":{"rotation":[170,90,0],"translation":[0,8,-0.25],"scale":[0.6,0.6,0.6]},"thirdperson_lefthand":{"rotation":[170,-90,0],"translation":[0,8,-0.25],"scale":[0.6,0.6,0.6]},"firstperson_righthand":{"rotation":[-160,90,0],"translation":[2,4,0.75],"scale":[0.6,0.6,0.6]},"firstperson_lefthand":{"rotation":[-160,-90,0],"translation":[2,4,0.75],"scale":[0.6,0.6,0.6]},"ground":{"rotation":[0,0,135],"translation":[2.5,7,0],"scale":[0.5,0.5,0.5]},"gui":{"rotation":[-180,0,45],"translation":[2,2,0],"scale":[0.5,0.5,0.5]},"head":{"translation":[0.25,8.5,0.75],"scale":[0.6,0.6,0.6]},"fixed":{"rotation":[0,0,-135],"translation":[-3,3,-0.75],"scale":[0.6,0.6,0.6]}}}