{"credit":"MadebyPolygonMC","texture_size":[4,4],"textures":{"1":"thunderboltset:item/animation_2","2":"thunderboltset:item/staff","particle":"thunderboltset:item/animation_2"},"elements":[{"from":[7.5,0,7.5],"to":[8.5,1,8.5],"rotation":{"angle":-45,"axis":"x","origin":[8,0.5,8]},"faces":{"north":{"uv":[4.8,7.2,5.6,8],"texture":"#2"},"east":{"uv":[8,10.4,8.8,11.2],"texture":"#2"},"south":{"uv":[5.6,11.2,6.4,12],"texture":"#2"},"west":{"uv":[11.2,6.4,12,7.2],"texture":"#2"},"up":{"uv":[12,8,11.2,7.2],"texture":"#2"},"down":{"uv":[8.8,11.2,8,12],"texture":"#2"}}},{"from":[7.38,0.74,7.38],"to":[8.62,1.36,8.62],"rotation":{"angle":0,"axis":"x","origin":[8,1.36,8]},"faces":{"north":{"uv":[8,12,9,12.4],"texture":"#2"},"east":{"uv":[12,8,13,8.4],"texture":"#2"},"south":{"uv":[12,8.8,13,9.2],"texture":"#2"},"west":{"uv":[9.6,12,10.6,12.4],"texture":"#2"},"up":{"uv":[10.6,6.6,9.6,5.6],"texture":"#2"},"down":{"uv":[10.6,7.2,9.6,8.2],"texture":"#2"}}},{"from":[7.5,1.36,7.5],"to":[8.5,3.36,8.5],"rotation":{"angle":0,"axis":"y","origin":[6.88,-5.28,6.88]},"faces":{"north":{"uv":[1.6,5.6,2.4,7.2],"texture":"#2"},"east":{"uv":[8.8,2.4,9.6,4],"texture":"#2"},"south":{"uv":[8.8,4,9.6,5.6],"texture":"#2"},"west":{"uv":[8.8,5.6,9.6,7.2],"texture":"#2"},"up":{"uv":[12,8.8,11.2,8],"texture":"#2"},"down":{"uv":[9.6,11.2,8.8,12],"texture":"#2"}}},{"from":[7.5,5.36,7.5],"to":[8.5,7.36,8.5],"rotation":{"angle":0,"axis":"y","origin":[6.88,-1.28,6.88]},"faces":{"north":{"uv":[6.4,8.8,7.2,10.4],"texture":"#2"},"east":{"uv":[7.2,8.8,8,10.4],"texture":"#2"},"south":{"uv":[8.8,7.2,9.6,8.8],"texture":"#2"},"west":{"uv":[8,8.8,8.8,10.4],"texture":"#2"},"up":{"uv":[12,9.6,11.2,8.8],"texture":"#2"},"down":{"uv":[10.4,11.2,9.6,12],"texture":"#2"}}},{"from":[7.6,3.36,7.6],"to":[8.4,5.36,8.4],"rotation":{"angle":0,"axis":"y","origin":[6.88,-3.28,6.88]},"faces":{"north":{"uv":[5.6,9.6,6.2,11.2],"texture":"#2"},"east":{"uv":[1.6,10.4,2.2,12],"texture":"#2"},"south":{"uv":[6.4,10.4,7,12],"texture":"#2"},"west":{"uv":[7.2,10.4,7.8,12],"texture":"#2"},"up":{"uv":[12.6,11.8,12,11.2],"texture":"#2"},"down":{"uv":[0.6,12.8,0,13.4],"texture":"#2"}}},{"from":[7.4,7,7],"to":[8.6,9,9],"rotation":{"angle":-45,"axis":"x","origin":[8,8,8]},"faces":{"north":{"uv":[5.6,6.4,6.6,8],"texture":"#2"},"east":{"uv":[0,5.6,1.6,7.2],"texture":"#2"},"south":{"uv":[0,7.2,1,8.8],"texture":"#2"},"west":{"uv":[5.6,0,7.2,1.6],"texture":"#2"},"up":{"uv":[8.2,1.6,7.2,0],"texture":"#2"},"down":{"uv":[2.6,7.2,1.6,8.8],"texture":"#2"}}},{"from":[7.3,7.2,7.2],"to":[8.7,8.8,8.8],"rotation":{"angle":45,"axis":"x","origin":[8,8,8]},"faces":{"north":{"uv":[7.2,1.6,8.4,2.8],"texture":"#2"},"east":{"uv":[3.2,7.2,4.4,8.4],"texture":"#2"},"south":{"uv":[7.2,3.2,8.4,4.4],"texture":"#2"},"west":{"uv":[7.2,4.8,8.4,6],"texture":"#2"},"up":{"uv":[8.4,7.6,7.2,6.4],"texture":"#2"},"down":{"uv":[6,8,4.8,9.2],"texture":"#2"}}},{"from":[7.22,12.49633,6.44],"to":[8.78,13.27633,9.56],"rotation":{"angle":0,"axis":"y","origin":[7.22,6.33433,3.866]},"faces":{"north":{"uv":[11.2,1.6,12.4,2.2],"texture":"#2"},"east":{"uv":[6.4,8,8.8,8.6],"texture":"#2"},"south":{"uv":[2.4,11.2,3.6,11.8],"texture":"#2"},"west":{"uv":[0,8.8,2.4,9.4],"texture":"#2"},"up":{"uv":[3.6,2.4,2.4,0],"texture":"#2"},"down":{"uv":[3.6,2.4,2.4,4.8],"texture":"#2"}}},{"from":[7.22,13.06363,3.89299],"to":[8.78,13.84363,6.70799],"rotation":{"angle":22.5,"axis":"x","origin":[8,13.45363,5.14799]},"faces":{"north":{"uv":[11.2,2.4,12.4,3],"texture":"#2"},"east":{"uv":[8.8,1.6,11,2.2],"texture":"#2"},"south":{"uv":[11.2,3.2,12.4,3.8],"texture":"#2"},"west":{"uv":[2.4,8.8,4.6,9.4],"texture":"#2"},"up":{"uv":[3.6,7,2.4,4.8],"texture":"#2"},"down":{"uv":[5.2,4.8,4,7],"texture":"#2"}}},{"from":[7.22,14.35237,3.71401],"to":[8.78,15.13237,6.11101],"rotation":{"angle":22.5,"axis":"x","origin":[8,13.18237,4.55101]},"faces":{"north":{"uv":[4,11.2,5.2,11.8],"texture":"#2"},"east":{"uv":[8.8,8.8,10.8,9.4],"texture":"#2"},"south":{"uv":[11.2,4,12.4,4.6],"texture":"#2"},"west":{"uv":[0,9.6,2,10.2],"texture":"#2"},"up":{"uv":[6.8,3.6,5.6,1.6],"texture":"#2"},"down":{"uv":[6.8,4,5.6,6],"texture":"#2"}}},{"from":[7.22,13.66633,6.44],"to":[8.78,14.44633,9.56],"rotation":{"angle":0,"axis":"y","origin":[7.22,6.33433,3.866]},"faces":{"north":{"uv":[11.2,4.8,12.4,5.4],"texture":"#2"},"east":{"uv":[8.8,0,11.2,0.6],"texture":"#2"},"south":{"uv":[11.2,5.6,12.4,6.2],"texture":"#2"},"west":{"uv":[8.8,0.8,11.2,1.4],"texture":"#2"},"up":{"uv":[5.2,2.4,4,0],"texture":"#2"},"down":{"uv":[5.2,2.4,4,4.8],"texture":"#2"}}},{"from":[7.376,13.27633,6.596],"to":[8.624,13.66633,9.404],"rotation":{"angle":0,"axis":"y","origin":[7.22,6.33433,3.866]},"faces":{"east":{"uv":[10.4,9.6,12.6,10],"texture":"#2"},"west":{"uv":[10.4,10.4,12.6,10.8],"texture":"#2"}}},{"from":[7.376,13.79877,4.2215],"to":[8.624,14.18877,6.7775],"rotation":{"angle":22.5,"axis":"x","origin":[8,13.99377,5.3735]},"faces":{"north":{"uv":[11.2,12,12.2,12.4],"texture":"#2"},"east":{"uv":[11.2,0,13.2,0.4],"texture":"#2"},"west":{"uv":[11.2,0.8,13.2,1.2],"texture":"#2"}}},{"from":[7.5,8.9,7.5],"to":[8.5,9.9,8.5],"rotation":{"angle":0,"axis":"y","origin":[7.5,7,7.5]},"faces":{"north":{"uv":[10.4,11.2,11.2,12],"texture":"#2"},"east":{"uv":[11.2,11.2,12,12],"texture":"#2"},"south":{"uv":[0,12,0.8,12.8],"texture":"#2"},"west":{"uv":[0.8,12,1.6,12.8],"texture":"#2"}}},{"from":[7.5,11.5,7.5],"to":[8.5,12.5,8.5],"rotation":{"angle":0,"axis":"y","origin":[7.5,5,7.5]},"faces":{"north":{"uv":[1.6,12,2.4,12.8],"texture":"#2"},"east":{"uv":[2.4,12,3.2,12.8],"texture":"#2"},"south":{"uv":[3.2,12,4,12.8],"texture":"#2"},"west":{"uv":[4,12,4.8,12.8],"texture":"#2"}}},{"from":[7.4,9.9,7.4],"to":[8.6,11.5,8.6],"rotation":{"angle":0,"axis":"y","origin":[7.5,7,7.5]},"faces":{"north":{"uv":[2.4,9.6,3.4,10.8],"texture":"#2"},"east":{"uv":[9.6,2.4,10.6,3.6],"texture":"#2"},"south":{"uv":[4,9.6,5,10.8],"texture":"#2"},"west":{"uv":[9.6,4,10.6,5.2],"texture":"#2"},"up":{"uv":[9.8,10.6,8.8,9.6],"texture":"#2"},"down":{"uv":[1,10.4,0,11.4],"texture":"#2"}}},{"from":[7.7325,14.41404,6.15173],"to":[8.2675,15.53404,6.81173],"rotation":{"angle":0,"axis":"x","origin":[8,16.09634,5.78459]},"faces":{"north":{"uv":[12.8,1.6,13.2,2.4],"texture":"#2"},"east":{"uv":[4.8,12,5.4,12.8],"texture":"#2"},"south":{"uv":[2.4,12.8,2.8,13.6],"texture":"#2"},"west":{"uv":[5.6,12,6.2,12.8],"texture":"#2"},"up":{"uv":[13.2,4.6,12.8,4],"texture":"#2"},"down":{"uv":[5.2,12.8,4.8,13.4],"texture":"#2"}}},{"from":[7.7325,15.18377,5.85836],"to":[8.2675,16.30377,6.51836],"rotation":{"angle":-22.5,"axis":"x","origin":[8,16.09634,5.78459]},"faces":{"north":{"uv":[12.8,2.4,13.2,3.2],"texture":"#2"},"east":{"uv":[6.4,12,7,12.8],"texture":"#2"},"south":{"uv":[3.2,12.8,3.6,13.6],"texture":"#2"},"west":{"uv":[12,6.4,12.6,7.2],"texture":"#2"},"up":{"uv":[13.2,5.4,12.8,4.8],"texture":"#2"},"down":{"uv":[6,12.8,5.6,13.4],"texture":"#2"}}},{"from":[7.7325,16.00717,5.88189],"to":[8.2675,16.92717,6.54189],"rotation":{"angle":-45,"axis":"x","origin":[8,16.09634,5.78459]},"faces":{"north":{"uv":[12.8,3.2,13.2,4],"texture":"#2"},"east":{"uv":[7.2,12,7.8,12.8],"texture":"#2"},"south":{"uv":[4,12.8,4.4,13.6],"texture":"#2"},"west":{"uv":[12,7.2,12.6,8],"texture":"#2"},"up":{"uv":[13.2,6.2,12.8,5.6],"texture":"#2"},"down":{"uv":[6.8,12.8,6.4,13.4],"texture":"#2"}}},{"from":[7.7325,16.25217,5.22189],"to":[8.2675,16.92717,5.88189],"rotation":{"angle":-45,"axis":"x","origin":[8,16.09634,5.78459]},"faces":{"north":{"uv":[12.8,6.4,13.2,7],"texture":"#2"},"east":{"uv":[0.8,12.8,1.4,13.4],"texture":"#2"},"south":{"uv":[7.2,12.8,7.6,13.4],"texture":"#2"},"west":{"uv":[1.6,12.8,2.2,13.4],"texture":"#2"},"up":{"uv":[13.2,7.8,12.8,7.2],"texture":"#2"},"down":{"uv":[8.4,12.8,8,13.4],"texture":"#2"}}},{"from":[8,13.9,3.9],"to":[8,20.9,6.9],"rotation":{"angle":-22.5,"axis":"x","origin":[8,16.09634,5.78459]},"faces":{"north":{"uv":[0,0,0,5.6],"texture":"#2"},"east":{"uv":[2.4,0,0,5.6],"texture":"#2"},"south":{"uv":[0,0,0,5.6],"texture":"#2"},"west":{"uv":[0,0,2.4,5.6],"texture":"#2"},"up":{"uv":[0,2.4,0,0],"texture":"#2"},"down":{"uv":[0,0,0,2.4],"texture":"#2"}}},{"from":[7.7325,15.18377,9.48164],"to":[8.2675,16.30377,10.14164],"rotation":{"angle":22.5,"axis":"x","origin":[8,16.09634,10.21541]},"faces":{"north":{"uv":[3.6,12.8,3.2,13.6],"texture":"#2"},"east":{"uv":[7,12,6.4,12.8],"texture":"#2"},"south":{"uv":[13.2,2.4,12.8,3.2],"texture":"#2"},"west":{"uv":[12.6,6.4,12,7.2],"texture":"#2"},"up":{"uv":[13.2,4.8,12.8,5.4],"texture":"#2"},"down":{"uv":[6,13.4,5.6,12.8],"texture":"#2"}}},{"from":[7.7325,16.00717,9.45811],"to":[8.2675,16.92717,10.11811],"rotation":{"angle":45,"axis":"x","origin":[8,16.09634,10.21541]},"faces":{"north":{"uv":[4.4,12.8,4,13.6],"texture":"#2"},"east":{"uv":[7.8,12,7.2,12.8],"texture":"#2"},"south":{"uv":[13.2,3.2,12.8,4],"texture":"#2"},"west":{"uv":[12.6,7.2,12,8],"texture":"#2"},"up":{"uv":[13.2,5.6,12.8,6.2],"texture":"#2"},"down":{"uv":[6.8,13.4,6.4,12.8],"texture":"#2"}}},{"from":[7.7325,16.25217,10.11811],"to":[8.2675,16.92717,10.77811],"rotation":{"angle":45,"axis":"x","origin":[8,16.09634,10.21541]},"faces":{"north":{"uv":[7.6,12.8,7.2,13.4],"texture":"#2"},"east":{"uv":[1.4,12.8,0.8,13.4],"texture":"#2"},"south":{"uv":[13.2,6.4,12.8,7],"texture":"#2"},"west":{"uv":[2.2,12.8,1.6,13.4],"texture":"#2"},"up":{"uv":[13.2,7.2,12.8,7.8],"texture":"#2"},"down":{"uv":[8.4,13.4,8,12.8],"texture":"#2"}}},{"from":[8,13.9,9.1],"to":[8,20.9,12.1],"rotation":{"angle":22.5,"axis":"x","origin":[8,16.09634,10.21541]},"faces":{"north":{"uv":[0,0,0,5.6],"texture":"#2"},"east":{"uv":[0,0,2.4,5.6],"texture":"#2"},"south":{"uv":[0,0,0,5.6],"texture":"#2"},"west":{"uv":[2.4,0,0,5.6],"texture":"#2"},"up":{"uv":[0,0,0,2.4],"texture":"#2"},"down":{"uv":[0,2.4,0,0],"texture":"#2"}}},{"from":[7.7325,14.41404,9.18827],"to":[8.2675,15.53404,9.84827],"rotation":{"angle":0,"axis":"x","origin":[8,16.09634,10.21541]},"faces":{"north":{"uv":[2.8,12.8,2.4,13.6],"texture":"#2"},"east":{"uv":[5.4,12,4.8,12.8],"texture":"#2"},"south":{"uv":[13.2,1.6,12.8,2.4],"texture":"#2"},"west":{"uv":[6.2,12,5.6,12.8],"texture":"#2"},"up":{"uv":[13.2,4,12.8,4.6],"texture":"#2"},"down":{"uv":[5.2,13.4,4.8,12.8],"texture":"#2"}}},{"from":[7.22,14.35237,9.88899],"to":[8.78,15.13237,12.28599],"rotation":{"angle":-22.5,"axis":"x","origin":[8,13.18237,11.44899]},"faces":{"north":{"uv":[12.4,4,11.2,4.6],"texture":"#2"},"east":{"uv":[10.8,8.8,8.8,9.4],"texture":"#2"},"south":{"uv":[5.2,11.2,4,11.8],"texture":"#2"},"west":{"uv":[2,9.6,0,10.2],"texture":"#2"},"up":{"uv":[6.8,1.6,5.6,3.6],"texture":"#2"},"down":{"uv":[6.8,6,5.6,4],"texture":"#2"}}},{"from":[7.376,13.79877,9.2225],"to":[8.624,14.18877,11.7785],"rotation":{"angle":-22.5,"axis":"x","origin":[8,13.99377,10.6265]},"faces":{"east":{"uv":[13.2,0,11.2,0.4],"texture":"#2"},"south":{"uv":[12.2,12,11.2,12.4],"texture":"#2"},"west":{"uv":[13.2,0.8,11.2,1.2],"texture":"#2"}}},{"from":[7.22,13.06363,9.29201],"to":[8.78,13.84363,12.10701],"rotation":{"angle":-22.5,"axis":"x","origin":[8,13.45363,10.85201]},"faces":{"north":{"uv":[12.4,3.2,11.2,3.8],"texture":"#2"},"east":{"uv":[11,1.6,8.8,2.2],"texture":"#2"},"south":{"uv":[12.4,2.4,11.2,3],"texture":"#2"},"west":{"uv":[4.6,8.8,2.4,9.4],"texture":"#2"},"up":{"uv":[3.6,4.8,2.4,7],"texture":"#2"},"down":{"uv":[5.2,7,4,4.8],"texture":"#2"}}},{"from":[6.82,16.82,6.82],"to":[9.18,19.18,9.18],"rotation":{"angle":-45,"axis":"x","origin":[8,18,8]},"faces":{"north":{"uv":[13.6,0,15.2,1.6],"texture":"#2"},"east":{"uv":[13.6,0,15.2,1.6],"texture":"#2"},"south":{"uv":[13.6,0,15.2,1.6],"texture":"#2"},"west":{"uv":[13.6,0,15.2,1.6],"texture":"#2"},"up":{"uv":[13.6,0,15.2,1.6],"texture":"#2"},"down":{"uv":[13.6,0,15.2,1.6],"texture":"#2"}}},{"from":[6.4424,16.4424,6.4424],"to":[9.5576,19.5576,9.5576],"rotation":{"angle":-45,"axis":"x","origin":[8,18,8]},"faces":{"north":{"uv":[0,0,11,11],"texture":"#1"},"east":{"uv":[0,0,11,11],"texture":"#1"},"south":{"uv":[0,0,11,11],"texture":"#1"},"west":{"uv":[0,0,11,11],"texture":"#1"},"up":{"uv":[11,0,0,11],"texture":"#1"},"down":{"uv":[0,0,11,11],"texture":"#1"}}}],"gui_light":"front","display":{"thirdperson_righthand":{"translation":[0,2.25,1.25]},"thirdperson_lefthand":{"translation":[0,2.25,1.25]},"firstperson_righthand":{"rotation":[-15,0,0],"translation":[0,2.75,0]},"firstperson_lefthand":{"rotation":[-15,0,0],"translation":[0,2.75,0]},"ground":{"translation":[0,7.25,0]},"gui":{"rotation":[90,-135,90],"translation":[-2.5,-2.5,0],"scale":[0.82031,0.82031,0.82031]},"head":{"scale":[0,0,0]},"fixed":{"rotation":[0,-90,0],"translation":[0,-1.75,-1.5],"scale":[2,2,2]}}}