{"credit":"MadewithBlockbench","texture_size":[64,64],"textures":{"1":"rankset:legend/cyber_shovel","particle":"rankset:legend/cyber_shovel"},"elements":[{"from":[6,-9,6],"to":[10,-5,10],"rotation":{"angle":0,"axis":"y","origin":[0,6,7]},"faces":{"north":{"uv":[6.25,0,7.25,1],"texture":"#1"},"east":{"uv":[6.25,1,7.25,2],"texture":"#1"},"south":{"uv":[6.25,2,7.25,3],"texture":"#1"},"west":{"uv":[6.25,3,7.25,4],"texture":"#1"},"up":{"uv":[7.25,5,6.25,4],"texture":"#1"},"down":{"uv":[7.25,5,6.25,6],"texture":"#1"}}},{"from":[7,-5,7],"to":[9,9,9],"rotation":{"angle":0,"axis":"y","origin":[0,4,7]},"faces":{"north":{"uv":[0,4.5,0.5,8],"texture":"#1"},"east":{"uv":[0.5,4.5,1,8],"texture":"#1"},"south":{"uv":[1,4.5,1.5,8],"texture":"#1"},"west":{"uv":[1.5,4.5,2,8],"texture":"#1"},"up":{"uv":[4.25,8.75,3.75,8.25],"texture":"#1"},"down":{"uv":[7.5,8.25,7,8.75],"texture":"#1"}}},{"from":[6.75,-3,6.75],"to":[9.25,6,9.25],"rotation":{"angle":0,"axis":"y","origin":[0,4,7]},"faces":{"north":{"uv":[2,4.5,2.75,6.75],"texture":"#1"},"east":{"uv":[2.75,4.5,3.5,6.75],"texture":"#1"},"south":{"uv":[3.5,4.5,4.25,6.75],"texture":"#1"},"west":{"uv":[4.25,4.5,5,6.75],"texture":"#1"},"up":{"uv":[5,8.5,4.25,7.75],"texture":"#1"},"down":{"uv":[2,8,1.25,8.75],"texture":"#1"}}},{"from":[6,9,6],"to":[10,13,10],"rotation":{"angle":0,"axis":"y","origin":[0,11,7]},"faces":{"north":{"uv":[6.25,6,7.25,7],"texture":"#1"},"east":{"uv":[2,6.75,3,7.75],"texture":"#1"},"south":{"uv":[3,6.75,4,7.75],"texture":"#1"},"west":{"uv":[4,6.75,5,7.75],"texture":"#1"},"up":{"uv":[6,8,5,7],"texture":"#1"},"down":{"uv":[7,7,6,8],"texture":"#1"}}},{"from":[6,7,6],"to":[10,8,10],"rotation":{"angle":0,"axis":"y","origin":[0,9,7]},"faces":{"north":{"uv":[8.5,2.25,9.5,2.5],"texture":"#1"},"east":{"uv":[8.5,2.5,9.5,2.75],"texture":"#1"},"south":{"uv":[8.5,2.75,9.5,3],"texture":"#1"},"west":{"uv":[8.5,3,9.5,3.25],"texture":"#1"},"up":{"uv":[8,8,7,7],"texture":"#1"},"down":{"uv":[8.25,0,7.25,1],"texture":"#1"}}},{"from":[5.5,12.2,7],"to":[10.5,17.2,9],"rotation":{"angle":0,"axis":"y","origin":[0,17.2,7]},"faces":{"north":{"uv":[5,4.5,6.25,5.75],"texture":"#1"},"east":{"uv":[2,7.75,2.5,9],"texture":"#1"},"south":{"uv":[5,5.75,6.25,7],"texture":"#1"},"west":{"uv":[2.5,7.75,3,9],"texture":"#1"},"up":{"uv":[4.25,8.25,3,7.75],"texture":"#1"},"down":{"uv":[1.25,8,0,8.5],"texture":"#1"}}},{"from":[3.5,11.2,7.45],"to":[12.5,20.2,8.55],"rotation":{"angle":0,"axis":"y","origin":[0,16.7,7]},"faces":{"north":{"uv":[0,0,2.25,2.25],"texture":"#1"},"east":{"uv":[5,8,5.25,10.25],"texture":"#1"},"south":{"uv":[0,2.25,2.25,4.5],"texture":"#1"},"west":{"uv":[5.25,8,5.5,10.25],"texture":"#1"},"up":{"uv":[7.75,8.25,5.5,8],"texture":"#1"},"down":{"uv":[10.25,7,8,7.25],"texture":"#1"}}},{"from":[6.32157,20.02843,7.475],"to":[9.67157,23.02843,8.525],"rotation":{"angle":0,"axis":"y","origin":[-3.82843,20.02843,7]},"faces":{"north":{"uv":[8,7.25,8.75,8],"texture":"#1"},"east":{"uv":[7.5,8.25,7.75,9],"texture":"#1"},"south":{"uv":[7.75,8,8.5,8.75],"texture":"#1"},"west":{"uv":[1,8.5,1.25,9.25],"texture":"#1"},"up":{"uv":[9.25,5,8.5,4.75],"texture":"#1"},"down":{"uv":[9.25,5,8.5,5.25],"texture":"#1"}}},{"from":[8.37868,19.90711,7.5],"to":[12.37868,21.90711,8.5],"rotation":{"angle":-45,"axis":"z","origin":[10.37868,20.90711,8]},"faces":{"north":{"uv":[0,8.5,1,9],"texture":"#1"},"east":{"uv":[4.75,8.5,5,9],"texture":"#1"},"south":{"uv":[8.5,0.75,9.5,1.25],"texture":"#1"},"west":{"uv":[8.5,5.25,8.75,5.75],"texture":"#1"},"up":{"uv":[9.5,3.5,8.5,3.25],"texture":"#1"},"down":{"uv":[9.5,3.5,8.5,3.75],"texture":"#1"}}},{"from":[3.62132,19.90711,7.5],"to":[7.62132,21.90711,8.5],"rotation":{"angle":45,"axis":"z","origin":[5.62132,20.90711,8]},"faces":{"north":{"uv":[8.5,1.25,9.5,1.75],"texture":"#1"},"east":{"uv":[8.5,5.75,8.75,6.25],"texture":"#1"},"south":{"uv":[8.5,1.75,9.5,2.25],"texture":"#1"},"west":{"uv":[8.5,6.25,8.75,6.75],"texture":"#1"},"up":{"uv":[9.5,4,8.5,3.75],"texture":"#1"},"down":{"uv":[9.5,4,8.5,4.25],"texture":"#1"}}},{"from":[1.93507,10.45775,6.5],"to":[6.93507,13.45775,9.5],"rotation":{"angle":-22.5,"axis":"z","origin":[3.18507,10.95775,8.5]},"faces":{"north":{"uv":[7.25,1,8.5,1.75],"texture":"#1"},"east":{"uv":[8.25,0,9,0.75],"texture":"#1"},"south":{"uv":[7.25,1.75,8.5,2.5],"texture":"#1"},"west":{"uv":[3,8.25,3.75,9],"texture":"#1"},"up":{"uv":[8.5,3.25,7.25,2.5],"texture":"#1"},"down":{"uv":[8.5,3.25,7.25,4],"texture":"#1"}}},{"from":[7,-10,7],"to":[9,-9,9],"rotation":{"angle":0,"axis":"y","origin":[0,6,7]},"faces":{"north":{"uv":[8.5,6.75,9,7],"texture":"#1"},"east":{"uv":[8.5,8,9,8.25],"texture":"#1"},"south":{"uv":[8.5,8.25,9,8.5],"texture":"#1"},"west":{"uv":[8.5,8.5,9,8.75],"texture":"#1"},"up":{"uv":[4.75,9,4.25,8.5],"texture":"#1"},"down":{"uv":[9,4.25,8.5,4.75],"texture":"#1"}}},{"from":[9.06493,10.45775,6.5],"to":[14.06493,13.45775,9.5],"rotation":{"angle":22.5,"axis":"z","origin":[12.81493,10.95775,8]},"faces":{"north":{"uv":[7.25,4,8.5,4.75],"texture":"#1"},"east":{"uv":[5.5,8.25,6.25,9],"texture":"#1"},"south":{"uv":[7.25,4.75,8.5,5.5],"texture":"#1"},"west":{"uv":[6.25,8.25,7,9],"texture":"#1"},"up":{"uv":[8.5,6.25,7.25,5.5],"texture":"#1"},"down":{"uv":[8.5,6.25,7.25,7],"texture":"#1"}}},{"from":[-0.81493,5.70775,8],"to":[7.18507,14.70775,8],"rotation":{"angle":-22.5,"axis":"z","origin":[3.18507,11.20775,8.5]},"faces":{"north":{"uv":[2.25,0,4.25,2.25],"texture":"#1"},"east":{"uv":[0,0,0,2.25],"texture":"#1"},"south":{"uv":[2.25,2.25,4.25,4.5],"texture":"#1"},"west":{"uv":[0,0,0,2.25],"texture":"#1"},"up":{"uv":[2,0,0,0],"texture":"#1"},"down":{"uv":[2,0,0,0],"texture":"#1"}}},{"from":[8.81493,5.70775,8],"to":[16.81493,14.70775,8],"rotation":{"angle":22.5,"axis":"z","origin":[12.81493,11.20775,8]},"faces":{"north":{"uv":[4.25,0,6.25,2.25],"texture":"#1"},"east":{"uv":[0,0,0,2.25],"texture":"#1"},"south":{"uv":[4.25,2.25,6.25,4.5],"texture":"#1"},"west":{"uv":[0,0,0,2.25],"texture":"#1"},"up":{"uv":[2,0,0,0],"texture":"#1"},"down":{"uv":[2,0,0,0],"texture":"#1"}}}],"gui_light":"front","display":{"thirdperson_righthand":{"rotation":[0,90,0],"translation":[0,3.5,2],"scale":[0.75,0.75,0.75]},"thirdperson_lefthand":{"rotation":[0,90,0],"translation":[0,3.5,2],"scale":[0.75,0.75,0.75]},"firstperson_righthand":{"rotation":[7.52,82.04,4.53],"translation":[1.5,2.25,0],"scale":[0.5,0.5,0.5]},"firstperson_lefthand":{"rotation":[7.52,-82.04,4.53],"translation":[1.5,2.25,0],"scale":[0.5,0.5,0.5]},"ground":{"rotation":[0,0,45],"translation":[0,4,0],"scale":[0.4,0.4,0.4]},"gui":{"rotation":[0,0,-45],"translation":[0.5,0.5,0],"scale":[0.6,0.6,0.6]},"fixed":{"rotation":[0,0,45],"translation":[-0.5,0.25,-0.5],"scale":[0.7,0.7,0.7]}}}